repo_id,full_name,language,month,commits,contributors,new_contributors,returning_contributors,pr_opened,pr_closed,pr_merged,issues_opened,issues_closed,is_partial_month,meaningful_activity,project_age_months,project_age_years,observation_month_index,commit_rate_6m,active_month_ratio_12m,commit_volatility_6m,zero_commit_streak,commit_trend_6m,avg_contributors_6m,contributor_volatility_6m,new_contributor_rate_6m,returning_contributor_rate_6m,contributor_zero_streak,contributor_trend_6m,avg_pr_opened_6m,avg_issues_opened_6m,pr_merge_rate_6m,pr_net_flow_6m,issue_net_flow_6m,pr_activity_trend_6m,issue_activity_trend_6m,collaboration_trend_6m,activity_total,activity_change_3m,inactivity_streak,longest_inactivity_gap
7905539,koral--/android-gif-drawable,Java,2013-01-01,5,2,2,0,0,0,0,0,0,False,True,0,0.0,1,5.0,1.0,0.0,0,,2.0,0.0,1.0,0.0,0,,0.0,0.0,,0.0,0.0,,,,7,,0,0
7905539,koral--/android-gif-drawable,Java,2013-02-01,4,2,1,1,0,0,0,0,0,False,True,1,0.08333333333333333,2,4.5,1.0,0.7071067811865476,0,,2.0,0.0,0.75,0.25,0,,0.0,0.0,,0.0,0.0,,,,6,,0,0
7905539,koral--/android-gif-drawable,Java,2013-03-01,1,1,0,1,0,0,0,0,0,False,True,2,0.16666666666666666,3,3.3333333333333335,1.0,2.0816659994661326,0,-2.0,1.6666666666666667,0.5773502691896258,0.6,0.4,0,-0.5000000000000001,0.0,0.0,,0.0,0.0,0.0,0.0,0.0,2,,0,0
7905539,koral--/android-gif-drawable,Java,2013-04-01,0,0,0,0,0,0,0,0,0,False,False,3,0.25,4,2.5,0.75,2.3804761428476167,1,-1.8,1.25,0.9574271077563381,0.6,0.4,1,-0.6999999999999998,0.0,0.0,,0.0,0.0,0.0,0.0,0.0,0,-1.0,1,1
7905539,koral--/android-gif-drawable,Java,2013-05-01,0,0,0,0,0,0,0,0,0,False,False,4,0.3333333333333333,5,2.0,0.6,2.345207879911715,2,-1.4000000000000004,1.0,1.0,0.6,0.4,2,-0.6000000000000001,0.0,0.0,,0.0,0.0,0.0,0.0,0.0,0,-1.0,2,2
7905539,koral--/android-gif-drawable,Java,2013-06-01,0,0,0,0,0,0,0,0,0,False,False,5,0.4166666666666667,6,1.6666666666666667,0.5,2.250925735484551,3,-1.0857142857142854,0.8333333333333334,0.983192080250175,0.6,0.4,3,-0.4857142857142854,0.0,0.0,,0.0,0.0,0.0,0.0,0.0,0,-1.0,3,3
7905539,koral--/android-gif-drawable,Java,2013-07-01,0,0,0,0,0,0,0,0,0,False,False,6,0.5,7,0.8333333333333334,0.42857142857142855,1.6020819787597222,4,-0.6571428571428568,0.5,0.8366600265340756,0.3333333333333333,0.6666666666666666,4,-0.37142857142857133,0.0,0.0,,0.0,0.0,0.0,0.0,0.0,0,0.0,4,4
7905539,koral--/android-gif-drawable,Java,2013-08-01,0,0,0,0,0,0,0,1,0,False,True,7,0.5833333333333334,8,0.16666666666666666,0.5,0.40824829046386363,5,-0.1428571428571428,0.16666666666666666,0.4082482904638632,0.0,1.0,5,-0.1428571428571428,0.0,0.16666666666666666,,0.0,1.0,0.0,0.14285714285714277,0.14285714285714277,1,,0,4
7905539,koral--/android-gif-drawable,Java,2013-09-01,19,2,1,1,0,0,0,2,2,False,True,8,0.6666666666666666,9,3.1666666666666665,0.5555555555555556,7.756717518813398,0,2.7142857142857135,0.3333333333333333,0.816496580927726,0.5,0.5,0,0.28571428571428553,0.0,0.5,,0.0,1.0,0.0,0.6571428571428569,0.6571428571428569,25,,0,4
7905539,koral--/android-gif-drawable,Java,2013-10-01,13,2,0,2,0,0,0,3,3,False,True,9,0.75,10,5.333333333333333,0.6,8.477420991472977,0,3.4857142857142853,0.6666666666666666,1.0327955589886446,0.25,0.75,0,0.457142857142857,0.0,1.0,,0.0,1.0,0.0,1.2285714285714284,1.2285714285714284,21,,0,4
7905539,koral--/android-gif-drawable,Java,2013-11-01,20,3,1,2,4,4,4,7,5,False,True,10,0.8333333333333334,11,8.666666666666666,0.6363636363636364,9.791152468768255,0,4.5142857142857125,1.1666666666666667,1.3291601358251257,0.2857142857142857,0.7142857142857143,0,0.6571428571428569,0.6666666666666666,2.1666666666666665,1.0,0.0,3.0,1.7142857142857137,2.3142857142857136,4.028571428571428,47,46.0,0,4
7905539,koral--/android-gif-drawable,Java,2013-12-01,18,1,0,1,0,0,0,7,8,False,True,11,0.9166666666666666,12,11.666666666666666,0.6666666666666666,9.352361555600098,0,4.114285714285714,1.3333333333333333,1.2110601416389968,0.25,0.75,0,0.39999999999999997,0.6666666666666666,3.3333333333333335,1.0,0.0,2.0,1.0285714285714287,3.1428571428571423,4.171428571428571,34,0.36,0,4
7905539,koral--/android-gif-drawable,Java,2014-01-01,7,1,0,1,0,0,0,4,3,False,True,12,1.0,13,12.833333333333334,0.6666666666666666,7.935153852740769,0,1.1142857142857134,1.5,1.0488088481701516,0.2222222222222222,0.7777777777777778,0,0.08571428571428559,0.6666666666666666,4.0,1.0,0.0,3.0,0.34285714285714275,1.9714285714285713,2.314285714285714,15,-0.2857142857142857,0,4
7905539,koral--/android-gif-drawable,Java,2014-02-01,17,1,0,1,0,0,0,10,9,False,True,13,1.0833333333333333,14,15.666666666666666,0.6666666666666666,4.88535225614967,0,-0.8571428571428579,1.6666666666666667,0.816496580927726,0.2,0.8,0,-0.28571428571428564,0.6666666666666666,5.5,1.0,0.0,3.0,-0.34285714285714275,2.3142857142857136,1.971428571428571,37,-0.2127659574468085,0,4
7905539,koral--/android-gif-drawable,Java,2014-03-01,24,2,1,1,0,0,0,9,7,False,True,14,1.1666666666666667,15,16.5,0.6666666666666666,5.890670590009257,0,0.9999999999999996,1.6666666666666667,0.816496580927726,0.2,0.8,0,-0.17142857142857143,0.6666666666666666,6.666666666666667,1.0,0.0,5.0,-1.0285714285714285,1.7999999999999994,0.7714285714285709,42,0.23529411764705882,0,4
7905539,koral--/android-gif-drawable,Java,2014-04-01,9,2,0,2,0,0,0,7,7,False,True,15,1.25,16,15.833333333333334,0.75,6.554896388705672,0,-0.7714285714285711,1.6666666666666667,0.816496580927726,0.2,0.8,0,-0.057142857142857086,0.6666666666666666,7.333333333333333,1.0,0.0,5.0,-1.7142857142857146,0.7142857142857147,-0.9999999999999996,25,0.6666666666666666,0,4
7905539,koral--/android-gif-drawable,Java,2014-05-01,17,3,1,2,2,2,1,4,3,False,True,16,1.3333333333333333,17,15.333333333333334,0.8333333333333334,6.282250127674531,0,0.22857142857142787,1.6666666666666667,0.816496580927726,0.2,0.8,0,0.3999999999999999,0.3333333333333333,6.833333333333333,0.5,0.0,4.0,0.714285714285714,-0.6285714285714283,0.0857142857142852,32,-0.13513513513513514,0,4
7905539,koral--/android-gif-drawable,Java,2014-06-01,5,1,0,1,1,0,0,4,4,False,True,17,1.4166666666666667,18,13.166666666666666,0.9166666666666666,7.332575718440736,0,-0.7142857142857137,1.6666666666666667,0.816496580927726,0.2,0.8,0,0.17142857142857124,0.5,6.333333333333333,0.5,1.0,5.0,0.5714285714285714,-0.9428571428571423,-0.3714285714285717,15,-0.6428571428571429,0,4
7905539,koral--/android-gif-drawable,Java,2014-07-01,8,2,0,2,0,1,0,9,4,False,True,18,1.5,19,13.333333333333334,1.0,7.174027227901123,0,-2.685714285714285,1.8333333333333333,0.752772652709081,0.18181818181818182,0.8181818181818182,0,0.08571428571428572,0.5,7.166666666666667,0.3333333333333333,0.0,9.0,0.37142857142857133,-1.7428571428571404,-1.3714285714285714,24,-0.04,0,4
7905539,koral--/android-gif-drawable,Java,2014-08-01,7,1,0,1,0,0,0,5,7,False,True,19,1.5833333333333333,20,11.666666666666666,1.0,7.312090444371339,0,-2.857142857142856,1.8333333333333333,0.752772652709081,0.18181818181818182,0.8181818181818182,0,-0.19999999999999973,0.5,6.333333333333333,0.3333333333333333,0.0,6.0,-0.028571428571428543,-0.6285714285714288,-0.6571428571428558,20,-0.375,0,4
7905539,koral--/android-gif-drawable,Java,2014-09-01,9,2,0,2,0,0,0,4,5,False,True,20,1.6666666666666667,21,9.166666666666666,1.0,4.11906138175515,0,-0.7714285714285719,1.8333333333333333,0.752772652709081,0.09090909090909091,0.9090909090909091,0,-0.14285714285714282,0.5,5.5,0.3333333333333333,0.0,3.0,-0.4285714285714285,-0.14285714285714338,-0.5714285714285713,20,0.3333333333333333,0,4
7905539,koral--/android-gif-drawable,Java,2014-10-01,31,1,0,1,0,0,0,10,8,False,True,21,1.75,22,12.833333333333334,1.0,9.806460455570432,0,2.3142857142857127,1.6666666666666667,0.816496580927726,0.1,0.9,0,-0.2285714285714285,0.5,6.0,0.3333333333333333,0.0,5.0,-0.8285714285714284,1.6285714285714283,0.8000000000000002,50,1.0833333333333333,0,4
7905539,koral--/android-gif-drawable,Java,2014-11-01,14,3,1,2,1,1,1,5,6,False,True,22,1.8333333333333333,23,12.333333333333334,1.0,9.626352718795767,0,3.3142857142857145,1.6666666666666667,0.816496580927726,0.1,0.9,0,0.2285714285714285,0.3333333333333333,6.166666666666667,0.5,0.0,3.0,0.19999999999999993,0.7714285714285715,0.9714285714285713,31,0.55,0,4
7905539,koral--/android-gif-drawable,Java,2014-12-01,24,2,0,2,0,0,0,9,6,False,True,23,1.9166666666666667,24,15.5,1.0,9.85393322486001,0,3.5142857142857142,1.8333333333333333,0.752772652709081,0.09090909090909091,0.9090909090909091,0,0.14285714285714277,0.16666666666666666,7.0,0.5,-1.0,6.0,0.11428571428571437,0.4571428571428569,0.5714285714285716,41,1.05,0,4
7905539,koral--/android-gif-drawable,Java,2015-01-01,14,3,1,2,1,1,1,7,7,False,True,24,2.0,25,16.5,1.0,9.224966124599048,0,1.7999999999999996,2.0,0.8944271909999159,0.16666666666666666,0.8333333333333334,0,0.3428571428571427,0.3333333333333333,6.666666666666667,1.0,0.0,1.0,0.514285714285714,0.6000000000000003,1.114285714285714,34,-0.32,0,4
7905539,koral--/android-gif-drawable,Java,2015-02-01,10,3,1,2,1,1,1,6,5,False,True,25,2.0833333333333335,26,17.0,1.0,8.67179335547152,0,-1.0285714285714291,2.3333333333333335,0.8164965809277261,0.21428571428571427,0.7857142857142857,0,0.2857142857142856,0.5,6.833333333333333,1.0,0.0,4.0,0.5999999999999998,0.05714285714285768,0.657142857142857,27,-0.12903225806451613,0,4
7905539,koral--/android-gif-drawable,Java,2015-03-01,80,3,1,2,1,1,0,17,19,False,True,26,2.1666666666666665,27,28.833333333333332,1.0,26.232930958371135,0,6.371428571428568,2.5,0.8366600265340758,0.26666666666666666,0.7333333333333333,0,0.31428571428571417,0.6666666666666666,9.0,0.75,0.0,3.0,0.37142857142857133,2.542857142857142,2.9142857142857133,121,1.951219512195122,0,4
7905539,koral--/android-gif-drawable,Java,2015-04-01,52,2,0,2,0,0,0,18,18,False,True,27,2.25,28,32.333333333333336,1.0,27.926092935938364,0,10.114285714285716,2.6666666666666665,0.5163977794943228,0.25,0.75,0,-0.057142857142857204,0.6666666666666666,10.333333333333334,0.75,0.0,1.0,-0.2571428571428571,5.285714285714286,5.0285714285714285,90,1.6470588235294117,0,4
7905539,koral--/android-gif-drawable,Java,2015-05-01,15,2,0,2,0,0,0,15,15,False,True,28,2.3333333333333335,29,32.5,1.0,27.797481900344856,0,3.9714285714285698,2.5,0.5477225575051664,0.2,0.8,0,-0.08571428571428581,0.5,12.0,0.6666666666666666,0.0,2.0,-0.2857142857142856,4.742857142857143,4.457142857142856,47,0.7407407407407407,0,4
7905539,koral--/android-gif-drawable,Java,2015-06-01,8,1,0,1,0,0,0,8,8,False,True,29,2.4166666666666665,30,29.833333333333332,1.0,29.491806771825065,0,-1.2285714285714289,2.3333333333333335,0.8164965809277259,0.21428571428571427,0.7857142857142857,0,-0.39999999999999986,0.5,11.833333333333334,0.6666666666666666,0.0,-1.0,-0.7428571428571425,1.914285714285714,1.171428571428572,25,-0.7933884297520661,0,4
7905539,koral--/android-gif-drawable,Java,2015-07-01,12,2,1,1,1,1,1,9,7,False,True,30,2.5,31,29.5,1.0,29.716998502540594,0,-6.942857142857139,2.1666666666666665,0.7527726527090804,0.23076923076923078,0.7692307692307693,0,-0.3142857142857143,0.5,12.166666666666666,0.6666666666666666,0.0,1.0,-0.17142857142857149,-1.1714285714285724,-1.3428571428571447,33,-0.6333333333333333,0,4
7905539,koral--/android-gif-drawable,Java,2015-08-01,8,1,0,1,0,0,0,8,5,False,True,31,2.5833333333333335,32,29.166666666666668,1.0,29.989442586794883,0,-13.914285714285713,1.8333333333333333,0.7527726527090798,0.18181818181818182,0.8181818181818182,0,-0.3142857142857141,0.3333333333333333,12.5,0.5,0.0,3.0,-0.02857142857142842,-5.400000000000001,-5.428571428571427,22,-0.5319148936170213,0,4
7905539,koral--/android-gif-drawable,Java,2015-09-01,12,2,0,2,0,0,0,7,8,False,True,32,2.6666666666666665,33,17.833333333333332,1.0,16.951892716350777,0,-6.199999999999997,1.6666666666666667,0.5163977794943199,0.1,0.9,0,-0.057142857142857086,0.16666666666666666,10.833333333333334,1.0,0.0,4.0,0.08571428571428569,-4.4571428571428555,-4.371428571428572,29,0.16,0,4
7905539,koral--/android-gif-drawable,Java,2015-10-01,12,1,0,1,2,2,0,13,14,False,True,33,2.75,34,11.166666666666666,1.0,2.7141603981096045,0,-0.19999999999999962,1.5,0.5477225575051634,0.1111111111111111,0.8888888888888888,0,-0.08571428571428577,0.5,10.0,0.3333333333333333,0.0,3.0,0.48571428571428554,-0.6000000000000012,-0.11428571428571441,44,0.3333333333333333,0,4
7905539,koral--/android-gif-drawable,Java,2015-11-01,16,1,0,1,0,0,0,6,6,False,True,34,2.8333333333333335,35,11.333333333333334,1.0,3.0110906108362943,0,1.2571428571428567,1.3333333333333333,0.5163977794943188,0.125,0.875,0,-0.05714285714285715,0.5,8.5,0.3333333333333333,0.0,3.0,0.08571428571428583,0.42857142857142894,0.5142857142857151,29,0.3181818181818182,0,4
7905539,koral--/android-gif-drawable,Java,2015-12-01,17,2,0,2,0,0,0,8,9,False,True,35,2.9166666666666665,36,12.833333333333334,1.0,3.250640962435948,0,1.4,1.5,0.5477225575051634,0.1111111111111111,0.8888888888888888,0,-0.028571428571428574,0.5,8.5,0.3333333333333333,0.0,2.0,-0.3142857142857143,0.3999999999999997,0.0857142857142852,36,0.2413793103448276,0,4
7905539,koral--/android-gif-drawable,Java,2016-01-01,33,3,1,2,1,1,1,14,11,False,True,36,3.0,37,16.333333333333332,1.0,8.77876225140347,0,4.114285714285712,1.6666666666666667,0.8164965809277245,0.1,0.9,0,0.2857142857142856,0.5,9.333333333333334,0.3333333333333333,0.0,3.0,0.31428571428571417,1.457142857142858,1.7714285714285711,64,0.45454545454545453,0,4
7905539,koral--/android-gif-drawable,Java,2016-02-01,15,1,0,1,0,0,0,2,5,False,True,37,3.0833333333333335,38,17.5,1.0,7.8676553051083715,0,2.257142857142857,1.6666666666666667,0.8164965809277245,0.1,0.9,0,0.057142857142857204,0.5,8.333333333333334,0.3333333333333333,0.0,-3.0,-0.08571428571428569,-1.1714285714285713,-1.2571428571428567,23,-0.20689655172413793,0,4
7905539,koral--/android-gif-drawable,Java,2016-03-01,22,2,1,1,1,1,1,8,8,False,True,38,3.1666666666666665,39,19.166666666666668,1.0,7.521081482517431,0,1.7999999999999983,1.6666666666666667,0.8164965809277245,0.2,0.8,0,0.17142857142857149,0.6666666666666666,8.5,0.5,0.0,-2.0,-0.057142857142857086,-1.7714285714285711,-1.828571428571428,43,0.19444444444444445,0,4
7905539,koral--/android-gif-drawable,Java,2016-04-01,25,4,2,2,3,3,2,23,14,False,True,39,3.25,40,21.333333333333332,1.0,6.889605697474033,0,1.199999999999999,2.1666666666666665,1.1690451944500118,0.3076923076923077,0.6923076923076923,0,0.37142857142857133,0.8333333333333334,10.166666666666666,0.8,0.0,8.0,1.3142857142857138,2.971428571428571,4.285714285714284,74,0.15625,0,4
7905539,koral--/android-gif-drawable,Java,2016-05-01,23,1,0,1,0,0,0,17,20,False,True,40,3.3333333333333335,41,22.5,1.0,6.379655163094633,0,0.37142857142857194,2.1666666666666665,1.1690451944500118,0.3076923076923077,0.6923076923076923,0,-0.028571428571428244,0.8333333333333334,12.0,0.8,0.0,5.0,0.5142857142857143,4.1428571428571415,4.657142857142856,61,1.6521739130434783,0,4
7905539,koral--/android-gif-drawable,Java,2016-06-01,17,2,0,2,0,0,0,8,11,False,True,41,3.4166666666666665,42,22.5,1.0,6.379655163094633,0,-1.514285714285714,2.1666666666666665,1.1690451944500118,0.3076923076923077,0.6923076923076923,0,-0.0857142857142855,0.8333333333333334,12.0,0.8,0.0,3.0,-0.2857142857142857,2.3142857142857145,2.0285714285714302,38,-0.11627906976744186,0,4
7905539,koral--/android-gif-drawable,Java,2016-07-01,16,2,1,1,0,0,0,7,4,False,True,42,3.5,43,19.666666666666668,1.0,4.179314138308652,0,-0.3428571428571437,2.0,1.0954451150103317,0.3333333333333333,0.6666666666666666,0,0.057142857142857086,0.6666666666666666,10.833333333333334,0.75,0.0,3.0,-0.48571428571428565,0.8285714285714286,0.34285714285714225,29,-0.6081081081081081,0,4
7905539,koral--/android-gif-drawable,Java,2016-08-01,22,2,0,2,0,0,0,16,15,False,True,43,3.5833333333333335,44,20.833333333333332,1.0,3.544949458972106,0,-0.9428571428571416,2.1666666666666665,0.9831920802501747,0.3076923076923077,0.6923076923076923,0,-0.14285714285714282,0.6666666666666666,13.166666666666666,0.75,0.0,7.0,-1.1142857142857139,-0.6000000000000008,-1.7142857142857133,55,-0.09836065573770492,0,4
7905539,koral--/android-gif-drawable,Java,2016-09-01,27,2,0,2,0,0,0,10,7,False,True,44,3.6666666666666665,45,21.666666666666668,1.0,4.366539438350081,0,0.17142857142856946,2.1666666666666665,0.9831920802501748,0.23076923076923078,0.7692307692307693,0,-0.19999999999999984,0.5,13.5,0.6666666666666666,0.0,10.0,-1.1428571428571423,-3.599999999999998,-4.742857142857138,46,0.21052631578947367,0,4
7905539,koral--/android-gif-drawable,Java,2016-10-01,20,1,0,1,0,0,0,9,11,False,True,45,3.75,46,20.833333333333332,1.0,4.070217029430571,0,0.6000000000000012,1.6666666666666667,0.5163977794943199,0.1,0.9,0,0.0,0.0,11.166666666666666,,0.0,-1.0,0.0,-2.028571428571428,-2.028571428571428,41,0.41379310344827586,0,4
7905539,koral--/android-gif-drawable,Java,2016-11-01,38,1,0,1,0,0,0,7,9,False,True,46,3.8333333333333335,47,23.333333333333332,1.0,8.189424074174367,0,3.4857142857142853,1.6666666666666667,0.5163977794943199,0.1,0.9,0,-0.2285714285714285,0.0,9.5,,0.0,0.0,0.0,-0.05714285714285601,-0.05714285714285601,55,0.0,0,4
7905539,koral--/android-gif-drawable,Java,2016-12-01,4,1,0,1,0,0,0,6,4,False,True,47,3.9166666666666665,48,21.166666666666668,1.0,11.321071798494462,0,-0.5428571428571424,1.5,0.5477225575051634,0.1111111111111111,0.8888888888888888,0,-0.257142857142857,0.0,9.166666666666666,,0.0,5.0,0.0,-1.342857142857144,-1.342857142857144,15,-0.6739130434782609,0,4
7905539,koral--/android-gif-drawable,Java,2017-01-01,40,3,1,2,1,1,1,12,13,False,True,48,4.0,49,25.166666666666668,1.0,13.212367943206347,0,1.114285714285713,1.6666666666666667,0.8164965809277245,0.1,0.9,0,0.057142857142857176,0.16666666666666666,10.0,1.0,0.0,1.0,0.42857142857142844,-1.571428571428572,-1.1428571428571437,71,0.7317073170731707,0,4
7905539,koral--/android-gif-drawable,Java,2017-02-01,19,1,0,1,0,0,0,6,4,False,True,49,4.083333333333333,50,24.666666666666668,1.0,13.411437904515187,0,-0.40000000000000163,1.5,0.8366600265340737,0.1111111111111111,0.8888888888888888,0,0.028571428571428574,0.16666666666666666,8.333333333333334,1.0,0.0,2.0,0.2571428571428572,-0.742857142857142,-0.4857142857142854,30,-0.45454545454545453,0,4
7905539,koral--/android-gif-drawable,Java,2017-03-01,24,4,2,2,3,3,2,6,5,False,True,50,4.166666666666667,51,24.166666666666668,1.0,13.3628839202721,0,-0.028571428571429202,1.8333333333333333,1.3291601358251248,0.2727272727272727,0.7272727272727273,0,0.48571428571428554,0.6666666666666666,7.666666666666667,0.75,0.0,0.0,1.2285714285714282,-1.3714285714285719,-0.14285714285714218,47,2.1333333333333333,0,4
7905539,koral--/android-gif-drawable,Java,2017-04-01,17,2,0,2,7,7,6,3,6,False,True,51,4.25,52,23.666666666666668,1.0,13.603921003397023,0,-1.885714285714285,2.0,1.264911064067351,0.25,0.75,0,0.34285714285714275,1.8333333333333333,6.666666666666667,0.8181818181818182,0.0,-1.0,3.4571428571428555,-1.3428571428571423,2.114285714285714,48,-0.323943661971831,0,4
7905539,koral--/android-gif-drawable,Java,2017-05-01,17,1,0,1,2,2,1,6,6,False,True,52,4.333333333333333,53,20.166666666666668,1.0,11.754431788336966,0,0.02857142857142968,2.0,1.264911064067351,0.25,0.75,0,-1.1976195368092883e-16,2.1666666666666665,6.5,0.7692307692307693,0.0,1.0,2.4,-1.0571428571428576,1.3428571428571439,35,0.16666666666666666,0,4
7905539,koral--/android-gif-drawable,Java,2017-06-01,12,1,0,1,1,1,1,4,4,False,True,53,4.416666666666667,54,21.5,1.0,9.853933224860008,0,-4.371428571428572,2.0,1.264911064067351,0.25,0.75,0,-0.34285714285714275,2.3333333333333335,6.166666666666667,0.7857142857142857,0.0,-1.0,0.7714285714285711,-2.3142857142857145,-1.5428571428571418,24,-0.48936170212765956,0,4
7905539,koral--/android-gif-drawable,Java,2017-07-01,5,2,1,1,3,3,2,6,3,False,True,54,4.5,55,15.666666666666666,1.0,6.50128192487193,0,-3.028571428571428,1.8333333333333333,1.169045194450011,0.2727272727272727,0.7272727272727273,0,-0.1428571428571429,2.6666666666666665,5.166666666666667,0.75,0.0,3.0,0.28571428571428553,-0.3142857142857138,-0.028571428571429202,24,-0.5,0,4
7905539,koral--/android-gif-drawable,Java,2017-08-01,32,2,1,1,10,10,9,7,9,False,True,55,4.583333333333333,56,17.833333333333332,1.0,9.368386556214817,0,-0.028571428571429202,2.0,1.0954451150103315,0.3333333333333333,0.6666666666666666,0,-0.2857142857142856,4.333333333333333,5.333333333333333,0.8076923076923077,0.0,-1.0,1.9142857142857133,0.5999999999999989,2.5142857142857133,79,1.2571428571428571,0,4
7905539,koral--/android-gif-drawable,Java,2017-09-01,2,1,0,1,3,3,2,8,6,False,True,56,4.666666666666667,57,14.166666666666666,1.0,10.684880283216392,0,-1.057142857142856,1.5,0.5477225575051625,0.2222222222222222,0.7777777777777778,0,-0.028571428571428574,4.333333333333333,5.666666666666667,0.8076923076923077,0.0,0.0,0.4857142857142866,1.0857142857142852,1.571428571428573,25,0.041666666666666664,0,4
7905539,koral--/android-gif-drawable,Java,2017-10-01,0,0,0,0,1,1,0,8,6,False,True,57,4.75,58,11.333333333333334,1.0,11.961047891663435,1,-2.514285714285715,1.1666666666666667,0.7527726527090774,0.2857142857142857,0.7142857142857143,1,-0.14285714285714285,3.3333333333333335,6.5,0.75,0.0,5.0,0.5999999999999995,0.9999999999999993,1.5999999999999996,16,-0.3333333333333333,0,4
7905539,koral--/android-gif-drawable,Java,2017-11-01,8,1,0,1,6,6,5,8,9,False,True,58,4.833333333333333,59,9.833333333333334,1.0,11.66904737614285,0,-1.8571428571428572,1.1666666666666667,0.7527726527090774,0.2857142857142857,0.7142857142857143,0,-0.20000000000000004,4.0,6.833333333333333,0.7916666666666666,0.0,4.0,0.8857142857142852,1.6571428571428568,2.5428571428571387,43,-0.45569620253164556,0,4
7905539,koral--/android-gif-drawable,Java,2017-12-01,15,1,0,1,8,8,6,9,9,False,True,59,4.916666666666667,60,10.333333333333334,1.0,11.843422928641294,0,-0.6857142857142853,1.1666666666666667,0.7527726527090774,0.2857142857142857,0.7142857142857143,0,-0.25714285714285695,5.166666666666667,7.666666666666667,0.7741935483870968,0.0,4.0,0.7999999999999987,1.371428571428571,2.1714285714285717,56,1.24,0,4
7905539,koral--/android-gif-drawable,Java,2018-01-01,4,1,0,1,1,1,1,4,4,False,True,60,5.0,61,10.166666666666666,1.0,11.94012841918655,0,-2.6571428571428557,1.0,0.6324555320336711,0.16666666666666666,0.8333333333333334,0,-0.11428571428571432,4.833333333333333,7.333333333333333,0.7931034482758621,0.0,1.0,-2.085714285714284,-0.7142857142857123,-2.7999999999999985,16,0.0,0,4
7905539,koral--/android-gif-drawable,Java,2018-02-01,16,1,0,1,6,6,5,6,4,False,True,61,5.083333333333333,62,7.5,1.0,6.7453687816159915,0,2.542857142857142,0.8333333333333334,0.40824829046385475,0.0,1.0,0,0.08571428571428569,4.166666666666667,7.166666666666667,0.76,0.0,5.0,1.5142857142857136,-1.0571428571428565,0.4571428571428572,44,0.023255813953488372,0,4
7905539,koral--/android-gif-drawable,Java,2018-03-01,13,1,0,1,5,5,5,7,7,False,True,62,5.166666666666667,63,9.333333333333334,1.0,6.43946167522304,0,2.2285714285714278,0.8333333333333334,0.40824829046385475,0.0,1.0,0,0.14285714285714277,4.5,7.0,0.8148148148148148,0.0,3.0,1.3142857142857138,-0.8857142857142847,0.4285714285714294,43,-0.23214285714285715,0,4
7905539,koral--/android-gif-drawable,Java,2018-04-01,10,1,0,1,3,3,3,10,10,False,True,63,5.25,64,11.0,1.0,4.560701700396517,0,0.4571428571428562,1.0,0.0,0.0,1.0,0,-1.1976195368092883e-16,4.833333333333333,7.333333333333333,0.8620689655172413,0.0,1.0,-1.3428571428571423,0.14285714285714218,-1.1999999999999995,40,1.5,0,4
7905539,koral--/android-gif-drawable,Java,2018-05-01,8,1,0,1,3,2,2,7,6,False,True,64,5.333333333333333,65,11.0,1.0,4.560701700396517,0,-0.5714285714285711,1.0,0.0,0.0,1.0,0,-1.1976195368092883e-16,4.333333333333333,7.166666666666667,0.88,1.0,3.0,-1.6857142857142848,0.4285714285714275,-1.2571428571428576,29,-0.3409090909090909,0,4
7905539,koral--/android-gif-drawable,Java,2018-06-01,12,1,0,1,0,0,0,3,3,False,True,65,5.416666666666667,66,10.5,1.0,4.183300132670339,0,0.3714285714285712,1.0,0.0,0.0,1.0,0,-1.1976195368092883e-16,3.0,6.166666666666667,0.9411764705882353,1.0,3.0,-1.4571428571428562,0.1428571428571429,-1.3142857142857136,19,-0.5581395348837209,0,4
7905539,koral--/android-gif-drawable,Java,2018-07-01,46,1,0,1,7,8,7,13,13,False,True,66,5.5,67,17.5,1.0,14.223220451079277,0,4.1428571428571415,1.0,0.0,0.0,1.0,0,-1.1976195368092883e-16,4.0,7.666666666666667,0.9166666666666666,0.0,3.0,-0.6285714285714298,1.4,0.7714285714285707,95,1.375,0,4
7905539,koral--/android-gif-drawable,Java,2018-08-01,2,1,0,1,3,2,1,5,6,False,True,67,5.583333333333333,68,15.166666666666666,1.0,15.60021367375032,0,1.6285714285714288,1.0,0.0,0.0,1.0,0,-1.1976195368092883e-16,3.5,7.5,0.9,1.0,0.0,-0.3714285714285715,-0.11428571428571394,-0.48571428571428205,20,-0.3103448275862069,0,4
7905539,koral--/android-gif-drawable,Java,2018-09-01,5,1,0,1,1,1,1,10,12,False,True,68,5.666666666666667,69,13.833333333333334,1.0,16.154462747695028,0,-0.25714285714285656,1.0,0.0,0.0,1.0,0,-1.1976195368092883e-16,2.8333333333333335,8.0,0.875,1.0,-2.0,-0.3142857142857152,0.6857142857142853,0.3714285714285715,31,0.631578947368421,0,4
7905539,koral--/android-gif-drawable,Java,2018-10-01,4,1,0,1,1,2,2,11,8,False,True,69,5.75,70,12.833333333333334,1.0,16.61826304601857,0,-2.4285714285714275,1.0,0.0,0.0,1.0,0,-1.1976195368092883e-16,2.5,8.166666666666666,0.8666666666666667,0.0,1.0,-0.48571428571428515,1.7999999999999994,1.3142857142857125,29,-0.6947368421052632,0,4
7905539,koral--/android-gif-drawable,Java,2018-11-01,18,1,0,1,7,7,6,6,6,False,True,70,5.833333333333333,71,14.5,1.0,16.53783540854122,0,-2.6571428571428597,1.0,0.0,0.0,1.0,0,-1.1976195368092883e-16,3.1666666666666665,8.0,0.85,-1.0,0.0,1.3142857142857138,0.5714285714285723,1.885714285714285,51,1.55,0,4
7905539,koral--/android-gif-drawable,Java,2018-12-01,0,0,0,0,0,0,0,9,9,False,True,71,5.916666666666667,72,12.5,1.0,17.59261208575917,1,-5.228571428571429,0.8333333333333334,0.40824829046385475,0.0,1.0,1,-0.14285714285714282,3.1666666666666665,9.0,0.85,-1.0,0.0,-1.885714285714284,-1.1428571428571426,-3.028571428571427,18,-0.41935483870967744,0,4
7905539,koral--/android-gif-drawable,Java,2019-01-01,0,0,0,0,0,0,0,6,5,False,True,72,6.0,73,4.833333333333333,1.0,6.765106552499098,2,-0.3142857142857143,0.6666666666666666,0.5163977794943151,0.0,1.0,2,-0.22857142857142854,2.0,7.833333333333333,0.8333333333333334,0.0,1.0,-0.6857142857142854,-0.5428571428571424,-1.2285714285714293,11,-0.6206896551724138,0,4
7905539,koral--/android-gif-drawable,Java,2019-02-01,0,0,0,0,0,0,0,1,0,False,True,73,6.083333333333333,74,4.5,1.0,6.978538528947129,3,-1.5714285714285712,0.5,0.5477225575051587,0.0,1.0,3,-0.2571428571428571,1.5,7.166666666666667,0.9,-1.0,3.0,-1.4285714285714282,-3.514285714285715,-4.942857142857141,1,-0.9803921568627451,0,4
7905539,koral--/android-gif-drawable,Java,2019-03-01,12,1,0,1,1,0,0,3,3,False,True,74,6.166666666666667,75,5.666666666666667,1.0,7.633260552782555,0,-0.39999999999999986,0.5,0.5477225575051587,0.0,1.0,0,-0.08571428571428572,1.5,6.0,0.8888888888888888,0.0,5.0,-2.285714285714285,-3.0,-5.2857142857142865,20,0.1111111111111111,0,4
7905539,koral--/android-gif-drawable,Java,2019-04-01,12,3,2,1,3,3,3,15,12,False,True,75,6.25,76,7.0,1.0,7.974960814950729,0,0.17142857142857137,0.8333333333333334,1.1690451944500093,0.4,0.6,0,0.3714285714285713,1.8333333333333333,6.666666666666667,0.9,1.0,5.0,-1.4857142857142853,0.8285714285714276,-0.6571428571428573,51,3.6363636363636362,0,4
7905539,koral--/android-gif-drawable,Java,2019-05-01,2,1,0,1,0,0,0,5,2,False,True,76,6.333333333333333,77,4.333333333333333,1.0,5.9888785817268175,0,1.6571428571428568,0.8333333333333334,1.1690451944500093,0.4,0.6,0,0.42857142857142844,0.6666666666666666,6.5,1.0,1.0,8.0,0.8,-0.057142857142856725,0.7428571428571434,10,9.0,0,4
7905539,koral--/android-gif-drawable,Java,2019-06-01,4,1,0,1,0,1,1,2,3,False,True,77,6.416666666666667,78,5.0,1.0,5.6213877290220395,0,0.7428571428571424,1.0,1.0954451150103295,0.3333333333333333,0.6666666666666666,0,0.28571428571428564,0.6666666666666666,5.333333333333333,1.0,0.0,7.0,0.514285714285714,0.25714285714285706,0.7714285714285707,12,-0.4,0,4
7905539,koral--/android-gif-drawable,Java,2019-07-01,0,0,0,0,1,0,0,6,4,False,True,78,6.5,79,5.0,1.0,5.6213877290220395,1,-0.9714285714285709,1.0,1.0954451150103295,0.3333333333333333,0.6666666666666666,1,-0.057142857142857176,0.8333333333333334,5.333333333333333,1.0,1.0,8.0,-0.028571428571428602,0.6285714285714286,0.5999999999999998,11,-0.7843137254901961,0,4
7905539,koral--/android-gif-drawable,Java,2019-08-01,30,3,2,1,3,3,3,8,8,False,True,79,6.583333333333333,80,10.0,1.0,11.027239001672163,0,1.5999999999999996,1.5,1.2247448713915874,0.4444444444444444,0.5555555555555556,0,0.02857142857142851,1.3333333333333333,6.5,1.0,1.0,7.0,0.5142857142857143,-0.08571428571428497,0.42857142857142794,58,4.8,0,4
7905539,koral--/android-gif-drawable,Java,2019-09-01,11,1,0,1,4,5,5,4,4,False,True,80,6.666666666666667,81,9.833333333333334,1.0,10.99848474412118,0,2.1428571428571432,1.5,1.2247448713915874,0.4444444444444444,0.5555555555555556,0,-0.14285714285714285,1.8333333333333333,6.666666666666667,1.0,-1.0,7.0,1.457142857142857,-1.799999999999999,-0.34285714285714275,34,1.8333333333333333,0,4
7905539,koral--/android-gif-drawable,Java,2019-10-01,3,3,2,1,3,2,2,12,12,False,True,81,6.75,82,8.333333333333334,1.0,11.254628677422739,0,1.5999999999999999,1.5,1.2247448713915874,0.4444444444444444,0.5555555555555556,0,0.3714285714285713,1.8333333333333333,6.166666666666667,1.0,0.0,4.0,2.257142857142857,2.8571428571428563,5.114285714285714,37,2.3636363636363638,0,4
7905539,koral--/android-gif-drawable,Java,2019-11-01,3,2,0,2,2,2,2,4,4,False,True,82,6.833333333333333,83,8.5,1.0,11.14899098573497,0,-0.42857142857142866,1.6666666666666667,1.2110601416389954,0.4,0.6,0,0.34285714285714286,2.1666666666666665,6.0,1.0,0.0,1.0,1.2285714285714278,1.3999999999999986,2.6285714285714272,19,-0.6724137931034483,0,4
7905539,koral--/android-gif-drawable,Java,2019-12-01,3,1,0,1,1,2,2,5,9,False,True,83,6.916666666666667,84,8.333333333333334,1.0,11.236844159579071,0,-2.114285714285713,1.6666666666666667,1.2110601416389954,0.4,0.6,0,0.11428571428571432,2.3333333333333335,6.5,1.0,0.0,-2.0,0.11428571428571381,0.34285714285714275,0.4571428571428567,23,-0.3235294117647059,0,4
7905539,koral--/android-gif-drawable,Java,2020-01-01,0,0,0,0,0,0,0,3,2,False,True,84,7.0,85,8.333333333333334,1.0,11.236844159579071,1,-4.9714285714285715,1.6666666666666667,1.2110601416389954,0.4,0.6,1,-0.457142857142857,2.1666666666666665,6.0,1.0,-1.0,-3.0,-2.085714285714286,-1.5142857142857147,-3.599999999999999,5,-0.8648648648648649,0,4
7905539,koral--/android-gif-drawable,Java,2020-02-01,1,1,0,1,1,1,0,3,4,False,True,85,7.083333333333333,86,3.5,1.0,3.8858718455450236,0,-1.6857142857142855,1.3333333333333333,1.0327955589886422,0.25,0.75,0,-0.2857142857142857,1.8333333333333333,5.166666666666667,0.9166666666666666,-1.0,-4.0,-2.3428571428571416,-1.6000000000000005,-3.9428571428571417,11,-0.42105263157894735,0,4
7905539,koral--/android-gif-drawable,Java,2020-03-01,0,0,0,0,0,0,0,2,0,False,True,86,7.166666666666667,87,1.6666666666666667,1.0,1.505545305417977,1,-0.6857142857142853,1.1666666666666667,1.1690451944500098,0.2857142857142857,0.7142857142857143,1,-0.5428571428571426,1.1666666666666667,4.833333333333333,0.8571428571428571,0.0,-2.0,-1.485714285714285,-3.4857142857142844,-4.971428571428571,2,-0.9130434782608695,0,4
7905539,koral--/android-gif-drawable,Java,2020-04-01,3,1,0,1,1,1,1,4,1,False,True,87,7.25,88,1.6666666666666667,1.0,1.505545305417977,0,-0.22857142857142865,0.8333333333333334,0.7527726527090767,0.0,1.0,0,-0.20000000000000004,0.8333333333333334,3.5,0.8333333333333334,-1.0,1.0,-0.8,-1.4000000000000001,-2.1999999999999997,12,1.4,0,4
7905539,koral--/android-gif-drawable,Java,2020-05-01,4,2,1,1,2,2,2,1,0,False,True,88,7.333333333333333,89,1.8333333333333333,1.0,1.7224014243683479,0,0.37142857142857133,0.8333333333333334,0.7527726527090767,0.2,0.8,0,0.19999999999999998,0.8333333333333334,3.0,0.8333333333333334,-1.0,2.0,0.3428571428571428,-2.0,-1.6571428571428568,13,0.18181818181818182,0,4
7905539,koral--/android-gif-drawable,Java,2020-06-01,0,0,0,0,0,0,0,2,1,False,True,89,7.416666666666667,90,1.3333333333333333,1.0,1.7511900715416648,1,0.3428571428571428,0.6666666666666666,0.8164965809277217,0.25,0.75,1,0.1142857142857143,0.6666666666666666,2.5,0.75,0.0,7.0,0.42857142857142855,-0.7142857142857144,-0.2857142857142858,3,0.5,0,4
7905539,koral--/android-gif-drawable,Java,2020-07-01,0,0,0,0,0,0,0,2,2,False,True,90,7.5,91,1.3333333333333333,1.0,1.7511900715416648,2,-0.11428571428571423,0.6666666666666666,0.8164965809277217,0.25,0.75,2,-0.1142857142857143,0.6666666666666666,2.3333333333333335,0.75,0.0,6.0,-0.20000000000000004,-0.4571428571428569,-0.6571428571428569,4,-0.6666666666666666,0,4
7905539,koral--/android-gif-drawable,Java,2020-08-01,2,2,1,1,1,1,1,5,1,False,True,91,7.583333333333333,92,1.5,1.0,1.7606816861657415,0,-0.08571428571428577,0.8333333333333334,0.9831920802501718,0.4,0.6,0,0.14285714285714277,0.6666666666666666,2.6666666666666665,1.0,0.0,11.0,-1.1976195368092883e-16,0.5428571428571427,0.5428571428571426,13,0.0,0,4
7905539,koral--/android-gif-drawable,Java,2020-09-01,0,0,0,0,1,0,0,2,4,False,True,92,7.666666666666667,93,1.5,1.0,1.7606816861657415,1,-0.5999999999999998,0.8333333333333334,0.9831920802501718,0.4,0.6,1,-0.14285714285714274,0.8333333333333334,2.6666666666666665,1.0,1.0,7.0,-0.5428571428571428,0.6,0.057142857142857204,7,1.3333333333333333,0,4
7905539,koral--/android-gif-drawable,Java,2020-10-01,1,1,0,1,0,1,1,1,6,False,True,93,7.75,94,1.1666666666666667,1.0,1.6020819787595444,0,-0.3714285714285715,0.8333333333333334,0.9831920802501718,0.4,0.6,0,-0.08571428571428569,0.6666666666666666,2.1666666666666665,1.0,0.0,-1.0,-0.4000000000000001,1.171428571428571,0.7714285714285714,11,1.75,0,4
7905539,koral--/android-gif-drawable,Java,2020-11-01,0,0,0,0,1,1,0,0,0,False,True,94,7.833333333333333,95,0.5,1.0,0.8366600265337252,1,0.028571428571428574,0.5,0.8366600265340709,0.3333333333333333,0.6666666666666666,1,0.028571428571428574,0.5,2.0,0.6666666666666666,0.0,-2.0,0.39999999999999986,-0.17142857142857112,0.22857142857142881,2,-0.8461538461538461,0,4
7905539,koral--/android-gif-drawable,Java,2020-12-01,0,0,0,0,0,0,0,3,2,False,True,95,7.916666666666667,96,0.5,1.0,0.8366600265337252,2,-0.14285714285714282,0.5,0.8366600265340709,0.3333333333333333,0.6666666666666666,2,-0.14285714285714282,0.5,2.1666666666666665,0.6666666666666666,0.0,-2.0,-0.057142857142857086,-0.34285714285714236,-0.4000000000000003,5,-0.2857142857142857,0,4
7905539,koral--/android-gif-drawable,Java,2021-01-01,0,0,0,0,0,0,0,2,3,False,True,96,8.0,97,0.5,1.0,0.8366600265337252,3,-0.31428571428571417,0.5,0.8366600265340709,0.3333333333333333,0.6666666666666666,3,-0.31428571428571417,0.5,2.1666666666666665,0.6666666666666666,0.0,-3.0,-0.5142857142857142,-0.42857142857142844,-0.9428571428571425,5,-0.5454545454545454,0,4
7905539,koral--/android-gif-drawable,Java,2021-02-01,3,2,0,2,0,0,0,4,1,False,True,97,8.083333333333334,98,0.6666666666666666,1.0,1.2110601416387563,0,0.34285714285714275,0.5,0.8366600265340709,0.0,1.0,0,0.19999999999999993,0.3333333333333333,2.0,0.5,0.0,-4.0,-0.37142857142857133,-0.171428571428571,-0.5428571428571428,10,4.0,0,4
7905539,koral--/android-gif-drawable,Java,2021-03-01,2,2,1,1,1,1,1,2,1,False,True,98,8.166666666666666,99,1.0,1.0,1.2649110640671248,0,0.4000000000000001,0.8333333333333334,0.9831920802501718,0.2,0.8,0,0.3142857142857143,0.3333333333333333,2.0,0.6666666666666666,-1.0,-1.0,-0.028571428571428692,-0.14285714285714302,-0.17142857142857112,10,1.0,0,4
7905539,koral--/android-gif-drawable,Java,2021-04-01,0,0,0,0,0,0,0,1,1,False,True,99,8.25,100,0.8333333333333334,1.0,1.329160135824908,1,0.2571428571428571,0.6666666666666666,1.032795558988641,0.25,0.75,1,0.2285714285714286,0.3333333333333333,2.0,0.5,0.0,4.0,-0.02857142857142842,0.11428571428571441,0.08571428571428556,2,-0.6,0,4
7905539,koral--/android-gif-drawable,Java,2021-05-01,0,0,0,0,0,0,0,0,1,False,True,100,8.333333333333334,101,0.8333333333333334,1.0,1.329160135824908,2,-0.028571428571428543,0.6666666666666666,1.032795558988641,0.25,0.75,2,-2.994048842023221e-17,0.16666666666666666,2.0,1.0,0.0,3.0,0.08571428571428569,-0.8857142857142855,-0.8000000000000002,1,-0.9,0,4
7905539,koral--/android-gif-drawable,Java,2021-06-01,0,0,0,0,0,0,0,0,0,False,False,101,8.416666666666666,102,0.8333333333333334,0.9166666666666666,1.329160135824908,3,-0.3142857142857142,0.6666666666666666,1.032795558988641,0.25,0.75,3,-0.2285714285714285,0.16666666666666666,1.5,1.0,0.0,2.0,-0.08571428571428569,-1.0857142857142852,-1.1714285714285708,0,-1.0,1,4
7905539,koral--/android-gif-drawable,Java,2021-07-01,0,0,0,0,0,0,0,2,2,False,True,102,8.5,103,0.8333333333333334,0.9166666666666666,1.329160135824908,4,-0.6,0.6666666666666666,1.032795558988641,0.25,0.75,4,-0.457142857142857,0.16666666666666666,1.5,1.0,0.0,3.0,-0.2571428571428571,-0.4285714285714289,-0.6857142857142857,4,1.0,0,4
7905539,koral--/android-gif-drawable,Java,2021-08-01,1,1,1,0,1,1,1,1,0,False,True,103,8.583333333333334,104,0.5,0.9166666666666666,0.836660026533725,0,-0.1428571428571429,0.5,0.8366600265340709,0.6666666666666666,0.3333333333333333,0,-0.1428571428571429,0.3333333333333333,1.0,1.0,0.0,1.0,-2.994048842023221e-17,-0.14285714285714265,-0.14285714285714296,6,5.0,0,4
7905539,koral--/android-gif-drawable,Java,2021-09-01,0,0,0,0,0,0,0,2,0,False,True,104,8.666666666666666,105,0.16666666666666666,0.9166666666666666,0.4082482904631343,1,0.08571428571428572,0.16666666666666666,0.408248290463852,1.0,0.0,1,0.08571428571428572,0.16666666666666666,1.0,1.0,0.0,2.0,0.2571428571428572,0.11428571428571423,0.3714285714285714,2,,0,4
7905539,koral--/android-gif-drawable,Java,2021-10-01,0,0,0,0,0,0,0,1,2,False,True,105,8.75,106,0.16666666666666666,0.9166666666666666,0.4082482904631343,2,0.028571428571428564,0.16666666666666666,0.408248290463852,1.0,0.0,2,0.028571428571428564,0.16666666666666666,1.0,1.0,0.0,1.0,0.08571428571428569,0.37142857142857133,0.45714285714285696,3,-0.25,0,4
7905539,koral--/android-gif-drawable,Java,2021-11-01,1,1,1,0,4,3,1,4,4,False,True,106,8.833333333333334,107,0.3333333333333333,0.9166666666666666,0.5163977794937502,0,0.11428571428571423,0.3333333333333333,0.5163977794943142,1.0,0.0,0,0.11428571428571423,0.8333333333333334,1.6666666666666667,0.5,1.0,2.0,1.0571428571428565,1.0857142857142854,2.142857142857142,18,2.0,0,4
7905539,koral--/android-gif-drawable,Java,2021-12-01,0,0,0,0,0,1,0,3,7,False,True,107,8.916666666666666,108,0.3333333333333333,0.9166666666666666,0.5163977794937502,1,2.994048842023221e-17,0.3333333333333333,0.5163977794943142,1.0,0.0,1,2.994048842023221e-17,0.8333333333333334,2.1666666666666665,0.4,0.0,-2.0,0.5714285714285716,1.4857142857142853,2.057142857142857,11,4.5,0,4
7905539,koral--/android-gif-drawable,Java,2022-01-01,5,1,0,1,1,1,1,1,1,False,True,108,9.0,109,1.1666666666666667,0.9166666666666666,1.9407902170678046,0,0.5999999999999998,0.5,0.5477225575051591,0.6666666666666666,0.3333333333333333,0,0.028571428571428557,1.0,2.0,0.5,0.0,-2.0,0.314285714285714,0.9714285714285714,1.2857142857142854,11,2.6666666666666665,0,4
7905539,koral--/android-gif-drawable,Java,2022-02-01,0,0,0,0,0,0,0,1,1,False,True,109,9.083333333333334,110,1.0,0.9166666666666666,1.9999999999998563,1,0.4000000000000001,0.3333333333333333,0.5163977794943142,0.5,0.5,1,0.05714285714285717,0.8333333333333334,2.0,0.4,0.0,-3.0,0.057142857142857204,-0.02857142857142884,0.028571428571428602,2,-0.8888888888888888,0,4
7905539,koral--/android-gif-drawable,Java,2022-03-01,0,0,0,0,0,0,0,1,1,False,True,110,9.166666666666666,111,1.0,0.9166666666666666,1.9999999999998563,2,0.05714285714285706,0.3333333333333333,0.5163977794943142,0.5,0.5,2,-0.05714285714285717,0.8333333333333334,1.8333333333333333,0.4,0.0,-5.0,-0.6285714285714286,-0.8857142857142855,-1.514285714285714,2,-0.8181818181818182,0,4
7905539,koral--/android-gif-drawable,Java,2022-04-01,2,1,0,1,0,0,0,1,0,False,True,111,9.25,112,1.3333333333333333,0.9166666666666666,1.9663841605002064,0,-8.982146526069662e-17,0.5,0.5477225575051591,0.3333333333333333,0.6666666666666666,0,-0.028571428571428616,0.8333333333333334,1.8333333333333333,0.4,0.0,-3.0,-1.3142857142857143,-1.685714285714286,-2.999999999999999,4,-0.6363636363636364,0,4
7905539,koral--/android-gif-drawable,Java,2022-05-01,0,0,0,0,0,0,0,2,2,False,True,112,9.333333333333334,113,1.1666666666666667,0.9166666666666666,2.0412414523191753,1,-0.2571428571428572,0.3333333333333333,0.5163977794943142,0.0,1.0,1,2.994048842023221e-17,0.16666666666666666,1.5,0.5,-1.0,-3.0,-0.39999999999999986,-0.9428571428571428,-1.342857142857142,4,1.0,0,4
7905539,koral--/android-gif-drawable,Java,2022-06-01,0,0,0,0,0,0,0,2,0,False,True,113,9.416666666666666,114,1.1666666666666667,1.0,2.0412414523191753,2,-0.6571428571428569,0.3333333333333333,0.5163977794943142,0.0,1.0,2,-0.11428571428571427,0.16666666666666666,1.3333333333333333,1.0,0.0,3.0,-0.42857142857142866,0.14285714285714277,-0.2857142857142857,2,0.0,0,4
7905539,koral--/android-gif-drawable,Java,2022-07-01,1,1,0,1,2,1,1,3,6,False,True,114,9.5,115,0.5,1.0,0.836660026533725,0,0.08571428571428565,0.3333333333333333,0.5163977794943142,0.0,1.0,0,0.11428571428571423,0.3333333333333333,1.6666666666666667,1.0,1.0,0.0,0.5714285714285711,1.0857142857142852,1.6571428571428568,15,2.75,0,4
7905539,koral--/android-gif-drawable,Java,2022-08-01,10,1,0,1,1,2,2,2,5,False,True,115,9.583333333333334,116,2.1666666666666665,1.0,3.9200340134578067,0,1.3428571428571423,0.5,0.5477225575051591,0.0,1.0,0,0.14285714285714282,0.5,1.8333333333333333,1.0,0.0,-3.0,1.057142857142857,1.3428571428571425,2.4,23,4.75,0,4
7905539,koral--/android-gif-drawable,Java,2022-09-01,0,0,0,0,0,0,0,2,2,False,True,116,9.666666666666666,117,2.1666666666666665,1.0,3.9200340134578067,1,0.6000000000000003,0.5,0.5477225575051591,0.0,1.0,1,-0.028571428571428574,0.5,2.0,1.0,0.0,-3.0,0.5428571428571427,0.8857142857142856,1.4285714285714282,4,1.0,0,4
7905539,koral--/android-gif-drawable,Java,2022-10-01,0,0,0,0,1,0,0,2,2,False,True,117,9.75,118,1.8333333333333333,1.0,4.0207793606048705,2,0.257142857142857,0.3333333333333333,0.5163977794943142,0.0,1.0,2,-1.4970244210116104e-17,0.6666666666666666,2.1666666666666665,1.0,1.0,-4.0,0.17142857142857126,0.11428571428571453,0.2857142857142853,5,-0.6666666666666666,0,4
7905539,koral--/android-gif-drawable,Java,2022-11-01,0,0,0,0,0,1,0,2,0,False,True,118,9.833333333333334,119,1.8333333333333333,1.0,4.0207793606048705,3,-0.3714285714285714,0.3333333333333333,0.5163977794943142,0.0,1.0,3,-0.11428571428571425,0.6666666666666666,2.1666666666666665,0.75,0.0,-2.0,-0.2571428571428571,-0.5142857142857143,-0.7714285714285714,3,-0.8695652173913043,0,4
7905539,koral--/android-gif-drawable,Java,2022-12-01,0,0,0,0,1,1,0,1,0,False,True,119,9.916666666666666,120,1.8333333333333333,1.0,4.0207793606048705,4,-0.9999999999999998,0.3333333333333333,0.5163977794943142,0.0,1.0,4,-0.2285714285714285,0.8333333333333334,2.0,0.6,0.0,-3.0,-0.5999999999999998,-1.5714285714285712,-2.1714285714285717,3,-0.25,0,4
7905539,koral--/android-gif-drawable,Java,2023-01-01,0,0,0,0,0,0,0,2,6,False,True,120,10.0,121,1.6666666666666667,1.0,4.082482904638561,5,-1.428571428571428,0.16666666666666666,0.408248290463852,0.0,1.0,5,-0.1428571428571428,0.5,1.8333333333333333,0.5,-1.0,-4.0,-0.5428571428571425,-0.17142857142857149,-0.7142857142857137,8,0.6,0,4
7905539,koral--/android-gif-drawable,Java,2023-02-01,0,0,0,0,0,0,0,1,1,False,True,121,10.083333333333334,122,0.0,1.0,0.0,6,0.0,0.0,0.0,,,6,0.0,0.3333333333333333,1.6666666666666667,0.0,0.0,-1.0,-0.057142857142857176,0.028571428571428602,-0.028571428571428244,2,-0.3333333333333333,0,4
7905539,koral--/android-gif-drawable,Java,2023-03-01,0,0,0,0,0,0,0,0,3,False,True,122,10.166666666666666,123,0.0,1.0,0.0,7,0.0,0.0,0.0,,,7,0.0,0.3333333333333333,1.3333333333333333,0.0,0.0,-4.0,-0.28571428571428564,0.057142857142857204,-0.22857142857142845,3,0.0,0,4
7905539,koral--/android-gif-drawable,Java,2023-04-01,0,0,0,0,0,0,0,0,0,False,False,123,10.25,124,0.0,0.9166666666666666,0.0,8,0.0,0.0,0.0,,,8,0.0,0.16666666666666666,1.0,0.0,-1.0,-4.0,-0.3142857142857142,-0.2857142857142856,-0.6,0,-1.0,1,4
7905539,koral--/android-gif-drawable,Java,2023-05-01,0,0,0,0,1,0,0,1,1,False,True,124,10.333333333333334,125,0.0,0.9166666666666666,0.0,9,0.0,0.0,0.0,,,9,0.0,0.3333333333333333,0.8333333333333334,0.0,1.0,-6.0,-0.1428571428571429,-0.5142857142857145,-0.657142857142857,3,0.5,0,4
7905539,koral--/android-gif-drawable,Java,2023-06-01,1,1,0,1,1,1,1,1,1,False,True,125,10.416666666666666,126,0.16666666666666666,0.9166666666666666,0.40824829046313355,0,0.14285714285714277,0.16666666666666666,0.408248290463852,0.0,1.0,0,0.14285714285714277,0.3333333333333333,0.8333333333333334,1.0,1.0,-7.0,0.5142857142857141,-0.9428571428571427,-0.42857142857142866,7,1.3333333333333333,0,4
7905539,koral--/android-gif-drawable,Java,2023-07-01,1,1,0,1,1,1,1,3,2,False,True,126,10.5,127,0.3333333333333333,0.9166666666666666,0.5163977794937495,0,0.2285714285714285,0.3333333333333333,0.5163977794943142,0.0,1.0,0,0.2285714285714285,0.5,1.0,1.0,1.0,-2.0,0.7142857142857141,0.39999999999999986,1.1142857142857139,10,,0,4
7905539,koral--/android-gif-drawable,Java,2023-08-01,1,1,0,1,1,2,1,2,3,False,True,127,10.583333333333334,128,0.5,0.9166666666666666,0.5477225575046298,0,0.2571428571428571,0.5,0.5477225575051592,0.0,1.0,0,0.2571428571428571,0.6666666666666666,1.1666666666666667,0.75,0.0,-3.0,0.8857142857142856,0.7142857142857142,1.5999999999999996,11,2.6666666666666665,0,4
7905539,koral--/android-gif-drawable,Java,2023-09-01,0,0,0,0,0,0,0,0,0,False,False,128,10.666666666666666,129,0.5,0.8333333333333334,0.5477225575046298,1,0.0857142857142857,0.5,0.5477225575051592,0.0,1.0,1,0.0857142857142857,0.6666666666666666,1.1666666666666667,0.75,0.0,0.0,0.2571428571428571,0.34285714285714275,0.6000000000000001,0,-1.0,1,4
7905539,koral--/android-gif-drawable,Java,2023-10-01,2,2,1,1,4,3,2,0,0,False,True,129,10.75,130,0.8333333333333334,0.8333333333333334,0.7527726527086962,0,0.1999999999999999,0.8333333333333334,0.7527726527090769,0.2,0.8,0,0.1999999999999999,1.3333333333333333,1.1666666666666667,0.7142857142857143,1.0,0.0,0.914285714285714,-0.4571428571428571,0.45714285714285663,13,0.3,0,4
7905539,koral--/android-gif-drawable,Java,2023-11-01,0,0,0,0,0,0,0,2,1,False,True,130,10.833333333333334,131,0.8333333333333334,0.8333333333333334,0.7527726527086962,1,-0.08571428571428566,0.8333333333333334,0.7527726527090769,0.2,0.8,1,-0.08571428571428566,1.1666666666666667,1.3333333333333333,0.7142857142857143,0.0,1.0,-0.028571428571428303,-0.4285714285714287,-0.4571428571428567,3,-0.7272727272727273,0,4
7905539,koral--/android-gif-drawable,Java,2023-12-01,0,0,0,0,0,0,0,2,0,False,True,131,10.916666666666666,132,0.6666666666666666,0.8333333333333334,0.8164965809273688,2,-0.17142857142857146,0.6666666666666666,0.8164965809277217,0.25,0.75,2,-0.17142857142857146,1.0,1.5,0.6666666666666666,0.0,3.0,-0.5142857142857143,-0.6000000000000001,-1.1142857142857134,2,,0,4
7905539,koral--/android-gif-drawable,Java,2024-01-01,0,0,0,0,0,0,0,0,0,False,False,132,11.0,133,0.5,0.75,0.8366600265337245,3,-0.2,0.5,0.836660026534071,0.3333333333333333,0.6666666666666666,3,-0.2,0.8333333333333334,1.0,0.6,0.0,2.0,-0.8285714285714284,-0.457142857142857,-1.2857142857142856,0,-1.0,1,4
7905539,koral--/android-gif-drawable,Java,2024-02-01,0,0,0,0,0,0,0,1,0,False,True,133,11.083333333333334,134,0.3333333333333333,0.75,0.8164965809273639,4,-0.17142857142857149,0.3333333333333333,0.8164965809277209,0.5,0.5,4,-0.17142857142857149,0.6666666666666666,0.8333333333333334,0.6666666666666666,1.0,4.0,-0.7714285714285715,0.1142857142857142,-0.657142857142857,1,-0.6666666666666666,0,4
7905539,koral--/android-gif-drawable,Java,2024-03-01,0,0,0,0,0,0,0,0,1,False,True,134,11.166666666666666,135,0.3333333333333333,0.75,0.8164965809273639,5,-0.2857142857142856,0.3333333333333333,0.8164965809277209,0.5,0.5,5,-0.2857142857142856,0.6666666666666666,0.8333333333333334,0.6666666666666666,1.0,3.0,-1.2857142857142854,-0.08571428571428569,-1.3714285714285708,1,-0.5,0,4
7905539,koral--/android-gif-drawable,Java,2024-04-01,0,0,0,0,0,0,0,2,1,False,True,135,11.25,136,0.0,0.8333333333333334,0.0,6,0.0,0.0,0.0,,,6,0.0,0.0,1.1666666666666667,,0.0,4.0,0.0,-0.057142857142857086,-0.057142857142857086,3,,0,4
7905539,koral--/android-gif-drawable,Java,2024-05-01,0,0,0,0,0,0,0,0,0,False,False,136,11.333333333333334,137,0.0,0.75,0.0,7,0.0,0.0,0.0,,,7,0.0,0.0,0.8333333333333334,,0.0,3.0,0.0,-0.028571428571428543,-0.028571428571428543,0,-1.0,1,4
7905539,koral--/android-gif-drawable,Java,2024-06-01,0,0,0,0,0,0,0,0,0,False,False,137,11.416666666666666,138,0.0,0.6666666666666666,0.0,8,0.0,0.0,0.0,,,8,0.0,0.0,0.5,,0.0,1.0,0.0,-0.028571428571428543,-0.028571428571428543,0,-1.0,2,4
7905539,koral--/android-gif-drawable,Java,2024-07-01,1,1,0,1,1,1,1,1,1,False,True,138,11.5,139,0.16666666666666666,0.6666666666666666,0.4082482904631338,0,0.14285714285714277,0.16666666666666666,0.4082482904638521,0.0,1.0,0,0.14285714285714277,0.16666666666666666,0.6666666666666666,1.0,0.0,1.0,0.42857142857142844,-0.028571428571428602,0.3999999999999999,7,1.3333333333333333,0,4
7905539,koral--/android-gif-drawable,Java,2024-08-01,0,0,0,0,0,0,0,0,0,False,False,139,11.583333333333334,140,0.16666666666666666,0.5833333333333334,0.4082482904631338,1,0.08571428571428572,0.16666666666666666,0.4082482904638521,0.0,1.0,1,0.08571428571428572,0.16666666666666666,0.5,1.0,0.0,0.0,0.2571428571428572,-0.22857142857142865,0.02857142857142866,0,0.0,1,4
7905539,koral--/android-gif-drawable,Java,2024-09-01,0,0,0,0,0,0,0,0,0,False,False,140,11.666666666666666,141,0.16666666666666666,0.5833333333333334,0.4082482904631338,2,0.028571428571428564,0.16666666666666666,0.4082482904638521,0.0,1.0,2,0.028571428571428564,0.16666666666666666,0.5,1.0,0.0,1.0,0.08571428571428569,-0.3714285714285713,-0.28571428571428564,0,0.0,2,4
7905539,koral--/android-gif-drawable,Java,2024-10-01,0,0,0,0,0,0,0,0,0,False,False,141,11.75,142,0.16666666666666666,0.5,0.4082482904631338,3,-0.028571428571428584,0.16666666666666666,0.4082482904638521,0.0,1.0,3,-0.028571428571428584,0.16666666666666666,0.16666666666666666,1.0,0.0,0.0,-0.08571428571428569,-0.05714285714285717,-0.14285714285714282,0,-1.0,3,4
7905539,koral--/android-gif-drawable,Java,2024-11-01,0,0,0,0,0,0,0,0,0,False,False,142,11.833333333333334,143,0.16666666666666666,0.4166666666666667,0.4082482904631338,4,-0.08571428571428574,0.16666666666666666,0.4082482904638521,0.0,1.0,4,-0.08571428571428574,0.16666666666666666,0.16666666666666666,1.0,0.0,0.0,-0.2571428571428571,-0.17142857142857149,-0.4285714285714285,0,0.0,4,4
7905539,koral--/android-gif-drawable,Java,2024-12-01,0,0,0,0,0,0,0,0,0,False,False,143,11.916666666666666,144,0.16666666666666666,0.3333333333333333,0.4082482904631338,5,-0.1428571428571428,0.16666666666666666,0.4082482904638521,0.0,1.0,5,-0.1428571428571428,0.16666666666666666,0.16666666666666666,1.0,0.0,0.0,-0.42857142857142866,-0.2857142857142856,-0.714285714285714,0,0.0,5,5
7905539,koral--/android-gif-drawable,Java,2025-01-01,0,0,0,0,0,0,0,0,0,False,False,144,12.0,145,0.0,0.3333333333333333,0.0,6,0.0,0.0,0.0,,,6,0.0,0.0,0.0,,0.0,0.0,0.0,0.0,0.0,0,0.0,6,6
7905539,koral--/android-gif-drawable,Java,2025-02-01,0,0,0,0,0,0,0,1,0,False,True,145,12.083333333333334,146,0.0,0.3333333333333333,0.0,7,0.0,0.0,0.0,,,7,0.0,0.0,0.16666666666666666,,0.0,1.0,0.0,0.14285714285714277,0.14285714285714277,1,,0,6
7905539,koral--/android-gif-drawable,Java,2025-03-01,0,0,0,0,0,0,0,0,0,False,False,146,12.166666666666666,147,0.0,0.25,0.0,8,0.0,0.0,0.0,,,8,0.0,0.0,0.16666666666666666,,0.0,1.0,0.0,0.08571428571428572,0.08571428571428572,0,0.0,1,6
7905539,koral--/android-gif-drawable,Java,2025-04-01,0,0,0,0,0,0,0,0,0,False,False,147,12.25,148,0.0,0.16666666666666666,0.0,9,0.0,0.0,0.0,,,9,0.0,0.0,0.16666666666666666,,0.0,1.0,0.0,0.028571428571428564,0.028571428571428564,0,0.0,2,6
7905539,koral--/android-gif-drawable,Java,2025-05-01,0,0,0,0,0,0,0,0,0,False,False,148,12.333333333333334,149,0.0,0.16666666666666666,0.0,10,0.0,0.0,0.0,,,10,0.0,0.0,0.16666666666666666,,0.0,1.0,0.0,-0.028571428571428584,-0.028571428571428584,0,-1.0,3,6
7905539,koral--/android-gif-drawable,Java,2025-06-01,0,0,0,0,0,0,0,1,2,False,True,149,12.416666666666666,150,0.0,0.25,0.0,11,0.0,0.0,0.0,,,11,0.0,0.0,0.3333333333333333,,0.0,0.0,0.0,0.34285714285714275,0.34285714285714275,3,,0,6
7905539,koral--/android-gif-drawable,Java,2025-07-01,0,0,0,0,0,0,0,0,0,False,False,150,12.5,151,0.0,0.16666666666666666,0.0,12,0.0,0.0,0.0,,,12,0.0,0.0,0.3333333333333333,,0.0,0.0,0.0,0.11428571428571437,0.11428571428571437,0,0.0,1,6
7905539,koral--/android-gif-drawable,Java,2025-08-01,2,1,0,1,2,2,2,1,1,False,True,151,12.583333333333334,152,0.3333333333333333,0.25,0.8164965809273639,0,0.28571428571428553,0.16666666666666666,0.4082482904638521,0.0,1.0,0,0.14285714285714277,0.3333333333333333,0.3333333333333333,1.0,0.0,-1.0,0.8571428571428569,0.3714285714285712,1.2285714285714282,11,,0,6
7905539,koral--/android-gif-drawable,Java,2025-09-01,0,0,0,0,0,0,0,5,4,False,True,152,12.666666666666666,153,0.3333333333333333,0.3333333333333333,0.8164965809273639,1,0.17142857142857143,0.16666666666666666,0.4082482904638521,0.0,1.0,1,0.08571428571428572,0.3333333333333333,1.1666666666666667,1.0,0.0,0.0,0.5142857142857143,1.371428571428571,1.885714285714285,9,2.0,0,6
7905539,koral--/android-gif-drawable,Java,2025-10-01,0,0,0,0,0,0,0,0,4,False,True,153,12.75,154,0.3333333333333333,0.4166666666666667,0.8164965809273639,2,0.05714285714285713,0.16666666666666666,0.4082482904638521,0.0,1.0,2,0.028571428571428564,0.3333333333333333,1.1666666666666667,1.0,0.0,-4.0,0.17142857142857137,1.1428571428571426,1.314285714285714,4,,0,6
7905539,koral--/android-gif-drawable,Java,2025-11-01,0,0,0,0,2,2,0,0,0,False,True,154,12.833333333333334,155,0.3333333333333333,0.5,0.8164965809273639,3,-0.05714285714285717,0.16666666666666666,0.4082482904638521,0.0,1.0,3,-0.028571428571428584,0.6666666666666666,1.1666666666666667,0.5,0.0,-4.0,0.39999999999999986,0.11428571428571423,0.5142857142857142,4,-0.6363636363636364,0,6
7905539,koral--/android-gif-drawable,Java,2025-12-01,4,1,0,1,1,1,1,0,2,False,True,155,12.916666666666666,156,1.0,0.5833333333333334,1.6733200530679793,0,0.39999999999999986,0.3333333333333333,0.5163977794943142,0.0,1.0,0,0.057142857142857106,0.8333333333333334,1.0,0.6,0.0,-5.0,0.2571428571428572,-0.02857142857142866,0.22857142857142881,10,0.1111111111111111,0,6
7905539,koral--/android-gif-drawable,Java,2026-01-01,0,0,0,0,0,0,0,1,0,False,True,156,13.0,157,1.0,0.6666666666666666,1.6733200530679793,1,0.057142857142857266,0.3333333333333333,0.5163977794943142,0.0,1.0,1,-0.0571428571428571,0.8333333333333334,1.1666666666666667,0.6,0.0,-4.0,-0.48571428571428577,-0.8571428571428569,-1.3428571428571427,1,-0.75,0,6
7905539,koral--/android-gif-drawable,Java,2026-02-01,2,1,0,1,1,1,1,2,2,False,True,157,13.083333333333334,158,1.0,0.6666666666666666,1.6733200530679793,0,0.39999999999999986,0.3333333333333333,0.5163977794943142,0.0,1.0,0,0.17142857142857137,0.6666666666666666,1.3333333333333333,0.5,0.0,-4.0,0.39999999999999986,-0.914285714285714,-0.5142857142857146,10,1.5,0,6
7905539,koral--/android-gif-drawable,Java,2026-03-01,0,0,0,0,0,0,0,1,0,False,True,158,13.166666666666666,159,1.0,0.75,1.6733200530679793,1,0.05714285714285715,0.3333333333333333,0.5163977794943142,0.0,1.0,1,0.05714285714285717,0.6666666666666666,0.6666666666666666,0.5,0.0,-4.0,-0.17142857142857107,-0.1142857142857143,-0.2857142857142854,1,-0.9,0,6
7905539,koral--/android-gif-drawable,Java,2026-04-01,0,0,0,0,0,0,0,0,0,False,False,159,13.25,160,1.0,0.75,1.6733200530679793,2,-0.28571428571428564,0.3333333333333333,0.5163977794943142,0.0,1.0,2,-0.05714285714285717,0.6666666666666666,0.6666666666666666,0.5,0.0,0.0,-0.7428571428571425,0.0,-0.7428571428571431,0,-1.0,1,6
7905539,koral--/android-gif-drawable,Java,2026-05-01,0,0,0,0,0,0,0,0,0,False,False,160,13.333333333333334,161,1.0,0.75,1.6733200530679793,3,-0.6285714285714283,0.3333333333333333,0.5163977794943142,0.0,1.0,3,-0.17142857142857135,0.3333333333333333,0.6666666666666666,1.0,0.0,0.0,-0.5142857142857142,-0.4571428571428571,-0.9714285714285712,0,-1.0,2,6
7905539,koral--/android-gif-drawable,Java,2026-06-01,6,1,0,1,1,1,1,5,5,False,True,161,13.416666666666666,162,1.3333333333333333,0.75,2.4221202832778763,0,0.6857142857142855,0.3333333333333333,0.5163977794943142,0.0,1.0,0,0.057142857142857106,0.3333333333333333,1.5,1.0,0.0,2.0,0.17142857142857126,0.9142857142857138,1.0857142857142852,20,19.0,0,6
7905539,koral--/android-gif-drawable,Java,2026-07-01,0,0,0,0,0,0,0,0,0,False,False,162,13.5,163,1.3333333333333333,0.75,2.4221202832778763,1,0.22857142857142873,0.3333333333333333,0.5163977794943142,0.0,1.0,1,-0.0571428571428571,0.3333333333333333,1.3333333333333333,1.0,0.0,1.0,-0.17142857142857132,0.20000000000000012,0.02857142857142884,0,0.0,1,6
7905539,koral--/android-gif-drawable,Java,2026-08-01,0,0,0,0,0,0,0,0,0,False,False,163,13.583333333333334,164,1.0,0.6666666666666666,2.4494897427830606,2,0.17142857142857137,0.16666666666666666,0.408248290463852,0.0,1.0,2,0.028571428571428564,0.16666666666666666,1.0,1.0,0.0,1.0,0.08571428571428569,0.14285714285714277,0.22857142857142848,0,0.0,2,6
7905539,koral--/android-gif-drawable,Java,2026-09-01,0,0,0,0,0,0,0,0,0,True,False,164,13.666666666666666,165,1.0,0.5833333333333334,2.4494897427830606,3,-0.17142857142857137,0.16666666666666666,0.408248290463852,0.0,1.0,3,-0.028571428571428584,0.16666666666666666,0.8333333333333334,1.0,0.0,0.0,-0.08571428571428569,-0.28571428571428564,-0.3714285714285715,0,-1.0,3,6
10270250,react/react,JavaScript,2013-05-01,97,12,12,0,27,22,21,7,4,False,True,0,0.0,1,97.0,1.0,0.0,0,,12.0,0.0,1.0,0.0,0,,27.0,7.0,0.9545454545454546,5.0,3.0,,,,190,,0,0
10270250,react/react,JavaScript,2013-06-01,299,22,14,8,67,64,54,40,12,False,True,1,0.08333333333333333,2,198.0,1.0,142.8355697996826,0,,17.0,7.0710678118654755,0.7647058823529411,0.23529411764705882,0,,47.0,23.5,0.872093023255814,8.0,31.0,,,,558,,0,0
10270250,react/react,JavaScript,2013-07-01,282,24,15,9,57,56,38,46,29,False,True,2,0.16666666666666666,3,226.0,1.0,112.04017136723775,0,92.49999999999997,19.333333333333332,6.429100507328637,0.7068965517241379,0.29310344827586204,0,6.0,50.333333333333336,31.0,0.795774647887324,9.0,48.0,40.500000000000014,31.999999999999993,72.50000000000001,532,,0,0
10270250,react/react,JavaScript,2013-08-01,91,26,13,13,37,25,14,25,17,False,True,3,0.25,4,192.25,1.0,113.68780350884903,0,-3.5000000000000075,21.0,6.21825270205921,0.6428571428571429,0.35714285714285715,0,4.3999999999999995,47.0,29.5,0.7604790419161677,21.0,56.0,-1.599999999999986,11.600000000000001,10.000000000000043,235,0.23684210526315788,0,0
10270250,react/react,JavaScript,2013-09-01,132,22,7,15,45,45,31,35,20,False,True,4,0.3333333333333333,5,180.2,1.0,102.07693177207082,0,-13.800000000000026,21.2,5.403702434442518,0.5754716981132075,0.42452830188679247,0,2.3999999999999995,46.6,30.6,0.7452830188679245,21.0,71.0,-0.7000000000000098,7.799999999999997,7.099999999999987,330,-0.40860215053763443,0,0
10270250,react/react,JavaScript,2013-10-01,213,31,10,21,38,36,21,37,23,False,True,5,0.4166666666666667,6,185.66666666666666,1.0,92.27711886847501,0,-3.2000000000000015,22.833333333333332,6.274286147974658,0.5182481751824818,0.48175182481751827,0,2.771428571428572,45.166666666666664,31.666666666666668,0.7217741935483871,23.0,85.0,-4.057142857142859,6.314285714285711,2.2571428571428513,399,-0.25,0,0
10270250,react/react,JavaScript,2013-11-01,292,35,15,20,89,74,53,72,37,False,True,6,0.5,7,218.16666666666666,1.0,89.08741025906336,0,-5.742857142857156,26.666666666666668,5.278888771954442,0.4625,0.5375,0,2.3428571428571434,55.5,42.5,0.7033333333333334,33.0,117.0,0.9142857142857076,7.228571428571425,8.142857142857148,652,1.774468085106383,0,0
10270250,react/react,JavaScript,2013-12-01,370,37,16,21,98,107,79,50,49,False,True,7,0.5833333333333334,8,230.0,1.0,105.22547220136387,0,32.11428571428571,29.166666666666668,6.112828041640519,0.4342857142857143,0.5657142857142857,0,2.8857142857142835,60.666666666666664,44.166666666666664,0.6880466472303207,21.0,90.0,30.257142857142856,9.314285714285711,39.571428571428555,790,1.393939393939394,0,0
10270250,react/react,JavaScript,2014-01-01,321,57,31,26,136,112,83,99,77,False,True,8,0.6666666666666666,9,236.5,1.0,110.16850729677698,0,55.51428571428571,34.666666666666664,12.274635093014645,0.4423076923076923,0.5576923076923077,0,5.828571428571425,73.83333333333333,53.0,0.7042606516290727,44.0,95.0,53.85714285714283,24.314285714285706,78.17142857142855,885,1.218045112781955,0,0
10270250,react/react,JavaScript,2014-02-01,308,37,16,21,109,101,74,87,72,False,True,9,0.75,10,272.6666666666667,1.0,85.7663492674526,0,36.62857142857141,36.5,11.519548602267362,0.4337899543378995,0.5662100456621004,0,4.428571428571426,85.83333333333333,63.333333333333336,0.7178947368421053,40.0,102.0,45.457142857142834,24.514285714285712,69.97142857142856,788,0.2085889570552147,0,0
10270250,react/react,JavaScript,2014-03-01,176,48,23,25,86,66,43,52,26,False,True,10,0.8333333333333334,11,280.0,1.0,72.13043740335975,0,-5.314285714285728,40.833333333333336,9.72453940640206,0.4530612244897959,0.5469387755102041,0,3.171428571428568,92.66666666666667,66.16666666666667,0.7116935483870968,60.0,113.0,21.457142857142852,9.057142857142853,30.51428571428572,497,-0.37088607594936707,0,0
10270250,react/react,JavaScript,2014-04-01,152,34,11,23,59,81,50,68,58,False,True,11,0.9166666666666666,12,269.8333333333333,1.0,86.35836188040314,0,-37.00000000000002,41.333333333333336,9.179687721631195,0.45161290322580644,0.5483870967741935,0,0.22857142857142881,96.16666666666667,71.33333333333333,0.7060998151571165,36.0,109.0,-12.685714285714297,0.14285714285714027,-12.54285714285715,502,-0.4327683615819209,0,0
10270250,react/react,JavaScript,2014-05-01,177,48,25,23,96,69,45,70,76,False,True,12,1.0,13,250.66666666666666,1.0,92.96379223475485,0,-45.828571428571436,43.5,8.916277250063496,0.4674329501915709,0.5325670498084292,0,-0.08571428571428664,97.33333333333333,71.0,0.6977611940298507,48.0,68.0,-25.199999999999992,0.11428571428571681,-25.085714285714314,581,-0.2626903553299492,0,0
10270250,react/react,JavaScript,2014-06-01,128,31,12,19,52,76,40,83,56,False,True,13,1.0833333333333333,14,210.33333333333334,1.0,82.77358676937145,0,-39.485714285714266,42.5,10.05484957619953,0.4627450980392157,0.5372549019607843,0,-3.1714285714285753,89.66666666666667,76.5,0.6633663366336634,33.0,94.0,-29.771428571428558,-5.02857142857144,-34.799999999999976,466,-0.06237424547283702,0,0
10270250,react/react,JavaScript,2014-07-01,240,39,25,14,95,83,58,103,55,False,True,14,1.1666666666666667,15,196.83333333333334,1.0,66.02550012432063,0,-13.114285714285703,39.5,7.12039324756715,0.47257383966244726,0.5274261603375527,0,-0.7714285714285731,82.83333333333333,77.16666666666667,0.6512605042016807,21.0,120.0,-8.599999999999984,5.6571428571428575,-2.9428571428571675,673,0.34063745019920316,0,0
10270250,react/react,JavaScript,2014-08-01,185,38,22,16,84,65,42,71,57,False,True,15,1.25,16,176.33333333333334,1.0,37.569491168588684,0,7.428571428571427,39.666666666666664,7.0616334276615165,0.4957983193277311,0.5042016806722689,0,-1.4857142857142878,78.66666666666667,74.5,0.6318181818181818,32.0,119.0,2.1714285714285735,9.685714285714292,11.857142857142833,542,-0.06712564543889846,0,0
10270250,react/react,JavaScript,2014-09-01,154,37,22,15,80,71,46,77,60,False,True,16,1.3333333333333333,17,172.66666666666666,1.0,38.666091949751824,0,4.171428571428579,37.833333333333336,5.7763887219149765,0.5154185022026432,0.4845814977973568,0,-0.20000000000000154,77.66666666666667,78.66666666666667,0.6314606741573033,21.0,110.0,1.3142857142857087,0.5714285714285648,1.8857142857143003,525,0.12660944206008584,0,0
10270250,react/react,JavaScript,2014-10-01,196,30,19,11,83,85,61,83,73,False,True,17,1.4166666666666667,18,180.0,1.0,38.13135192987519,0,3.3714285714285728,37.166666666666664,6.493586579592709,0.5605381165919282,0.43946188340807174,0,-2.0857142857142876,81.66666666666667,81.16666666666667,0.6503340757238307,41.0,110.0,3.9142857142857026,0.40000000000000113,4.314285714285708,611,-0.09212481426448738,0,0
10270250,react/react,JavaScript,2014-11-01,177,41,22,19,95,88,66,90,51,False,True,18,1.5,19,180.0,1.0,38.13135192987519,0,2.342857142857137,36.0,4.472135954999566,0.5648148148148148,0.4351851851851852,0,0.6285714285714271,81.5,84.5,0.6688034188034188,21.0,155.0,11.142857142857135,0.3714285714285777,11.514285714285705,608,0.12177121771217712,0,0
10270250,react/react,JavaScript,2014-12-01,164,34,20,14,77,69,53,86,64,False,True,19,1.5833333333333333,20,186.0,1.0,30.351276744150262,0,-10.342857142857152,36.5,3.937003937005889,0.593607305936073,0.4063926940639269,0,-0.6571428571428563,85.66666666666667,85.0,0.7071583514099783,53.0,150.0,0.6000000000000152,0.5142857142857179,1.1142857142857292,547,0.0419047619047619,0,0
10270250,react/react,JavaScript,2015-01-01,245,51,29,22,109,102,84,101,68,False,True,20,1.6666666666666667,21,186.83333333333334,1.0,32.146021008309305,0,8.88571428571428,38.5,7.176350047203651,0.5800865800865801,0.4199134199134199,0,1.9142857142857133,88.0,84.66666666666667,0.7333333333333333,48.0,135.0,15.599999999999987,6.542857142857144,22.142857142857125,760,0.24386252045826515,0,0
10270250,react/react,JavaScript,2015-02-01,313,70,37,33,145,152,100,107,114,False,True,21,1.75,22,208.16666666666666,1.0,60.58190048741179,0,26.54285714285714,43.833333333333336,14.688998150543364,0.5665399239543726,0.43346007604562736,0,6.314285714285713,98.16666666666667,90.66666666666667,0.7231040564373897,22.0,114.0,32.799999999999976,13.371428571428556,46.17142857142857,1001,0.6463815789473685,0,0
10270250,react/react,JavaScript,2015-03-01,389,72,46,26,144,149,120,123,86,False,True,22,1.8333333333333333,23,247.33333333333334,1.0,88.21942340928479,0,41.54285714285711,49.666666666666664,18.007405883876395,0.5805369127516778,0.41946308724832215,0,8.971428571428568,108.83333333333333,98.33333333333333,0.7503875968992249,8.0,134.0,41.714285714285694,14.971428571428566,56.68571428571429,1083,0.979890310786106,0,0
10270250,react/react,JavaScript,2015-04-01,257,59,38,21,122,115,79,118,135,False,True,23,1.9166666666666667,24,257.5,1.0,84.55944654501943,0,32.65714285714287,54.5,15.37205256301186,0.5871559633027523,0.41284403669724773,0,6.371428571428572,115.33333333333333,104.16666666666667,0.7437037037037038,17.0,107.0,30.828571428571422,22.542857142857137,53.37142857142858,885,0.16447368421052633,0,0
10270250,react/react,JavaScript,2015-05-01,202,42,24,18,100,89,64,96,80,False,True,24,2.0,25,261.6666666666667,1.0,80.30857156410306,0,8.628571428571416,54.666666666666664,15.200877167672468,0.5914634146341463,0.40853658536585363,0,1.8857142857142861,116.16666666666667,105.16666666666667,0.7396449704142012,21.0,84.0,9.971428571428563,10.571428571428571,20.542857142857148,673,-0.3276723276723277,0,0
10270250,react/react,JavaScript,2015-06-01,294,53,33,20,146,129,104,121,103,False,True,25,2.0833333333333335,26,283.3333333333333,1.0,64.71063797140823,0,-6.28571428571431,57.833333333333336,11.583033569262678,0.5965417867435159,0.4034582132564842,0,-2.4857142857142867,127.66666666666667,111.0,0.748641304347826,30.0,80.0,-3.114285714285708,5.257142857142858,2.1428571428571117,950,-0.12280701754385964,0,0
10270250,react/react,JavaScript,2015-07-01,324,53,32,21,138,156,118,139,130,False,True,26,2.1666666666666665,27,296.5,1.0,63.37428500582862,0,-8.142857142857148,58.166666666666664,11.37394683769298,0.6017191977077364,0.3982808022922636,0,-4.542857142857142,132.5,117.33333333333333,0.740506329113924,5.0,56.0,-2.5714285714285783,5.942857142857136,3.3714285714285346,1058,0.19548022598870057,0,0
10270250,react/react,JavaScript,2015-08-01,230,44,25,19,101,104,82,107,100,False,True,27,2.25,28,282.6666666666667,1.0,67.946057035465,0,-14.342857142857142,53.833333333333336,10.907184176801369,0.6130030959752322,0.38699690402476783,0,-4.2,125.16666666666667,117.33333333333333,0.7641509433962265,9.0,70.0,-6.171428571428577,2.4571428571428693,-3.7142857142857233,768,0.1411589895988113,0,0
10270250,react/react,JavaScript,2015-09-01,260,42,24,18,117,114,87,153,146,False,True,28,2.3333333333333335,29,261.1666666666667,1.0,43.627590658511764,0,3.685714285714292,48.833333333333336,7.139094246938207,0.6006825938566553,0.3993174061433447,0,-2.257142857142858,120.66666666666667,122.33333333333333,0.7553041018387553,17.0,40.0,4.142857142857159,10.514285714285712,14.657142857142837,919,-0.03263157894736842,0,0
10270250,react/react,JavaScript,2015-10-01,367,62,40,22,162,177,129,171,163,False,True,29,2.4166666666666665,30,279.5,1.0,61.128553066468015,0,17.97142857142855,49.333333333333336,8.041558721209851,0.6013513513513513,0.39864864864864863,0,1.6571428571428544,127.33333333333333,131.16666666666666,0.7594278283485045,-5.0,65.0,21.914285714285704,27.228571428571424,49.142857142857125,1231,0.16351606805293006,0,0
10270250,react/react,JavaScript,2015-11-01,213,36,23,13,104,115,67,117,118,False,True,30,2.5,31,281.3333333333333,1.0,58.445416130494465,0,-7.028571428571411,48.333333333333336,9.395034149308144,0.6103448275862069,0.3896551724137931,0,-1.7142857142857109,128.0,134.66666666666666,0.7383647798742138,-27.0,48.0,-7.599999999999972,9.77142857142856,2.1714285714285504,770,0.0026041666666666665,0,0
10270250,react/react,JavaScript,2015-12-01,208,42,24,18,97,101,64,90,82,False,True,31,2.5833333333333335,32,267.0,1.0,64.90608600123716,0,-14.971428571428579,46.5,9.375499986667354,0.6021505376344086,0.3978494623655914,0,-1.6857142857142875,119.83333333333333,129.5,0.7131681877444589,-48.0,38.0,-17.228571428571424,-10.45714285714287,-27.685714285714308,684,-0.25571273122959737,0,0
10270250,react/react,JavaScript,2016-01-01,153,36,23,13,86,82,51,100,89,False,True,32,2.6666666666666665,33,238.5,1.0,72.02430145443961,0,-19.85714285714284,43.666666666666664,9.584710046040323,0.6068702290076335,0.3931297709923664,0,-1.885714285714289,111.16666666666667,123.0,0.6926406926406926,-26.0,40.0,-19.71428571428573,-16.28571428571429,-36.00000000000001,597,-0.5150284321689683,0,0
10270250,react/react,JavaScript,2016-02-01,158,45,26,19,92,101,61,107,145,False,True,33,2.75,34,226.5,1.0,79.34922809958513,0,-33.05714285714285,43.833333333333336,9.600347215943092,0.6083650190114068,0.3916349809885932,0,-1.6285714285714241,109.66666666666667,123.0,0.6652173913043479,-32.0,-5.0,-31.17142857142859,-20.94285714285714,-52.11428571428573,709,-0.07922077922077922,0,0
10270250,react/react,JavaScript,2016-03-01,247,43,25,18,117,143,72,123,131,False,True,34,2.8333333333333335,35,224.33333333333334,1.0,78.42363589292871,0,-23.42857142857145,44.0,9.570788891204298,0.6098484848484849,0.39015151515151514,0,-2.114285714285712,109.66666666666667,118.0,0.6175243393602226,-61.0,-20.0,-23.400000000000016,-9.485714285714295,-32.88571428571431,876,0.2807017543859649,0,0
10270250,react/react,JavaScript,2016-04-01,294,45,29,16,131,123,82,145,141,False,True,35,2.9166666666666665,36,212.16666666666666,1.0,53.596330720177605,0,15.05714285714285,41.166666666666664,4.16733328000849,0.6072874493927125,0.39271255060728744,0,1.6285714285714281,104.5,113.66666666666667,0.5969924812030075,-38.0,-24.0,14.142857142857139,16.11428571428572,30.257142857142817,961,0.609715242881072,0,0
10270250,react/react,JavaScript,2016-05-01,299,60,41,19,148,138,108,115,88,False,True,36,3.0,37,226.5,1.0,64.29541196695135,0,27.62857142857143,45.166666666666664,7.985403350280203,0.6199261992619927,0.3800738007380074,0,3.2857142857142825,111.83333333333333,113.33333333333333,0.6366279069767442,-17.0,4.0,31.114285714285693,12.79999999999999,43.91428571428569,956,0.34837799717912554,0,0
10270250,react/react,JavaScript,2016-06-01,195,40,22,18,117,127,75,109,108,False,True,37,3.0833333333333335,38,224.33333333333334,1.0,65.25539569006273,0,19.42857142857141,44.833333333333336,8.183316361150062,0.6171003717472119,0.3828996282527881,0,1.9142857142857161,115.16666666666667,116.5,0.6288515406162465,-23.0,-3.0,26.400000000000002,0.714285714285709,27.114285714285685,771,-0.11986301369863013,0,0
10270250,react/react,JavaScript,2016-07-01,243,40,21,19,112,88,70,117,76,False,True,38,3.1666666666666665,39,239.33333333333334,1.0,55.138613209498295,0,7.828571428571428,45.5,7.449832212875644,0.6007326007326007,0.3992673992673993,0,-0.5428571428571461,119.5,119.33333333333333,0.65,-3.0,27.0,2.828571428571428,-13.971428571428575,-11.14285714285717,746,-0.22372528616024975,0,0
10270250,react/react,JavaScript,2016-08-01,228,42,23,19,138,123,101,95,76,False,True,39,3.25,40,251.0,1.0,39.74418196415665,0,-10.057142857142841,45.0,7.589466384404084,0.5962962962962963,0.40370370370370373,0,-1.1428571428571432,127.16666666666667,117.33333333333333,0.6846361185983828,21.0,84.0,-3.5142857142856903,-19.42857142857144,-22.942857142857157,803,-0.1600418410041841,0,0
10270250,react/react,JavaScript,2016-09-01,203,41,20,21,108,94,75,99,71,False,True,40,3.3333333333333335,41,243.66666666666666,1.0,44.41471227720225,0,-17.714285714285715,44.666666666666664,7.737355275975524,0.582089552238806,0.417910447761194,0,-2.114285714285712,125.66666666666667,113.33333333333333,0.7373737373737373,61.0,120.0,-12.57142857142855,-20.000000000000007,-32.57142857142859,691,-0.10376134889753567,0,0
10270250,react/react,JavaScript,2016-10-01,295,75,54,21,235,262,163,87,169,False,True,41,3.4166666666666665,42,243.83333333333334,1.0,44.642655237638586,0,-0.3142857142857116,49.666666666666664,14.62418088874267,0.6073825503355704,0.3926174496644295,0,2.285714285714285,143.0,103.66666666666667,0.7115384615384616,26.0,34.0,37.02857142857142,2.914285714285721,39.94285714285712,1286,0.7238605898123325,0,0
10270250,react/react,JavaScript,2016-11-01,313,56,36,20,197,181,142,102,67,False,True,42,3.5,43,246.16666666666666,1.0,48.31735368029442,0,20.6,49.0,14.142135623730939,0.5986394557823129,0.4013605442176871,0,5.257142857142855,151.16666666666666,101.5,0.7154285714285714,32.0,42.0,59.71428571428572,-1.4857142857142955,58.22857142857143,1058,0.3175591531755915,0,0
10270250,react/react,JavaScript,2016-12-01,201,26,14,12,123,101,74,74,54,False,True,43,3.5833333333333335,44,247.16666666666666,1.0,47.09317006389207,0,3.914285714285718,46.666666666666664,16.824585185574897,0.6,0.4,0,0.17142857142857137,152.16666666666666,95.66666666666667,0.7361601884570083,64.0,61.0,28.485714285714263,-6.999999999999999,21.485714285714298,653,-0.05499276410998553,0,0
10270250,react/react,JavaScript,2017-01-01,280,73,49,24,149,177,120,93,92,False,True,44,3.6666666666666665,45,253.33333333333334,1.0,48.82895315964353,0,7.771428571428566,52.166666666666664,19.405325729465773,0.6261980830670927,0.3738019169329074,0,2.599999999999996,158.33333333333334,91.66666666666667,0.7196162046908315,12.0,21.0,9.799999999999976,-4.085714285714293,5.714285714285718,984,-0.23483670295489892,0,0
10270250,react/react,JavaScript,2017-02-01,196,43,27,16,115,110,84,57,50,False,True,45,3.75,46,248.0,1.0,53.65817738238967,0,-5.485714285714276,52.333333333333336,19.30457631409367,0.6369426751592356,0.3630573248407643,0,-0.7428571428571401,154.5,85.33333333333333,0.7113513513513513,2.0,9.0,-20.114285714285714,-16.25714285714286,-36.37142857142857,655,-0.3809073724007561,0,0
10270250,react/react,JavaScript,2017-03-01,195,36,15,21,125,110,85,103,76,False,True,46,3.8333333333333335,47,246.66666666666666,1.0,55.08054708031376,0,-22.05714285714283,51.5,19.987496091306678,0.6310679611650486,0.36893203883495146,0,-5.342857142857142,157.33333333333334,86.0,0.7098831030818279,3.0,8.0,-62.42857142857139,-14.6857142857143,-77.1142857142857,730,0.11791730474732007,0,0
10270250,react/react,JavaScript,2017-04-01,310,63,43,20,153,180,108,99,105,False,True,47,3.9166666666666665,48,249.16666666666666,1.0,57.97729440622994,0,-3.3428571428571416,49.5,17.626684316683033,0.6195286195286195,0.38047138047138046,0,1.0000000000000009,143.66666666666666,88.0,0.7136204889406287,3.0,84.0,-13.314285714285727,7.142857142857147,-6.171428571428569,1018,0.034552845528455285,0,0
10270250,react/react,JavaScript,2017-05-01,179,36,16,20,136,119,93,119,85,False,True,48,4.0,49,226.83333333333334,1.0,54.15317780764723,0,-0.5999999999999844,46.166666666666664,18.037923014212755,0.592057761732852,0.40794223826714804,0,0.37142857142857194,133.5,90.83333333333333,0.7076537013801757,4.0,83.0,7.028571428571419,14.542857142857128,21.571428571428523,767,0.17099236641221374,0,0
10270250,react/react,JavaScript,2017-06-01,207,40,17,23,151,142,114,106,90,False,True,49,4.083333333333333,50,227.83333333333334,1.0,53.63363372611124,0,-8.600000000000007,48.5,15.655669899432587,0.5738831615120275,0.4261168384879725,0,-4.5428571428571365,138.16666666666666,96.16666666666667,0.720763723150358,-9.0,79.0,1.228571428571423,10.599999999999998,11.82857142857144,850,0.1643835616438356,0,0
10270250,react/react,JavaScript,2017-07-01,114,29,12,17,132,112,84,113,156,False,True,50,4.166666666666667,51,200.16666666666666,1.0,63.28796620738142,0,-14.42857142857145,41.166666666666664,11.68617416722282,0.5263157894736842,0.47368421052631576,0,-2.4285714285714275,135.33333333333334,99.5,0.7347994825355757,39.0,35.0,7.514285714285702,24.599999999999977,32.11428571428569,740,-0.2730844793713163,0,0
10270250,react/react,JavaScript,2017-08-01,148,29,10,19,132,121,107,116,97,False,True,51,4.25,52,192.16666666666666,1.0,66.85332203164366,0,-22.714285714285722,38.833333333333336,12.608198390994087,0.48497854077253216,0.5150214592274678,0,-3.800000000000001,138.16666666666666,109.33333333333333,0.7538265306122449,45.0,47.0,-2.28571428571429,10.199999999999992,7.914285714285676,750,-0.02216427640156454,0,0
10270250,react/react,JavaScript,2017-09-01,173,57,38,19,236,226,163,171,164,False,True,52,4.333333333333333,53,188.5,1.0,67.26886352540812,0,-24.885714285714283,42.333333333333336,14.44529912001361,0.5354330708661418,0.4645669291338583,0,-1.7714285714285731,156.66666666666666,120.66666666666667,0.7433333333333333,40.0,27.0,25.057142857142843,21.571428571428562,46.628571428571405,1190,0.4,0,0
10270250,react/react,JavaScript,2017-10-01,196,53,38,15,212,274,155,202,489,False,True,53,4.416666666666667,54,169.5,1.0,33.92196928245735,0,0.4857142857142868,40.666666666666664,11.944315244779247,0.5368852459016393,0.46311475409836067,0,3.8857142857142866,166.5,137.83333333333334,0.7203219315895373,5.0,-254.0,61.457142857142856,79.88571428571426,141.34285714285707,1581,1.1364864864864865,0,0
10270250,react/react,JavaScript,2017-11-01,190,53,34,19,168,189,139,139,127,False,True,54,4.5,55,171.33333333333334,1.0,34.82336380458739,0,5.314285714285717,43.5,12.61348484757481,0.5708812260536399,0.42911877394636017,0,4.714285714285714,171.83333333333334,141.16666666666666,0.7161654135338346,-33.0,-276.0,47.11428571428572,49.65714285714285,96.77142857142859,1005,0.34,0,0
10270250,react/react,JavaScript,2017-12-01,69,22,8,14,100,73,50,110,71,False,True,55,4.583333333333333,56,148.33333333333334,1.0,49.171807640828526,0,-2.171428571428577,40.5,15.436968614336145,0.5761316872427984,0.42386831275720166,0,0.9428571428571425,163.33333333333334,141.83333333333334,0.7015075376884422,-15.0,-253.0,-2.8857142857143208,2.1428571428571574,-0.7428571428571478,495,-0.5840336134453782,0,0
10270250,react/react,JavaScript,2018-01-01,76,30,13,17,80,139,72,106,163,False,True,56,4.666666666666667,57,142.0,1.0,56.3950352424748,0,-19.371428571428567,40.666666666666664,15.29269978344785,0.5778688524590164,0.42213114754098363,0,-2.8571428571428568,154.66666666666666,140.66666666666666,0.6712328767123288,-94.0,-267.0,-48.457142857142884,-17.342857142857195,-65.80000000000003,666,-0.5787476280834914,0,0
10270250,react/react,JavaScript,2018-02-01,77,20,7,13,70,61,47,109,80,False,True,57,4.75,58,130.16666666666666,1.0,62.0497112536927,0,-27.45714285714287,39.166666666666664,17.010780895263622,0.5872340425531914,0.4127659574468085,0,-8.142857142857139,144.33333333333334,139.5,0.6507276507276507,-96.0,-257.0,-101.65714285714279,-59.457142857142856,-161.11428571428561,464,-0.5383084577114428,0,0
10270250,react/react,JavaScript,2018-03-01,78,23,9,14,88,72,58,109,94,False,True,58,4.833333333333333,59,114.33333333333333,1.0,61.046430417073815,0,-26.342857142857145,33.5,15.475787540542127,0.5422885572139303,0.4577114427860697,0,-6.885714285714286,119.66666666666667,129.16666666666666,0.6448019801980198,-90.0,-249.0,-85.74285714285718,-73.8,-159.54285714285706,522,0.05454545454545454,0,0
10270250,react/react,JavaScript,2018-04-01,78,17,8,9,82,81,64,132,115,False,True,59,4.916666666666667,60,94.66666666666667,1.0,46.82591874877235,0,-15.199999999999998,27.5,13.217412757419613,0.47878787878787876,0.5212121212121212,0,-5.342857142857142,98.0,117.5,0.6991869918699187,-27.0,55.0,-42.08571428571425,-3.1142857142857157,-45.20000000000001,569,-0.14564564564564564,0,0
10270250,react/react,JavaScript,2018-05-01,119,28,10,18,125,120,91,108,95,False,True,60,5.0,61,82.83333333333333,1.0,18.037923014211668,0,7.342857142857143,23.333333333333332,4.885352256149522,0.39285714285714285,0.6071428571428571,0,-0.17142857142857282,90.83333333333333,112.33333333333333,0.6996336996336996,-1.0,56.0,11.800000000000006,1.6571428571428553,13.457142857142852,686,0.47844827586206895,0,0
10270250,react/react,JavaScript,2018-06-01,61,22,11,11,68,61,46,104,102,False,True,61,5.083333333333333,62,81.5,1.0,19.50128200913878,0,1.4571428571428586,23.333333333333332,4.885352256149522,0.4142857142857143,0.5857142857142857,0,-0.6285714285714276,85.5,111.33333333333333,0.7078651685393258,-21.0,19.0,-2.771428571428573,-6.542857142857144,-9.3142857142857,464,-0.1111111111111111,0,0
10270250,react/react,JavaScript,2018-07-01,64,20,8,12,86,81,59,74,66,False,True,62,5.166666666666667,63,79.5,1.0,20.75331298853172,0,-2.142857142857148,21.666666666666668,3.723797345004851,0.4076923076923077,0.5923076923076923,0,0.22857142857142787,86.5,106.0,0.7668067226890757,43.0,84.0,6.285714285714275,-8.000000000000007,-1.714285714285729,450,-0.20913884007029876,0,0
10270250,react/react,JavaScript,2018-08-01,125,49,30,19,122,143,103,105,227,False,True,63,5.25,64,87.5,1.0,27.68934813244908,0,3.857142857142856,26.5,11.606032913963265,0.4779874213836478,0.5220125786163522,0,3.799999999999998,95.16666666666667,105.33333333333333,0.7544802867383512,13.0,-67.0,16.742857142857137,9.342857142857147,26.08571428571427,874,0.27405247813411077,0,0
10270250,react/react,JavaScript,2018-09-01,129,29,15,14,125,106,81,95,75,False,True,64,5.333333333333333,65,96.0,1.0,31.723808094236784,0,7.885714285714291,27.5,11.50217370760843,0.49696969696969695,0.503030303030303,0,3.4571428571428577,101.33333333333333,103.0,0.75,16.0,-62.0,16.34285714285713,-1.8285714285714458,14.514285714285727,640,0.3793103448275862,0,0
10270250,react/react,JavaScript,2018-10-01,128,34,16,18,127,108,76,147,88,False,True,65,5.416666666666667,66,104.33333333333333,1.0,32.604703137225954,0,8.857142857142847,30.333333333333332,10.443498775155067,0.4945054945054945,0.5054945054945055,0,2.285714285714284,108.83333333333333,105.5,0.7366720516962844,34.0,-20.0,12.228571428571422,6.971428571428564,19.199999999999992,708,0.5733333333333334,0,0
10270250,react/react,JavaScript,2018-11-01,106,32,17,15,124,117,84,188,178,False,True,66,5.5,67,102.16666666666667,1.0,31.858541502501826,0,12.02857142857142,31.0,10.392304845413204,0.521505376344086,0.478494623655914,0,2.057142857142857,108.66666666666667,118.83333333333333,0.7288961038961039,36.0,-23.0,27.114285714285693,26.37142857142856,53.48571428571423,829,-0.05148741418764302,0,0
10270250,react/react,JavaScript,2018-12-01,27,10,5,5,35,26,22,111,70,False,True,67,5.583333333333333,68,96.5,1.0,42.04164601915538,0,-6.942857142857137,29.0,13.23631368621939,0.5229885057471264,0.47701149425287354,0,-2.74285714285714,103.16666666666667,120.0,0.7314974182444062,38.0,16.0,-24.142857142857125,10.62857142857144,-13.5142857142857,301,-0.5296875,0,0
10270250,react/react,JavaScript,2019-01-01,91,23,11,12,99,94,64,131,125,False,True,68,5.666666666666667,69,101.0,1.0,39.2173431022547,0,-14.228571428571422,29.5,12.880217389469744,0.5310734463276836,0.4689265536723164,0,-5.400000000000002,105.33333333333333,129.5,0.7239057239057239,38.0,14.0,-35.08571428571425,-6.171428571428577,-41.25714285714289,627,-0.11440677966101695,0,0
10270250,react/react,JavaScript,2019-02-01,176,23,13,10,88,84,59,153,152,False,True,69,5.75,70,109.5,1.0,49.609474901473874,0,1.2857142857142834,25.166666666666668,8.704405015086634,0.5099337748344371,0.4900662251655629,0,-2.428571428571426,99.66666666666667,137.5,0.7214953271028037,63.0,137.0,-23.114285714285703,15.800000000000006,-7.314285714285707,735,-0.11338962605548854,0,0
10270250,react/react,JavaScript,2019-03-01,185,20,6,14,121,89,73,173,122,False,True,70,5.833333333333333,71,118.83333333333333,1.0,58.485610765953666,0,15.971428571428573,23.666666666666668,8.687155268939614,0.4788732394366197,0.5211267605633803,0,-2.4000000000000017,99.0,150.5,0.7297297297297297,76.0,168.0,-7.085714285714296,5.485714285714276,-1.5999999999999739,783,1.601328903654485,0,0
10270250,react/react,JavaScript,2019-04-01,559,32,20,12,147,162,111,121,90,False,True,71,5.916666666666667,72,190.66666666666666,1.0,189.63403351367774,0,80.68571428571425,23.333333333333332,8.238122763510223,0.5142857142857142,0.4857142857142857,0,0.8571428571428564,102.33333333333333,146.16666666666666,0.722027972027972,42.0,140.0,29.971428571428554,-10.971428571428575,19.000000000000014,1222,0.94896331738437,0,0
10270250,react/react,JavaScript,2019-05-01,247,21,9,12,123,109,85,123,88,False,True,72,6.0,73,214.16666666666666,1.0,185.7400513262195,0,71.8,21.5,7.063993204979644,0.49612403100775193,0.5038759689922481,0,2.257142857142857,102.16666666666667,135.33333333333334,0.7340425531914894,49.0,165.0,48.88571428571427,0.14285714285713258,49.0285714285714,796,0.08299319727891157,0,0
10270250,react/react,JavaScript,2019-06-01,197,26,9,17,123,113,91,101,63,False,True,73,6.083333333333333,74,242.5,1.0,163.06041825041416,0,31.91428571428569,24.166666666666668,4.355073669487729,0.4689655172413793,0.5310344827586206,0,0.6000000000000008,116.83333333333333,133.66666666666666,0.7419354838709677,50.0,162.0,21.285714285714285,-23.6,-2.314285714285683,714,-0.08812260536398467,0,0
10270250,react/react,JavaScript,2019-07-01,130,25,10,15,118,107,80,128,81,False,True,74,6.166666666666667,75,249.0,1.0,156.45702285292276,0,-14.45714285714288,24.5,4.3243496620877755,0.4557823129251701,0.54421768707483,0,0.48571428571428443,120.0,133.16666666666666,0.7515060240963856,56.0,203.0,11.39999999999998,-24.942857142857143,-13.542857142857153,669,-0.4525368248772504,0,0
10270250,react/react,JavaScript,2019-08-01,226,27,12,15,131,125,99,228,170,False,True,75,6.25,76,257.3333333333333,1.0,153.08646794105175,0,-32.342857142857156,25.166666666666668,4.355073669487732,0.4370860927152318,0.5629139072847682,0,0.5428571428571414,127.16666666666667,145.66666666666666,0.7645390070921986,58.0,260.0,0.7142857142856783,13.199999999999996,13.914285714285736,1006,0.2638190954773869,0,0
10270250,react/react,JavaScript,2019-09-01,154,26,13,13,158,151,122,175,234,False,True,76,6.333333333333333,77,252.16666666666666,1.0,156.50101171131985,0,-61.57142857142856,26.166666666666668,3.544949458971928,0.46496815286624205,0.535031847133758,0,-0.37142857142857005,133.33333333333334,146.0,0.7666232073011734,33.0,150.0,4.200000000000014,45.59999999999998,49.79999999999994,1020,0.42857142857142855,0,0
10270250,react/react,JavaScript,2019-10-01,79,16,6,10,124,94,72,156,106,False,True,77,6.416666666666667,78,172.16666666666666,1.0,63.0917321577609,0,-24.94285714285713,23.5,4.230839160261075,0.41843971631205673,0.5815602836879432,0,-0.6571428571428582,129.5,151.83333333333334,0.7854077253218884,78.0,169.0,6.485714285714281,33.68571428571427,40.17142857142854,647,-0.03288490284005979,0,0
10270250,react/react,JavaScript,2019-11-01,55,14,5,9,91,62,52,156,96,False,True,78,6.5,79,140.16666666666666,1.0,66.1616706762052,0,-26.7142857142857,22.333333333333332,5.750362307425967,0.41044776119402987,0.5895522388059702,0,-2.5142857142857133,124.16666666666667,157.33333333333334,0.7914110429447853,93.0,194.0,-16.54285714285715,17.428571428571427,0.885714285714311,526,-0.47713717693836977,0,0
10270250,react/react,JavaScript,2019-12-01,92,18,11,7,83,87,64,171,162,False,True,79,6.583333333333333,80,122.66666666666667,1.0,61.86975567000912,0,-22.228571428571424,21.0,5.656854249492258,0.4523809523809524,0.5476190476190477,0,-2.4,117.5,169.0,0.7811501597444089,79.0,165.0,-27.028571428571407,0.9999999999999895,-26.02857142857144,677,-0.3362745098039216,0,0
10270250,react/react,JavaScript,2020-01-01,80,20,8,12,89,247,70,110,329,False,True,80,6.666666666666667,81,114.33333333333333,1.0,64.0145816721989,0,-26.857142857142854,20.166666666666668,5.307227776030088,0.45454545454545453,0.5454545454545454,0,-1.7428571428571429,112.66666666666667,166.0,0.6253263707571801,-90.0,-101.0,-12.028571428571436,-0.9428571428571502,-12.971428571428577,945,0.4605873261205564,0,0
10270250,react/react,JavaScript,2020-02-01,113,32,15,17,120,133,99,96,110,False,True,81,6.75,82,95.5,1.0,34.332200628563704,0,-4.714285714285722,21.0,6.782329983125166,0.4603174603174603,0.5396825396825397,0,1.3142857142857136,110.83333333333333,144.0,0.6188630490956072,-109.0,-173.0,-0.5142857142857371,-11.514285714285712,-12.028571428571496,703,0.3365019011406844,0,0
10270250,react/react,JavaScript,2020-03-01,134,23,9,14,150,142,120,106,117,False,True,82,6.833333333333333,83,92.16666666666667,1.0,27.881296000484188,0,12.485714285714282,20.5,6.442049363362456,0.43902439024390244,0.5609756097560976,0,2.5999999999999988,109.5,132.5,0.6235294117647059,-108.0,-125.0,34.94285714285714,-6.485714285714288,28.457142857142863,792,0.16986706056129985,0,0
10270250,react/react,JavaScript,2020-04-01,161,25,12,13,206,201,152,134,130,False,True,83,6.916666666666667,84,105.83333333333333,1.0,38.29055584170358,0,19.685714285714276,22.0,6.228964600958865,0.45454545454545453,0.5454545454545454,0,2.3428571428571408,123.16666666666667,128.83333333333334,0.6387614678899083,-133.0,-171.0,64.28571428571428,-14.371428571428595,49.91428571428569,1009,0.06772486772486773,0,0
10270250,react/react,JavaScript,2020-05-01,126,26,11,15,136,130,112,124,112,False,True,84,7.0,85,117.66666666666667,1.0,29.371187695880185,0,12.399999999999999,24.0,4.939635614091251,0.4583333333333333,0.5416666666666666,0,1.3142857142857136,130.66666666666666,123.5,0.6563829787234042,-156.0,-219.0,35.39999999999997,-28.371428571428584,7.028571428571411,766,0.08961593172119488,0,0
10270250,react/react,JavaScript,2020-06-01,29,19,8,11,62,54,28,92,87,False,True,85,7.083333333333333,86,107.16666666666667,1.0,46.59363332759767,0,-5.4,24.166666666666668,4.708148963941702,0.43448275862068964,0.5655172413793104,0,-0.5999999999999974,127.16666666666667,110.33333333333333,0.6405733186328556,-144.0,-223.0,-30.99999999999997,-33.39999999999998,-64.4,371,-0.5315656565656566,0,0
10270250,react/react,JavaScript,2020-07-01,130,25,15,10,172,188,117,117,156,False,True,86,7.166666666666667,87,115.5,1.0,45.21393590476233,0,-7.571428571428576,25.0,4.242640687119127,0.4666666666666667,0.5333333333333333,0,-1.3142857142857136,141.0,111.5,0.7405660377358491,-2.0,-43.0,-10.285714285714306,4.999999999999986,-5.285714285714289,905,-0.10307234886025768,0,0
10270250,react/react,JavaScript,2020-08-01,83,31,17,14,116,107,78,105,110,False,True,87,7.25,88,110.5,1.0,47.16248509143634,0,-12.71428571428572,24.833333333333332,3.920034013457706,0.48322147651006714,0.5167785234899329,0,0.942857142857144,140.33333333333334,113.0,0.7384428223844283,20.0,-34.0,-29.571428571428537,-1.9999999999999942,-31.571428571428495,630,-0.17754569190600522,0,0
10270250,react/react,JavaScript,2020-09-01,64,21,10,11,109,99,59,95,80,False,True,88,7.333333333333333,89,98.83333333333333,1.0,48.815639570394005,0,-14.657142857142853,24.5,4.183300132670217,0.4965986394557823,0.5034013605442177,0,0.02857142857143016,133.5,111.16666666666667,0.7008985879332478,22.0,-8.0,-38.79999999999999,-11.82857142857141,-50.62857142857145,527,0.42048517520215634,0,0
10270250,react/react,JavaScript,2020-10-01,70,23,11,12,91,89,55,104,92,False,True,89,7.416666666666667,90,83.66666666666667,1.0,38.733275960943615,0,-6.342857142857147,24.166666666666668,4.21505239192413,0.496551724137931,0.503448275862069,0,-0.08571428571428569,114.33333333333333,106.16666666666667,0.6731634182908546,19.0,0.0,-14.91428571428571,-7.714285714285708,-22.62857142857145,524,-0.42099447513812155,0,0
10270250,react/react,JavaScript,2020-11-01,52,13,4,9,96,68,48,112,82,False,True,90,7.5,91,71.33333333333333,1.0,34.05681527486985,0,-2.4000000000000012,22.0,6.033241251599229,0.49242424242424243,0.5075757575757576,0,-1.3142857142857116,107.66666666666667,104.16666666666667,0.6363636363636364,41.0,18.0,-12.000000000000034,-5.599999999999993,-17.60000000000002,471,-0.2523809523809524,0,0
10270250,react/react,JavaScript,2020-12-01,61,14,5,9,92,74,52,75,61,False,True,91,7.583333333333333,92,76.66666666666667,1.0,28.08320969309972,0,-12.342857142857133,21.166666666666668,6.823977334858703,0.4881889763779528,0.5118110236220472,0,-3.0571428571428587,112.66666666666667,101.33333333333333,0.6544,51.0,27.0,-45.542857142857144,-20.771428571428572,-66.31428571428572,429,-0.1859582542694497,0,0
10270250,react/react,JavaScript,2021-01-01,48,11,5,6,86,77,48,89,72,False,True,92,7.666666666666667,93,63.0,1.0,12.6491106406711,0,-5.771428571428566,18.833333333333332,7.600438583836149,0.46017699115044247,0.5398230088495575,0,-3.742857142857143,98.33333333333333,96.66666666666667,0.6614785992217899,76.0,83.0,-17.71428571428573,-11.114285714285723,-28.828571428571443,431,-0.17748091603053434,0,0
10270250,react/react,JavaScript,2021-02-01,78,13,6,7,100,118,71,89,74,False,True,93,7.75,94,62.166666666666664,1.0,11.143009766961764,0,0.37142857142857194,15.833333333333334,4.915960401250724,0.43157894736842106,0.5684210526315789,0,-2.1428571428571406,95.66666666666667,94.0,0.6342857142857142,49.0,103.0,1.2571428571428465,-6.371428571428572,-5.114285714285717,543,0.15286624203821655,0,0
10270250,react/react,JavaScript,2021-03-01,104,17,6,11,144,132,94,103,149,False,True,94,7.833333333333333,95,68.83333333333333,1.0,20.49796737890388,0,6.714285714285712,15.166666666666666,4.3089055068155275,0.4065934065934066,0.5934065934065934,0,-0.9428571428571421,101.5,95.33333333333333,0.6594982078853047,51.0,42.0,25.685714285714273,6.057142857142849,31.742857142857098,743,0.7319347319347319,0,0
10270250,react/react,JavaScript,2021-04-01,114,14,1,13,131,120,101,110,97,False,True,95,7.916666666666667,96,76.16666666666667,1.0,27.62909094897279,0,13.399999999999997,13.666666666666666,1.9663841604999654,0.32926829268292684,0.6707317073170732,0,0.4571428571428572,108.16666666666667,96.33333333333333,0.7028862478777589,60.0,43.0,35.257142857142846,11.857142857142852,47.114285714285714,687,0.5939675174013921,0,0
10270250,react/react,JavaScript,2021-05-01,68,11,5,6,97,88,45,93,86,False,True,96,8.0,97,78.83333333333333,1.0,25.521886032709478,0,7.399999999999993,13.333333333333334,2.250925735484214,0.35,0.65,0,-0.057142857142857446,108.33333333333333,93.16666666666667,0.6748768472906403,41.0,20.0,16.114285714285696,12.628571428571412,28.74285714285715,488,-0.10128913443830571,0,0
10270250,react/react,JavaScript,2021-06-01,85,18,8,10,88,86,68,89,64,False,True,97,8.083333333333334,98,82.83333333333333,1.0,24.00347197108395,0,4.714285714285707,14.0,2.966479394838011,0.36904761904761907,0.6309523809523809,0,0.742857142857142,107.66666666666667,95.5,0.6876006441223832,25.0,31.0,-1.142857142857145,-1.0571428571428594,-2.2000000000000046,498,-0.3297442799461642,0,0
10270250,react/react,JavaScript,2021-07-01,76,19,8,11,99,90,69,111,76,False,True,98,8.166666666666666,99,87.5,1.0,17.796066981216605,0,-3.2285714285714326,15.333333333333334,3.141125063837028,0.3695652173913043,0.6304347826086957,0,0.8571428571428575,109.83333333333333,99.16666666666667,0.7066246056782335,25.0,49.0,-18.885714285714283,-5.8571428571428505,-24.74285714285714,540,-0.21397379912663755,0,0
10270250,react/react,JavaScript,2021-08-01,75,21,12,9,137,117,69,87,69,False,True,99,8.25,100,87.0,1.0,18.15488914865491,0,-6.914285714285711,16.666666666666668,3.6147844564600518,0.4,0.6,0,1.1999999999999988,116.0,98.83333333333333,0.7045813586097947,63.0,52.0,-14.428571428571434,-16.171428571428567,-30.600000000000005,575,0.17827868852459017,0,0
10270250,react/react,JavaScript,2021-09-01,125,27,10,17,166,173,115,82,72,False,True,100,8.333333333333334,101,90.5,1.0,23.364502990646923,0,1.9142857142857104,18.333333333333332,5.57374799095413,0.4,0.6,0,2.7428571428571416,119.66666666666667,95.33333333333333,0.6928783382789317,44.0,108.0,23.000000000000004,-8.57142857142858,14.428571428571418,760,0.5261044176706827,0,0
10270250,react/react,JavaScript,2021-10-01,58,14,5,9,103,79,56,79,51,False,True,101,8.416666666666666,102,81.16666666666667,1.0,23.28447265167524,0,1.9714285714285669,18.333333333333332,5.57374799095413,0.43636363636363634,0.5636363636363636,0,1.2571428571428576,115.0,90.16666666666667,0.6666666666666666,57.0,123.0,21.17142857142855,-7.800000000000002,13.371428571428629,440,-0.18518518518518517,0,0
10270250,react/react,JavaScript,2021-11-01,60,25,14,11,104,108,57,73,52,False,True,102,8.5,103,79.83333333333333,1.0,24.3919385590119,0,-3.685714285714283,20.666666666666668,4.760952285695083,0.4596774193548387,0.5403225806451613,0,0.742857142857143,116.16666666666667,86.83333333333333,0.664624808575804,44.0,137.0,5.885714285714274,-8.94285714285714,-3.057142857142846,479,-0.16695652173913045,0,0
10270250,react/react,JavaScript,2021-12-01,40,10,2,8,84,65,35,117,101,False,True,103,8.583333333333334,104,72.33333333333333,1.0,28.973551157333286,0,-8.342857142857142,19.333333333333332,6.47044563122705,0.4396551724137931,0.5603448275862069,0,-1.3142857142857145,115.5,91.5,0.634493670886076,61.0,128.0,-21.37142857142856,1.085714285714279,-20.28571428571427,452,-0.4052631578947368,0,0
10270250,react/react,JavaScript,2022-01-01,29,16,9,7,70,86,27,87,68,False,True,104,8.666666666666666,105,64.5,1.0,33.744629202288465,0,-13.800000000000006,18.833333333333332,6.615638039272192,0.46017699115044247,0.5398230088495575,0,-1.857142857142855,110.66666666666667,87.5,0.571656050955414,36.0,112.0,-42.257142857142874,5.200000000000007,-37.05714285714289,383,-0.12954545454545455,0,0
10270250,react/react,JavaScript,2022-02-01,58,11,5,6,105,91,54,60,42,False,True,105,8.75,106,61.666666666666664,1.0,33.39860276518473,0,-12.628571428571426,17.166666666666668,7.19490560512542,0.4368932038834951,0.5631067961165048,0,-2.5428571428571436,105.33333333333333,83.0,0.5714285714285714,30.0,112.0,-36.28571428571428,-2.628571428571425,-38.91428571428572,421,-0.12108559498956159,0,0
10270250,react/react,JavaScript,2022-03-01,85,20,8,12,127,135,68,101,145,False,True,106,8.833333333333334,107,55.0,1.0,19.204166214650815,0,3.371428571428569,16.0,5.6920997883029525,0.4479166666666667,0.5520833333333334,0,-0.17142857142857282,98.83333333333333,86.16666666666667,0.526595744680851,29.0,58.0,11.48571428571427,12.799999999999983,24.28571428571429,681,0.5066371681415929,0,0
10270250,react/react,JavaScript,2022-04-01,84,22,10,12,121,117,67,105,117,False,True,107,8.916666666666666,108,59.333333333333336,1.0,22.642143596987545,0,8.114285714285712,17.333333333333332,6.055300708194862,0.46153846153846156,0.5384615384615384,0,0.2857142857142877,101.83333333333333,90.5,0.5116279069767442,9.0,18.0,19.57142857142855,14.742857142857146,34.31428571428574,633,0.6527415143603134,0,0
10270250,react/react,JavaScript,2022-05-01,52,15,3,12,97,84,51,72,51,False,True,108,9.0,109,58.0,1.0,22.829805080200245,0,7.199999999999999,15.666666666666666,4.760952285695079,0.39361702127659576,0.6063829787234043,0,1.4857142857142853,100.66666666666667,90.33333333333333,0.5224913494809689,26.0,18.0,19.59999999999999,-3.7142857142857157,15.885714285714275,422,0.0023752969121140144,0,0
10270250,react/react,JavaScript,2022-06-01,71,12,5,7,106,85,62,74,45,False,True,109,9.083333333333334,110,63.166666666666664,1.0,21.404828115792135,0,5.45714285714285,16.0,4.33589667773559,0.4166666666666667,0.5833333333333334,0,-0.17142857142857185,104.33333333333333,83.16666666666667,0.5501672240802675,28.0,31.0,7.742857142857128,-4.028571428571431,3.7142857142857233,455,-0.33186490455212925,0,0
10270250,react/react,JavaScript,2022-07-01,42,6,2,4,95,63,34,83,49,False,True,110,9.166666666666666,111,65.33333333333333,1.0,17.56891193747086,0,-4.399999999999995,14.333333333333334,5.955389715767155,0.38372093023255816,0.6162790697674418,0,-1.6000000000000003,108.5,82.5,0.5843478260869566,76.0,46.0,-16.971428571428575,-9.428571428571429,-26.39999999999999,372,-0.41232227488151657,0,0
10270250,react/react,JavaScript,2022-08-01,37,18,9,9,81,76,37,61,35,False,True,111,9.25,112,61.833333333333336,1.0,21.065770023111067,0,-9.914285714285711,15.5,5.856620185738403,0.3978494623655914,0.6021505376344086,0,-1.742857142857144,104.5,82.66666666666667,0.5696428571428571,67.0,54.0,-28.514285714285702,-29.25714285714283,-57.771428571428544,345,-0.18246445497630331,0,0
10270250,react/react,JavaScript,2022-09-01,100,28,16,12,134,137,93,68,45,False,True,112,9.333333333333334,113,64.33333333333333,1.0,24.905153415841585,0,0.17142857142856946,16.833333333333332,7.704976746666092,0.44554455445544555,0.5544554455445545,0,0.9428571428571425,105.66666666666667,77.16666666666667,0.6120996441281139,72.0,121.0,3.428571428571412,-17.514285714285712,-14.085714285714268,605,0.32967032967032966,0,0
10270250,react/react,JavaScript,2022-10-01,240,25,5,20,162,255,95,58,32,False,True,113,9.416666666666666,114,90.33333333333333,1.0,76.83402024277146,0,29.199999999999992,17.333333333333332,8.189424074174276,0.38461538461538464,0.6153846153846154,0,3.1428571428571423,112.5,69.33333333333333,0.5314285714285715,-25.0,159.0,49.571428571428534,-6.257142857142855,43.314285714285724,867,1.3306451612903225,0,0
10270250,react/react,JavaScript,2022-11-01,178,26,11,15,79,63,37,71,35,False,True,114,9.5,115,111.33333333333333,1.0,81.34781291876642,0,34.05714285714285,19.166666666666668,8.773064838849944,0.41739130434782606,0.5826086956521739,0,3.9142857142857137,109.5,69.16666666666667,0.5272459499263623,-22.0,174.0,21.714285714285687,-4.971428571428578,16.742857142857133,489,0.41739130434782606,0,0
10270250,react/react,JavaScript,2022-12-01,190,32,11,21,100,87,49,86,62,False,True,115,9.583333333333334,116,131.16666666666666,1.0,84.01051521486241,0,37.22857142857142,22.5,9.289779329994795,0.4,0.6,0,4.314285714285712,108.5,71.16666666666667,0.5066079295154186,-30.0,169.0,9.228571428571438,2.4857142857142907,11.714285714285692,606,0.001652892561983471,0,0
10270250,react/react,JavaScript,2023-01-01,234,25,6,19,73,71,37,48,24,False,True,116,9.666666666666666,117,163.16666666666666,1.0,79.71051791744074,0,34.08571428571428,25.666666666666668,4.589843860815444,0.37662337662337664,0.6233766233766234,0,1.3714285714285706,104.83333333333333,65.33333333333333,0.5050798258345428,-60.0,159.0,-22.342857142857135,0.02857142857143495,-22.314285714285678,512,-0.40945790080738176,0,0
10270250,react/react,JavaScript,2023-02-01,261,38,12,26,117,109,69,61,46,False,True,117,9.75,118,200.5,1.0,58.41147147607213,0,22.82857142857141,29.0,5.1380930314659095,0.3505747126436782,0.6494252873563219,0,1.5999999999999988,110.83333333333333,65.33333333333333,0.5263157894736842,-57.0,148.0,-36.6,-1.2000000000000035,-37.800000000000026,701,0.4335378323108384,0,0
10270250,react/react,JavaScript,2023-03-01,428,40,7,33,184,182,146,70,43,False,True,118,9.833333333333334,119,255.16666666666666,1.0,90.31592698226973,0,35.2285714285714,31.0,6.752777206453543,0.27956989247311825,0.7204301075268817,0,2.9714285714285698,119.16666666666667,65.66666666666667,0.5645371577574967,-52.0,152.0,8.37142857142855,1.2000000000000035,9.571428571428573,1093,0.8036303630363036,0,0
10270250,react/react,JavaScript,2023-04-01,319,35,7,28,131,109,89,79,63,False,True,119,9.916666666666666,120,268.3333333333333,1.0,93.36951679572238,0,41.3142857142857,32.666666666666664,6.186005711819637,0.2755102040816326,0.7244897959183674,0,2.34285714285714,114.0,69.16666666666667,0.6876006441223832,63.0,142.0,48.34285714285715,3.142857142857149,51.485714285714295,825,0.611328125,0,0
10270250,react/react,JavaScript,2023-05-01,217,31,8,23,80,62,48,43,38,False,True,120,10.0,121,274.8333333333333,1.0,86.96071910159601,0,15.914285714285718,33.5,5.394441583704332,0.2537313432835821,0.746268656716418,0,0.7714285714285711,114.16666666666667,64.5,0.7064516129032258,65.0,111.0,12.314285714285715,-3.3999999999999924,8.91428571428572,519,-0.25962910128388017,0,0
10270250,react/react,JavaScript,2023-06-01,198,24,3,21,91,56,40,55,21,False,True,121,10.083333333333334,122,276.1666666666667,1.0,85.44803489060874,0,-12.028571428571412,32.166666666666664,6.67582703990039,0.22279792746113988,0.7772020725388601,0,-0.8857142857142851,112.66666666666667,59.333333333333336,0.7283531409168081,87.0,121.0,-13.371428571428575,-0.8285714285714276,-14.200000000000015,485,-0.5562671546203111,0,0
10270250,react/react,JavaScript,2023-07-01,131,24,3,21,82,37,18,48,14,False,True,122,10.166666666666666,123,259.0,1.0,103.95575982118554,0,-41.2,32.0,6.89927532426403,0.20833333333333334,0.7916666666666666,0,-3.4857142857142858,114.16666666666667,59.333333333333336,0.7387387387387387,130.0,131.0,-54.399999999999984,-11.342857142857138,-65.7428571428571,354,-0.5709090909090909,0,0
10270250,react/react,JavaScript,2023-08-01,237,20,3,17,82,73,47,62,23,False,True,123,10.25,124,255.0,1.0,104.32449376824223,0,-43.94285714285713,29.0,7.6419892698170315,0.1781609195402299,0.8218390804597702,0,-3.999999999999999,108.33333333333333,59.5,0.7475915221579962,131.0,155.0,-60.828571428571415,-10.999999999999996,-71.82857142857145,544,0.04816955684007707,0,0
10270250,react/react,JavaScript,2023-09-01,226,20,2,18,81,78,61,32,15,False,True,124,10.333333333333334,125,221.33333333333334,1.0,60.87582990536282,0,-13.485714285714291,25.666666666666668,6.088240030309698,0.16883116883116883,0.8311688311688312,0,-3.0857142857142854,91.16666666666667,53.166666666666664,0.7301204819277108,132.0,145.0,-15.971428571428573,-13.628571428571426,-29.599999999999987,513,0.0577319587628866,0,0
10270250,react/react,JavaScript,2023-10-01,238,34,8,26,133,121,62,51,60,False,True,125,10.416666666666666,126,207.83333333333334,1.0,40.43472105340485,0,8.428571428571436,25.5,5.787918451395007,0.17647058823529413,0.8235294117647058,0,-0.02857142857142968,91.5,48.5,0.6463700234192038,122.0,120.0,22.685714285714276,2.4571428571428537,25.14285714285714,699,0.9745762711864406,0,0
10270250,react/react,JavaScript,2023-11-01,246,36,9,27,62,63,46,62,18,False,True,126,10.5,127,212.66666666666666,1.0,43.37587655214201,0,15.714285714285705,26.333333333333332,6.97614984548536,0.17721518987341772,0.8227848101265823,0,2.5714285714285703,88.5,51.666666666666664,0.6401869158878505,103.0,159.0,13.57142857142857,3.685714285714288,17.257142857142835,533,-0.02022058823529412,0,0
10270250,react/react,JavaScript,2023-12-01,130,23,3,20,50,58,33,45,22,False,True,127,10.583333333333334,128,201.33333333333334,1.0,55.23646138798773,0,0.9714285714285622,26.166666666666668,7.054549359573964,0.17834394904458598,0.821656050955414,0,1.6285714285714266,81.66666666666667,50.0,0.6209302325581395,60.0,148.0,0.6571428571428467,2.114285714285707,2.7714285714285882,361,-0.2962962962962963,0,0
10270250,react/react,JavaScript,2024-01-01,277,26,1,25,184,139,106,61,55,False,True,128,10.666666666666666,129,225.66666666666666,1.0,49.9626527184723,0,-2.28571428571429,26.5,6.9785385289470705,0.16352201257861634,0.8364779874213837,0,1.1714285714285713,98.66666666666667,52.166666666666664,0.6672932330827067,60.0,120.0,21.514285714285705,5.25714285714286,26.771428571428547,848,0.21316165951359084,0,0
10270250,react/react,JavaScript,2024-02-01,534,41,8,33,237,240,202,50,47,False,True,129,10.75,130,275.1666666666667,1.0,136.17696819457646,0,44.02857142857141,30.0,8.221921916437703,0.17222222222222222,0.8277777777777777,0,1.9428571428571402,124.5,50.166666666666664,0.7296137339055794,48.0,84.0,74.39999999999999,7.199999999999998,81.6,1351,1.5347091932457786,0,0
10270250,react/react,JavaScript,2024-03-01,401,41,7,34,167,204,137,47,34,False,True,130,10.833333333333334,131,304.3333333333333,1.0,142.15015535224256,0,52.17142857142857,33.5,7.5564541949249255,0.1791044776119403,0.8208955223880597,0,1.514285714285717,138.83333333333334,52.666666666666664,0.7103030303030303,8.0,80.0,79.2,-1.4285714285714255,77.77142857142854,1031,1.8559556786703602,0,0
10270250,react/react,JavaScript,2024-04-01,492,38,10,28,208,463,160,55,552,False,True,131,10.916666666666666,132,346.6666666666667,1.0,155.62733264650754,0,65.71428571428571,34.166666666666664,7.7824589087681755,0.18536585365853658,0.8146341463414634,0,2.257142857142858,151.33333333333334,53.333333333333336,0.5861182519280206,-259.0,-408.0,132.88571428571424,75.94285714285712,208.82857142857137,1968,1.320754716981132,0,0
10270250,react/react,JavaScript,2024-05-01,332,56,21,35,243,223,159,128,85,False,True,132,11.0,133,361.0,1.0,148.28890720482113,0,43.485714285714266,37.5,11.912178642045221,0.2222222222222222,0.7777777777777778,0,5.74285714285714,181.5,64.33333333333333,0.60060286360211,-238.0,-409.0,98.71428571428571,62.48571428571429,161.19999999999993,1226,-0.0925240562546262,0,0
10270250,react/react,JavaScript,2024-06-01,336,45,14,31,239,223,164,73,65,False,True,133,11.083333333333334,134,395.3333333333333,1.0,100.13923639945895,0,-6.2857142857142705,41.166666666666664,9.74508423086557,0.24696356275303644,0.7530364372469636,0,3.914285714285714,213.0,69.0,0.6219839142091153,-214.0,-424.0,32.742857142857105,28.114285714285714,60.85714285714287,1145,0.11057225994180407,0,0
10270250,react/react,JavaScript,2024-07-01,427,30,5,25,258,297,218,31,102,False,True,134,11.166666666666666,135,420.3333333333333,1.0,81.71821502374321,0,-25.428571428571416,41.833333333333336,8.565434412022825,0.2589641434262948,0.7410358565737052,0,-0.7142857142857119,225.33333333333334,64.0,0.6303030303030303,-298.0,-501.0,17.65714285714282,-1.2285714285714153,16.428571428571367,1363,-0.3074186991869919,0,0
10270250,react/react,JavaScript,2024-08-01,285,33,7,26,239,218,170,45,43,False,True,135,11.25,136,378.8333333333333,1.0,75.43319340096059,0,-22.028571428571446,40.5,9.311283477587727,0.26337448559670784,0.7366255144032922,0,-2.1428571428571432,225.66666666666666,63.166666666666664,0.6191646191646192,-274.0,-502.0,12.057142857142859,-41.771428571428565,-29.714285714285726,1033,-0.15742251223491027,0,0
10270250,react/react,JavaScript,2024-09-01,326,37,4,33,204,201,138,29,41,False,True,136,11.333333333333334,137,366.3333333333333,1.0,77.21830525637507,0,-25.142857142857146,39.833333333333336,9.410986487433977,0.25523012552301255,0.7447698744769874,0,-2.5428571428571414,231.83333333333334,60.166666666666664,0.6209230769230769,-234.0,-527.0,-36.77142857142857,-87.57142857142853,-124.34285714285718,976,-0.14759825327510917,0,0
10270250,react/react,JavaScript,2024-10-01,381,30,3,27,156,163,106,79,35,False,True,137,11.416666666666666,138,347.8333333333333,1.0,49.36159100623397,0,2.085714285714295,38.5,10.25182910509136,0.23376623376623376,0.7662337662337663,0,-4.3142857142857185,223.16666666666666,64.16666666666667,0.720754716981132,14.0,14.0,-39.85714285714286,-21.257142857142863,-61.11428571428576,950,-0.30300807043286865,0,0
10270250,react/react,JavaScript,2024-11-01,376,36,4,32,122,129,88,79,54,False,True,138,11.5,139,355.1666666666667,1.0,49.80528753723564,0,2.942857142857137,35.166666666666664,5.636192568273835,0.17535545023696683,0.8246445497630331,0,-1.1714285714285686,203.0,56.0,0.7181153533712429,-13.0,-4.0,-73.22857142857144,-2.857142857142859,-76.0857142857143,884,-0.1442400774443369,0,0
10270250,react/react,JavaScript,2024-12-01,300,37,10,27,183,163,116,90,46,False,True,139,11.583333333333334,140,349.1666666666667,1.0,54.521249679979995,0,-8.771428571428563,33.833333333333336,3.311595788538407,0.1625615763546798,0.8374384236453202,0,1.0571428571428545,193.66666666666666,58.833333333333336,0.7139197267292912,-9.0,32.0,-72.4857142857143,5.5428571428571365,-66.94285714285714,935,-0.042008196721311473,0,0
10270250,react/react,JavaScript,2025-01-01,469,48,19,29,187,174,124,96,90,False,True,140,11.666666666666666,141,356.1666666666667,1.0,67.63258583454221,0,23.914285714285707,36.833333333333336,6.112828041640391,0.21266968325791855,0.7873303167420814,0,2.314285714285713,181.83333333333334,69.66666666666667,0.7080152671755725,43.0,109.0,-29.685714285714287,20.2,-9.485714285714304,1188,0.2505263157894737,0,0
10270250,react/react,JavaScript,2025-02-01,350,32,8,24,108,117,88,75,74,False,True,141,11.75,142,367.0,1.0,58.549124673218266,0,8.799999999999972,36.666666666666664,6.250333324444794,0.21818181818181817,0.7818181818181819,0,0.8571428571428559,160.0,74.66666666666667,0.6969376979936642,13.0,108.0,-24.199999999999978,17.542857142857137,-6.657142857142875,844,-0.04524886877828054,0,0
10270250,react/react,JavaScript,2025-03-01,844,44,12,32,213,201,170,70,63,False,True,142,11.833333333333334,143,453.3333333333333,1.0,199.13178216112752,0,68.7428571428571,37.833333333333336,6.940220937885553,0.24669603524229075,0.7533039647577092,0,1.9714285714285709,161.5,81.5,0.7307286166842661,22.0,127.0,21.142857142857142,5.514285714285707,26.657142857142833,1605,0.7165775401069518,0,0
10270250,react/react,JavaScript,2025-04-01,453,33,7,26,146,137,108,60,28,False,True,143,11.916666666666666,144,465.3333333333333,1.0,196.04659310140212,0,54.22857142857141,38.333333333333336,6.345602151621624,0.2608695652173913,0.7391304347826086,0,-0.28571428571428625,159.83333333333334,78.33333333333333,0.753528773072747,38.0,115.0,12.971428571428554,-7.742857142857146,5.228571428571427,965,-0.18771043771043772,0,0
10270250,react/react,JavaScript,2025-05-01,957,46,9,37,175,138,113,55,30,False,True,144,12.0,145,562.1666666666666,1.0,271.90690808927,0,106.59999999999994,40.0,6.899275324264005,0.2708333333333333,0.7291666666666666,0,0.34285714285714464,168.66666666666666,74.33333333333333,0.7731182795698924,82.0,115.0,-5.457142857142861,-16.14285714285716,-21.599999999999994,1514,0.7938388625592417,0,0
10270250,react/react,JavaScript,2025-06-01,1408,38,5,33,198,236,125,48,88,False,True,145,12.083333333333334,146,746.8333333333334,1.0,402.92898464452367,0,174.99999999999991,40.166666666666664,6.823977334858671,0.24896265560165975,0.7510373443983402,0,-0.5428571428571461,171.16666666666666,67.33333333333333,0.7258225324027916,24.0,31.0,14.742857142857131,-13.91428571428572,0.8285714285714028,2141,0.3339563862928349,0,0
10270250,react/react,JavaScript,2025-07-01,533,30,3,27,191,184,135,177,170,False,True,146,12.166666666666666,147,757.5,1.0,394.8694721043906,0,88.88571428571427,37.166666666666664,6.645800679125509,0.19730941704035873,0.8026905829596412,0,-0.42857142857142844,171.83333333333334,80.83333333333333,0.7295162882527148,18.0,32.0,26.999999999999975,28.45714285714284,55.457142857142834,1420,0.47150259067357514,0,0
10270250,react/react,JavaScript,2025-08-01,477,30,5,25,195,176,133,62,62,False,True,147,12.25,148,778.6666666666666,1.0,371.36110009890206,0,-32.68571428571432,36.833333333333336,6.997618642557273,0.18552036199095023,0.8144796380090498,0,-2.485714285714285,186.33333333333334,78.66666666666667,0.7313432835820896,46.0,31.0,2.5714285714286014,22.371428571428574,24.94285714285715,1135,-0.25033025099075296,0,0
10270250,react/react,JavaScript,2025-09-01,607,34,2,32,250,238,156,51,50,False,True,148,12.333333333333334,149,739.1666666666666,1.0,375.6021387940526,0,-44.1428571428572,35.166666666666664,6.080021929784893,0.14691943127962084,0.8530805687203792,0,-1.4571428571428566,192.5,75.5,0.6943192064923355,46.0,25.0,41.4285714285714,11.228571428571417,52.65714285714282,1386,-0.35263895375992527,0,0
10270250,react/react,JavaScript,2025-10-01,553,39,11,28,244,254,165,102,92,False,True,149,12.416666666666666,150,755.8333333333334,1.0,362.3492330151491,0,-127.97142857142859,36.166666666666664,6.145459028149578,0.16129032258064516,0.8387096774193549,0,-1.3428571428571436,208.83333333333334,82.5,0.6745513866231647,27.0,3.0,40.97142857142857,6.199999999999993,47.171428571428564,1449,0.020422535211267606,0,0
10270250,react/react,JavaScript,2025-11-01,474,34,6,28,125,114,81,70,36,False,True,150,12.5,151,675.3333333333334,1.0,362.3714484705808,0,-127.99999999999993,34.166666666666664,3.8166302763911095,0.15609756097560976,0.8439024390243902,0,0.31428571428571356,200.5,85.0,0.6613976705490848,1.0,12.0,-17.028571428571396,-18.057142857142843,-35.085714285714374,934,-0.17709251101321585,0,0
10270250,react/react,JavaScript,2025-12-01,171,28,3,25,113,99,39,51,59,False,True,151,12.583333333333334,152,469.1666666666667,1.0,154.33005756062798,0,-53.514285714285705,32.5,3.987480407475217,0.15384615384615385,0.8461538461538461,0,0.20000000000000057,186.33333333333334,85.5,0.6657276995305165,53.0,44.0,-52.22857142857139,-32.74285714285715,-84.97142857142858,560,-0.5959595959595959,0,0
10270250,react/react,JavaScript,2026-01-01,232,28,4,24,172,123,65,51,55,False,True,152,12.666666666666666,153,419.0,1.0,176.72690796819842,0,-74.62857142857142,32.166666666666664,4.308905506815556,0.16062176165803108,0.8393782383419689,0,-0.9428571428571435,183.16666666666666,64.5,0.6364541832669323,95.0,33.0,-64.05714285714286,-4.314285714285716,-68.37142857142854,726,-0.4989648033126294,0,0
10270250,react/react,JavaScript,2026-02-01,225,33,7,26,205,176,87,36,62,False,True,153,12.75,154,377.0,1.0,189.65758619153644,0,-90.7428571428571,32.666666666666664,4.1793141383085075,0.1683673469387755,0.8316326530612245,0,-1.2571428571428571,184.83333333333334,60.166666666666664,0.5906374501992032,105.0,7.0,-53.08571428571428,-7.857142857142871,-60.942857142857136,824,-0.11777301927194861,0,0
10270250,react/react,JavaScript,2026-03-01,406,31,11,20,147,107,41,50,47,False,True,154,12.833333333333334,155,343.5,1.0,155.6004498708152,0,-40.59999999999998,32.166666666666664,4.167333280008382,0.21761658031088082,0.7823834196891192,0,-1.2285714285714269,167.66666666666666,60.0,0.5475372279495991,133.0,9.0,-36.77142857142855,-14.65714285714286,-51.428571428571445,829,0.48035714285714287,0,0
10270250,react/react,JavaScript,2026-04-01,109,26,7,19,144,87,29,42,38,False,True,155,12.916666666666666,156,269.5,1.0,140.92657662768963,0,-32.2,30.0,3.1622776601682094,0.2111111111111111,0.7888888888888889,0,-0.7428571428571458,151.0,50.0,0.48441926345609065,200.0,3.0,-1.714285714285706,-5.057142857142858,-6.77142857142857,475,-0.34573002754820936,0,0
10270250,react/react,JavaScript,2026-05-01,136,19,6,13,153,110,47,36,28,False,True,156,13.0,157,213.16666666666666,1.0,106.07811587064857,0,-10.371428571428575,27.5,4.847679857416238,0.23030303030303031,0.7696969696969697,0,-1.5142857142857131,155.66666666666666,44.333333333333336,0.43874643874643876,232.0,-23.0,-5.085714285714286,-8.828571428571433,-13.914285714285727,529,-0.3580097087378641,0,0
10270250,react/react,JavaScript,2026-06-01,105,30,8,22,182,225,60,40,31,False,True,157,13.083333333333334,158,202.16666666666666,1.0,114.41925828577436,0,-34.257142857142846,27.833333333333332,4.95647724363441,0.25748502994011974,0.7425149700598802,0,-1.0571428571428565,167.16666666666666,42.5,0.3973429951690821,175.0,-6.0,0.7428571428571401,-8.399999999999995,-7.657142857142819,673,-0.1881785283474065,0,0
10270250,react/react,JavaScript,2026-07-01,228,36,7,29,203,189,72,47,84,False,True,158,13.166666666666666,159,201.5,1.0,114.22215196712096,0,-24.599999999999987,29.166666666666668,5.980523945831641,0.26285714285714284,0.7371428571428571,0,0.14285714285714218,172.33333333333334,41.833333333333336,0.37583892617449666,140.0,-39.0,15.600000000000003,2.0285714285714236,17.628571428571412,859,0.8084210526315789,0,0
10270250,react/react,JavaScript,2026-08-01,116,24,6,18,201,168,45,79,27,False,True,159,13.25,160,183.33333333333334,1.0,118.33117368921322,0,-32.114285714285714,27.666666666666668,5.955389715767203,0.2710843373493976,0.7289156626506024,0,0.1714285714285704,171.66666666666666,49.0,0.33182844243792325,144.0,39.0,38.971428571428575,5.857142857142854,44.828571428571436,660,0.24763705103969755,0,0
11730342,vuejs/vue,TypeScript,2013-07-01,8,2,2,0,0,0,0,0,0,False,True,0,0.0,1,8.0,1.0,0.0,0,,2.0,0.0,1.0,0.0,0,,0.0,0.0,,0.0,0.0,,,,10,,0,0
11730342,vuejs/vue,TypeScript,2013-08-01,165,2,0,2,0,0,0,0,0,False,True,1,0.08333333333333333,2,86.5,1.0,111.01576464628796,0,,2.0,0.0,0.5,0.5,0,,0.0,0.0,,0.0,0.0,,,,167,,0,0
11730342,vuejs/vue,TypeScript,2013-09-01,20,2,0,2,0,0,0,9,1,False,True,2,0.16666666666666666,3,64.33333333333333,1.0,87.38611636486274,0,6.000000000000024,2.0,0.0,0.3333333333333333,0.6666666666666666,0,0.0,0.0,3.0,,0.0,8.0,0.0,4.999999999999999,4.999999999999999,32,,0,0
11730342,vuejs/vue,TypeScript,2013-10-01,78,2,0,2,0,0,0,18,20,False,True,3,0.25,4,67.75,1.0,71.67693724855529,0,6.500000000000021,2.0,0.0,0.25,0.75,0,-2.3737566748887e-16,0.0,6.75,,0.0,6.0,0.0,12.399999999999999,12.399999999999999,118,10.8,0,0
11730342,vuejs/vue,TypeScript,2013-11-01,70,2,0,2,0,0,0,14,18,False,True,4,0.3333333333333333,5,68.2,1.0,62.082203569138876,0,3.699999999999998,2.0,0.0,0.2,0.8,0,-2.432376777795248e-16,0.0,8.2,,0.0,2.0,0.0,10.200000000000001,10.200000000000001,104,-0.3772455089820359,0,0
11730342,vuejs/vue,TypeScript,2013-12-01,62,2,0,2,0,0,0,10,10,False,True,5,0.4166666666666667,6,67.16666666666667,1.0,55.58566961606801,0,1.2285714285714269,2.0,0.0,0.16666666666666666,0.8333333333333334,0,-2.3952390736185767e-16,0.0,8.5,,0.0,2.0,0.0,6.399999999999998,6.399999999999998,84,1.625,0,0
11730342,vuejs/vue,TypeScript,2014-01-01,45,2,0,2,0,0,0,11,8,False,True,6,0.5,7,73.33333333333333,1.0,49.41929447762955,0,-13.771428571428567,2.0,0.0,0.0,1.0,0,-2.3952390736185767e-16,0.0,10.333333333333334,,0.0,5.0,0.0,3.399999999999998,3.399999999999998,66,-0.4406779661016949,0,0
11730342,vuejs/vue,TypeScript,2014-02-01,118,5,3,2,11,11,5,79,75,False,True,7,0.5833333333333334,8,65.5,1.0,32.97119955354976,0,10.94285714285714,2.5,1.224744871391589,0.2,0.8,0,0.4285714285714284,1.8333333333333333,23.5,0.45454545454545453,0.0,9.0,3.8571428571428563,18.599999999999994,22.45714285714285,304,1.9230769230769231,0,0
11730342,vuejs/vue,TypeScript,2014-03-01,110,2,0,2,6,6,0,57,57,False,True,8,0.6666666666666666,9,80.5,1.0,28.26835686770633,0,8.2,2.5,1.224744871391589,0.2,0.8,0,0.2571428571428572,2.8333333333333335,31.5,0.29411764705882354,0.0,1.0,4.0285714285714285,21.28571428571428,25.31428571428571,238,1.8333333333333333,0,0
11730342,vuejs/vue,TypeScript,2014-04-01,10,3,0,3,1,1,1,35,30,False,True,9,0.75,10,69.16666666666667,1.0,40.46932995079936,0,-2.371428571428572,2.6666666666666665,1.2110601416389966,0.1875,0.8125,0,0.22857142857142854,3.0,34.333333333333336,0.3333333333333333,0.0,8.0,2.228571428571428,16.628571428571426,18.85714285714285,81,0.22727272727272727,0,0
11730342,vuejs/vue,TypeScript,2014-05-01,13,5,2,3,6,5,3,32,26,False,True,10,0.8333333333333334,11,59.666666666666664,1.0,46.47866894250164,0,-10.228571428571428,3.1666666666666665,1.4719601443879744,0.2631578947368421,0.7368421052631579,0,0.4285714285714284,4.0,37.333333333333336,0.391304347826087,1.0,18.0,1.8285714285714278,8.22857142857142,10.057142857142848,90,-0.7039473684210527,0,0
11730342,vuejs/vue,TypeScript,2014-06-01,15,6,4,2,8,9,4,35,30,False,True,11,0.9166666666666666,12,51.833333333333336,1.0,49.84542774083363,0,-16.14285714285715,3.8333333333333335,1.7224014243685082,0.391304347826087,0.6086956521739131,0,0.5999999999999995,5.333333333333333,41.5,0.40625,0.0,23.0,1.6285714285714268,-3.0571428571428574,-1.4285714285714333,107,-0.5504201680672269,0,0
11730342,vuejs/vue,TypeScript,2014-07-01,98,5,3,2,6,5,1,41,31,False,True,12,1.0,13,60.666666666666664,1.0,52.98930709743869,0,-10.914285714285716,4.333333333333333,1.5055453054181616,0.46153846153846156,0.5384615384615384,0,0.4000000000000001,6.333333333333333,46.5,0.3783783783783784,1.0,30.0,-1.0571428571428574,-16.114285714285717,-17.171428571428557,187,1.308641975308642,0,0
11730342,vuejs/vue,TypeScript,2014-08-01,171,4,2,2,4,4,2,26,22,False,True,13,1.0833333333333333,14,69.5,1.0,67.01865411958076,0,16.31428571428571,4.166666666666667,1.4719601443879742,0.44,0.56,0,0.48571428571428565,5.166666666666667,37.666666666666664,0.36666666666666664,1.0,30.0,0.6857142857142859,-8.628571428571426,-7.9428571428571395,233,1.5888888888888888,0,0
11730342,vuejs/vue,TypeScript,2014-09-01,141,2,1,1,2,3,1,35,62,False,True,14,1.1666666666666667,15,74.66666666666667,1.0,71.79043576038988,0,34.62857142857142,4.166666666666667,1.4719601443879742,0.48,0.52,0,-0.25714285714285695,4.5,34.0,0.4444444444444444,0.0,3.0,-0.17142857142857185,3.9142857142857097,3.7428571428571336,246,1.2990654205607477,0,0
11730342,vuejs/vue,TypeScript,2014-10-01,73,3,2,1,3,3,2,77,73,False,True,15,1.25,16,85.16666666666667,1.0,64.69750123974393,0,21.457142857142852,4.166666666666667,1.4719601443879742,0.56,0.44,0,-0.6571428571428569,4.833333333333333,41.0,0.4482758620689655,0.0,2.0,-2.1999999999999997,15.199999999999994,12.999999999999995,234,0.25133689839572193,0,0
11730342,vuejs/vue,TypeScript,2014-11-01,57,2,1,1,8,7,2,69,70,False,True,16,1.3333333333333333,17,92.5,1.0,56.906062945875995,0,2.999999999999995,3.6666666666666665,1.6329931618554523,0.5909090909090909,0.4090909090909091,0,-0.7999999999999999,5.166666666666667,47.166666666666664,0.3870967741935484,0.0,-5.0,-1.028571428571429,18.65714285714285,17.628571428571426,215,-0.07725321888412018,0,0
11730342,vuejs/vue,TypeScript,2014-12-01,48,2,1,1,1,1,1,52,46,False,True,17,1.4166666666666667,18,98.0,1.0,48.95712409854158,0,-18.857142857142858,3.0,1.264911064067353,0.5555555555555556,0.4444444444444444,0,-0.5714285714285713,4.0,50.0,0.391304347826087,1.0,-4.0,-0.6285714285714286,13.028571428571428,12.399999999999993,151,-0.3861788617886179,0,0
11730342,vuejs/vue,TypeScript,2015-01-01,2,1,0,1,2,0,0,36,19,False,True,18,1.5,19,82.0,1.0,62.71204031125124,0,-32.57142857142856,2.3333333333333335,1.0327955589886477,0.5,0.5,0,-0.45714285714285696,3.3333333333333335,49.166666666666664,0.4444444444444444,2.0,3.0,-1.1428571428571428,0.7714285714285711,-0.3714285714285739,60,-0.7435897435897436,0,0
11730342,vuejs/vue,TypeScript,2015-02-01,31,4,3,1,6,6,6,24,24,False,True,19,1.5833333333333333,20,58.666666666666664,1.0,47.068744052360984,0,-22.05714285714285,2.3333333333333335,1.0327955589886477,0.5714285714285714,0.42857142857142855,0,0.11428571428571423,3.6666666666666665,48.833333333333336,0.6,2.0,-1.0,0.7999999999999994,-16.31428571428572,-15.514285714285718,101,-0.5302325581395348,0,0
11730342,vuejs/vue,TypeScript,2015-03-01,4,1,0,1,6,6,0,25,14,False,True,20,1.6666666666666667,21,35.833333333333336,1.0,28.840365231159396,0,-13.399999999999999,2.1666666666666665,1.169045194450015,0.5384615384615384,0.46153846153846156,0,-0.14285714285714282,4.333333333333333,47.166666666666664,0.4782608695652174,3.0,37.0,0.6285714285714287,-24.885714285714293,-24.257142857142856,56,-0.6291390728476821,0,0
11730342,vuejs/vue,TypeScript,2015-04-01,56,6,5,1,10,12,7,45,55,False,True,21,1.75,22,33.0,1.0,25.043961347997666,0,-3.0857142857142876,2.6666666666666665,1.9663841605003514,0.625,0.375,0,0.5714285714285711,5.5,41.833333333333336,0.5,1.0,23.0,2.9428571428571426,-10.828571428571419,-7.885714285714291,191,2.183333333333333,0,0
11730342,vuejs/vue,TypeScript,2015-05-01,101,4,3,1,8,7,4,61,86,False,True,22,1.8333333333333333,23,40.333333333333336,1.0,37.04411784165831,0,11.428571428571427,3.0,2.000000000000001,0.6666666666666666,0.3333333333333333,0,0.6285714285714286,5.5,40.5,0.5625,1.0,-1.0,4.428571428571429,10.599999999999994,15.028571428571428,271,1.683168316831683,0,0
11730342,vuejs/vue,TypeScript,2015-06-01,165,7,5,2,9,9,6,99,101,False,True,23,1.9166666666666667,24,59.833333333333336,1.0,63.344823519105866,0,30.77142857142857,3.8333333333333335,2.4832774042918904,0.6956521739130435,0.30434782608695654,0,0.9999999999999996,6.833333333333333,48.333333333333336,0.575,1.0,-9.0,3.714285714285712,30.94285714285714,34.65714285714285,396,6.071428571428571,0,0
11730342,vuejs/vue,TypeScript,2015-07-01,88,3,1,2,2,3,2,114,112,False,True,24,2.0,25,74.16666666666667,1.0,57.059325851841855,0,23.22857142857142,4.166666666666667,2.136976056643281,0.68,0.32,0,0.3142857142857142,6.833333333333333,61.333333333333336,0.5813953488372093,-2.0,-24.0,-0.8285714285714262,40.57142857142856,39.74285714285713,324,0.6963350785340314,0,0
11730342,vuejs/vue,TypeScript,2015-08-01,303,8,5,3,14,12,9,109,111,False,True,25,2.0833333333333335,26,119.5,1.0,104.35468365147777,0,47.28571428571427,4.833333333333333,2.63944438597722,0.6551724137931034,0.3448275862068966,0,0.8285714285714277,8.166666666666666,75.5,0.5714285714285714,0.0,-26.0,1.542857142857141,38.17142857142857,39.7142857142857,566,1.088560885608856,0,0
11730342,vuejs/vue,TypeScript,2015-09-01,275,7,5,2,14,16,8,133,135,False,True,26,2.1666666666666665,27,164.66666666666666,1.0,103.00420703382301,0,46.4,5.833333333333333,1.940790217067949,0.6857142857142857,0.3142857142857143,0,0.3714285714285712,9.5,93.5,0.6101694915254238,-2.0,-39.0,2.171428571428571,30.999999999999986,33.17142857142857,588,0.48484848484848486,0,0
11730342,vuejs/vue,TypeScript,2015-10-01,164,8,5,3,12,12,8,110,110,False,True,27,2.25,28,182.66666666666666,1.0,88.65363312728176,0,24.571428571428573,6.166666666666667,2.1369760566432783,0.6486486486486487,0.35135135135135137,0,0.714285714285714,9.833333333333334,104.33333333333333,0.6271186440677966,0.0,-29.0,3.8571428571428568,16.085714285714285,19.942857142857132,424,0.30864197530864196,0,0
11730342,vuejs/vue,TypeScript,2015-11-01,95,9,5,4,19,20,11,154,148,False,True,28,2.3333333333333335,29,181.66666666666666,1.0,89.78567072014705,0,-4.285714285714296,7.0,2.0976176963402993,0.6190476190476191,0.38095238095238093,0,0.6857142857142857,11.666666666666666,119.83333333333333,0.6111111111111112,-2.0,2.0,5.942857142857142,15.428571428571397,21.371428571428538,456,-0.19434628975265017,0,0
11730342,vuejs/vue,TypeScript,2015-12-01,74,10,9,1,15,14,9,140,139,False,True,29,2.4166666666666665,30,166.5,1.0,100.24120909087243,0,-22.99999999999998,7.5,2.42899156029822,0.6666666666666666,0.3333333333333333,0,1.1142857142857143,12.666666666666666,126.66666666666667,0.6103896103896104,-1.0,5.0,5.542857142857142,13.228571428571438,18.77142857142855,401,-0.31802721088435376,0,0
11730342,vuejs/vue,TypeScript,2016-01-01,78,11,5,6,20,16,14,138,137,False,True,30,2.5,31,164.83333333333334,1.0,101.87721367738062,0,-51.34285714285713,8.833333333333334,1.4719601443879664,0.6415094339622641,0.3584905660377358,0,0.7142857142857143,15.666666666666666,130.66666666666666,0.6555555555555556,4.0,4.0,2.657142857142855,11.142857142857125,13.799999999999995,414,-0.02358490566037736,0,0
11730342,vuejs/vue,TypeScript,2016-02-01,64,6,4,2,12,14,5,99,94,False,True,31,2.5833333333333335,32,125.0,1.0,81.7948653645203,0,-38.1142857142857,8.5,1.870828693386965,0.6470588235294118,0.35294117647058826,0,0.1428571428571429,15.333333333333334,129.0,0.5978260869565217,0.0,11.0,0.19999999999999962,-6.657142857142852,-6.457142857142873,294,-0.35526315789473684,0,0
11730342,vuejs/vue,TypeScript,2016-03-01,104,11,9,2,21,20,15,131,135,False,True,32,2.6666666666666665,33,96.5,1.0,36.1095555220499,0,-11.114285714285716,9.166666666666666,1.9407902170679447,0.6727272727272727,0.32727272727272727,0,0.19999999999999984,16.5,128.66666666666666,0.6458333333333334,3.0,9.0,2.142857142857141,-2.885714285714282,-0.7428571428571401,437,0.08977556109725686,0,0
11730342,vuejs/vue,TypeScript,2016-04-01,430,18,15,3,40,39,30,137,127,False,True,33,2.75,34,140.83333333333334,1.0,142.40283236883553,0,50.02857142857142,10.833333333333334,3.9707262140150923,0.7230769230769231,0.27692307692307694,0,1.2285714285714286,21.166666666666668,133.16666666666666,0.6829268292682927,4.0,19.0,9.428571428571427,-8.885714285714304,0.5428571428571146,821,0.9830917874396136,0,0
11730342,vuejs/vue,TypeScript,2016-05-01,249,14,6,8,52,53,37,115,116,False,True,34,2.8333333333333335,35,166.5,1.0,146.3143875358811,0,56.3142857142857,11.666666666666666,4.033195589934441,0.6857142857142857,0.3142857142857143,0,1.3142857142857143,26.666666666666668,126.66666666666667,0.7051282051282052,4.0,12.0,20.628571428571423,-5.714285714285725,14.914285714285695,636,1.163265306122449,0,0
11730342,vuejs/vue,TypeScript,2016-06-01,240,17,11,6,31,33,26,139,146,False,True,35,2.9166666666666665,36,194.16666666666666,1.0,140.92042671900577,0,48.3142857142857,12.833333333333334,4.445971959725637,0.6493506493506493,0.35064935064935066,0,1.742857142857142,29.333333333333332,126.5,0.7257142857142858,1.0,4.0,16.74285714285714,4.628571428571412,21.37142857142856,632,0.4462242562929062,0,0
11730342,vuejs/vue,TypeScript,2016-07-01,170,9,6,3,16,16,10,145,143,False,True,36,3.0,37,209.5,1.0,130.36218776930681,0,21.628571428571423,12.5,4.6797435827190315,0.68,0.32,0,0.828571428571428,28.666666666666668,127.66666666666667,0.7028571428571428,-3.0,5.0,5.428571428571429,14.257142857142851,19.685714285714283,509,-0.3800243605359318,0,0
11730342,vuejs/vue,TypeScript,2016-08-01,133,9,7,2,17,13,8,200,188,False,True,37,3.0833333333333335,38,221.0,1.0,117.35416481744485,0,-18.399999999999977,13.0,3.949683531626293,0.6923076923076923,0.3076923076923077,0,-0.971428571428572,29.5,144.5,0.7241379310344828,3.0,12.0,-9.799999999999997,21.02857142857143,11.228571428571424,568,-0.1069182389937107,0,0
11730342,vuejs/vue,TypeScript,2016-09-01,106,17,14,3,35,39,25,172,171,False,True,38,3.1666666666666665,39,221.33333333333334,1.0,116.95754215383751,0,-58.22857142857142,14.0,4.098780306383833,0.7023809523809523,0.2976190476190476,0,-0.8000000000000004,31.833333333333332,151.33333333333334,0.7046632124352331,-2.0,17.0,-11.714285714285715,24.828571428571426,13.114285714285717,565,-0.1060126582278481,0,0
11730342,vuejs/vue,TypeScript,2016-10-01,72,19,11,8,45,36,25,209,179,False,True,39,3.25,40,161.66666666666666,1.0,71.8238586172218,0,-37.82857142857143,14.166666666666666,4.308905506815694,0.6470588235294118,0.35294117647058826,0,0.7142857142857135,32.666666666666664,163.33333333333334,0.6894736842105263,6.0,37.0,-4.485714285714285,30.257142857142853,25.771428571428554,585,0.14931237721021612,0,0
11730342,vuejs/vue,TypeScript,2016-11-01,171,19,10,9,46,57,39,229,249,False,True,40,3.3333333333333335,41,148.66666666666666,1.0,58.718537674797936,0,-19.028571428571436,15.0,4.7328638264796865,0.6555555555555556,0.34444444444444444,0,1.3714285714285699,31.666666666666668,182.33333333333334,0.6855670103092784,-4.0,18.0,14.657142857142853,34.85714285714287,49.51428571428571,810,0.426056338028169,0,0
11730342,vuejs/vue,TypeScript,2016-12-01,118,17,7,10,41,37,27,228,218,False,True,41,3.4166666666666665,42,128.33333333333334,1.0,38.35970107634654,0,-5.142857142857149,15.0,4.7328638264796865,0.6111111111111112,0.3888888888888889,0,2.0571428571428574,33.333333333333336,197.16666666666666,0.6767676767676768,2.0,35.0,18.114285714285707,31.571428571428548,49.685714285714226,686,0.21415929203539824,0,0
11730342,vuejs/vue,TypeScript,2017-01-01,86,12,7,5,29,26,21,176,176,False,True,42,3.5,43,114.33333333333333,1.0,35.31949414511283,0,-2.857142857142855,15.5,4.086563348340502,0.6021505376344086,0.3978494623655914,0,0.42857142857142844,35.5,202.33333333333334,0.6971153846153846,5.0,33.0,6.971428571428568,6.257142857142855,13.228571428571435,526,-0.10085470085470086,0,0
11730342,vuejs/vue,TypeScript,2017-02-01,110,22,15,7,48,43,29,166,167,False,True,43,3.5833333333333335,44,110.5,1.0,34.11597866103202,0,0.2571428571428494,17.666666666666668,3.326659986633229,0.6037735849056604,0.39622641509433965,0,0.057142857142857446,40.666666666666664,196.66666666666666,0.6974789915966386,6.0,20.0,-0.6285714285714232,-5.428571428571422,-6.0571428571428605,585,-0.2777777777777778,0,0
11730342,vuejs/vue,TypeScript,2017-03-01,110,27,12,15,59,54,39,249,239,False,True,44,3.6666666666666665,45,111.16666666666667,1.0,34.04947380895421,0,-0.7142857142857243,19.333333333333332,5.006662228138282,0.5344827586206896,0.46551724137931033,0,1.2571428571428576,44.666666666666664,209.5,0.7114624505928854,15.0,29.0,3.8571428571428616,-0.8285714285714411,3.0285714285714227,777,0.1326530612244898,0,0
11730342,vuejs/vue,TypeScript,2017-04-01,106,18,9,9,21,24,20,197,208,False,True,45,3.75,46,116.83333333333333,1.0,28.62458151076902,0,-9.285714285714288,19.166666666666668,5.036533199202264,0.5217391304347826,0.4782608695652174,0,0.999999999999999,40.666666666666664,207.5,0.7261410788381742,3.0,-12.0,-5.714285714285698,-7.371428571428538,-13.085714285714301,594,0.12927756653992395,0,0
11730342,vuejs/vue,TypeScript,2017-05-01,85,21,15,6,40,38,26,186,176,False,True,46,3.8333333333333335,47,102.5,1.0,13.736811857195626,0,-2.999999999999999,19.5,5.089204259999781,0.5555555555555556,0.4444444444444444,0,1.2285714285714284,39.666666666666664,200.33333333333334,0.7297297297297297,16.0,18.0,-0.17142857142857137,-3.0285714285714453,-3.2000000000000246,572,-0.022222222222222223,0,0
11730342,vuejs/vue,TypeScript,2017-06-01,53,18,11,7,39,38,24,172,158,False,True,47,3.9166666666666665,48,91.66666666666667,1.0,22.13293172326376,0,-6.971428571428564,19.666666666666668,5.006662228138282,0.5847457627118644,0.4152542372881356,0,0.5142857142857131,39.333333333333336,191.0,0.7130044843049327,13.0,22.0,-0.2857142857142901,-3.0285714285714147,-3.3142857142856723,502,-0.3539253539253539,0,0
11730342,vuejs/vue,TypeScript,2017-07-01,66,12,3,9,31,29,16,216,220,False,True,48,4.0,49,88.33333333333333,1.0,24.53297101181703,0,-11.771428571428569,19.666666666666668,5.006662228138282,0.5508474576271186,0.4491525423728814,0,-2.1142857142857125,39.666666666666664,197.66666666666666,0.6814159292035398,12.0,18.0,-9.542857142857157,-0.0571428571428699,-9.600000000000042,590,-0.006734006734006734,0,0
11730342,vuejs/vue,TypeScript,2017-08-01,16,6,2,4,32,19,8,198,177,False,True,49,4.083333333333333,50,72.66666666666667,1.0,35.49460052834308,0,-17.771428571428576,17.0,7.266360849833977,0.5098039215686274,0.49019607843137253,0,-3.599999999999999,37.0,203.0,0.6584158415841584,20.0,40.0,-12.428571428571425,-14.400000000000025,-26.82857142857145,456,-0.20279720279720279,0,0
11730342,vuejs/vue,TypeScript,2017-09-01,85,24,15,9,39,53,32,197,228,False,True,50,4.166666666666667,51,68.5,1.0,31.475387209691082,0,-8.542857142857141,16.5,6.503845016603638,0.5555555555555556,0.4444444444444444,0,-0.6000000000000008,33.666666666666664,194.33333333333334,0.6268656716417911,1.0,-1.0,3.85714285714285,7.000000000000018,10.857142857142804,658,0.3107569721115538,0,0
11730342,vuejs/vue,TypeScript,2017-10-01,110,24,12,12,54,54,31,201,195,False,True,51,4.25,52,69.16666666666667,1.0,32.45561071165742,0,4.885714285714289,17.5,7.204165461731147,0.5523809523809524,0.44761904761904764,0,0.7714285714285707,39.166666666666664,195.0,0.5930735930735931,4.0,16.0,6.485714285714283,11.25714285714284,17.74285714285715,669,0.13389830508474576,0,0
11730342,vuejs/vue,TypeScript,2017-11-01,88,17,11,6,37,36,23,143,154,False,True,52,4.333333333333333,53,69.66666666666667,1.0,32.76990489254816,0,10.742857142857142,16.833333333333332,6.997618642557383,0.5346534653465347,0.46534653465346537,0,1.4,38.666666666666664,187.83333333333334,0.5851528384279476,3.0,-5.0,6.542857142857142,-6.71428571428573,-0.1714285714285867,498,0.09210526315789473,0,0
11730342,vuejs/vue,TypeScript,2017-12-01,58,15,5,10,34,32,19,152,141,False,True,53,4.416666666666667,54,70.5,1.0,32.32181925572856,0,5.7428571428571376,16.333333333333332,7.004760286167303,0.4897959183673469,0.5102040816326531,0,1.3714285714285712,37.833333333333336,184.5,0.57847533632287,4.0,-8.0,4.885714285714284,-27.942857142857143,-23.05714285714285,451,-0.31458966565349544,0,0
11730342,vuejs/vue,TypeScript,2018-01-01,13,6,1,5,32,16,5,199,173,False,True,54,4.5,55,61.666666666666664,1.0,40.103200204804736,0,-3.371428571428571,15.333333333333334,8.091147425839345,0.5,0.5,0,-0.9714285714285718,38.0,181.66666666666666,0.5619047619047619,18.0,22.0,-5.428571428571433,-14.571428571428621,-20.000000000000036,444,-0.336322869955157,0,0
11730342,vuejs/vue,TypeScript,2018-02-01,8,4,3,1,23,4,3,119,107,False,True,55,4.583333333333333,56,60.333333333333336,1.0,42.01269649363928,0,-20.171428571428567,15.0,8.579044235810885,0.5222222222222223,0.4777777777777778,0,-4.4571428571428555,36.5,168.5,0.5794871794871795,24.0,13.0,-21.11428571428571,-30.599999999999998,-51.714285714285715,268,-0.46184738955823296,0,0
11730342,vuejs/vue,TypeScript,2018-03-01,82,29,18,11,50,71,44,166,177,False,True,56,4.666666666666667,57,59.833333333333336,1.0,41.676932068791366,0,-12.142857142857142,15.833333333333334,9.786044485218051,0.5263157894736842,0.47368421052631576,0,-0.6571428571428582,38.333333333333336,163.33333333333334,0.5868544600938967,17.0,33.0,-2.8571428571428683,-11.39999999999998,-14.257142857142847,619,0.37250554323725055,0,0
11730342,vuejs/vue,TypeScript,2018-04-01,12,6,3,3,37,15,5,134,112,False,True,57,4.75,58,43.5,1.0,37.02836750384739,0,-8.94285714285714,12.833333333333334,9.537644712750977,0.5324675324675324,0.4675324675324675,0,-0.4285714285714277,35.5,152.16666666666666,0.5689655172413793,39.0,49.0,0.628571428571429,-7.1714285714285895,-6.542857142857089,321,-0.27702702702702703,0,0
11730342,vuejs/vue,TypeScript,2018-05-01,1,1,1,0,27,7,1,146,134,False,True,58,4.833333333333333,59,29.0,1.0,32.92415526630834,0,-6.114285714285713,10.166666666666666,10.342469079802305,0.5081967213114754,0.4918032786885246,0,-1.285714285714286,33.833333333333336,152.66666666666666,0.5310344827586206,58.0,72.0,-2.9428571428571386,-9.314285714285724,-12.257142857142869,317,0.1828358208955224,0,0
11730342,vuejs/vue,TypeScript,2018-06-01,2,1,0,1,26,9,0,127,118,False,True,59,4.916666666666667,60,19.666666666666668,1.0,30.936494091390585,0,-4.1714285714285735,7.833333333333333,10.609743949156679,0.5531914893617021,0.44680851063829785,0,-1.6285714285714283,32.5,148.5,0.47540983606557374,73.0,70.0,-5.228571428571427,-16.28571428571429,-21.51428571428571,283,-0.5428109854604201,0,0
11730342,vuejs/vue,TypeScript,2018-07-01,6,1,0,1,25,7,0,119,94,False,True,60,5.0,61,18.5,1.0,31.367180300434686,0,-7.457142857142853,7.0,10.972693379476166,0.5952380952380952,0.40476190476190477,0,-2.9714285714285698,31.333333333333332,135.16666666666666,0.4690265486725664,75.0,69.0,-11.485714285714279,-9.285714285714278,-20.771428571428558,252,-0.21495327102803738,0,0
11730342,vuejs/vue,TypeScript,2018-08-01,15,7,4,3,31,16,6,126,115,False,True,61,5.083333333333333,62,19.666666666666668,1.0,31.026870075253232,0,-10.057142857142853,7.5,10.876580344942985,0.5777777777777777,0.4222222222222222,0,-3.5714285714285716,32.666666666666664,136.33333333333334,0.448,71.0,68.0,-18.14285714285715,-18.400000000000006,-36.5428571428571,316,-0.0031545741324921135,0,0
11730342,vuejs/vue,TypeScript,2018-09-01,7,3,0,3,12,7,2,119,104,False,True,62,5.166666666666667,63,7.166666666666667,1.0,5.492419017759177,0,0.5999999999999996,3.1666666666666665,2.7141603981096654,0.42105263157894735,0.5789473684210527,0,0.08571428571428581,26.333333333333332,128.5,0.22950819672131148,97.0,94.0,-3.685714285714288,-7.542857142857133,-11.22857142857144,254,-0.10247349823321555,0,0
11730342,vuejs/vue,TypeScript,2018-10-01,54,33,26,7,22,75,43,104,105,False,True,63,5.25,64,14.166666666666666,1.0,20.133719643092377,0,8.257142857142854,7.666666666666667,12.628011192055016,0.6739130434782609,0.32608695652173914,0,4.914285714285714,23.833333333333332,123.5,0.4297520661157025,22.0,71.0,14.399999999999991,-11.228571428571424,3.1714285714285553,436,0.7301587301587301,0,0
11730342,vuejs/vue,TypeScript,2018-11-01,14,9,6,3,24,23,13,94,89,False,True,64,5.333333333333333,65,16.333333333333332,1.0,19.10671784128933,0,5.6,9.0,12.198360545581526,0.6666666666666666,0.3333333333333333,0,3.7714285714285714,23.333333333333332,114.83333333333333,0.46715328467153283,3.0,64.0,11.914285714285711,-9.71428571428572,2.200000000000012,266,-0.15822784810126583,0,0
11730342,vuejs/vue,TypeScript,2018-12-01,101,45,30,15,32,69,48,110,141,False,True,65,5.416666666666667,66,32.833333333333336,1.0,37.828120051975176,0,14.828571428571424,16.333333333333332,18.184242262647807,0.673469387755102,0.32653061224489793,0,7.3142857142857105,24.333333333333332,112.0,0.5685279187817259,-51.0,24.0,20.714285714285708,0.05714285714285457,20.77142857142857,546,1.1496062992125984,0,0
11730342,vuejs/vue,TypeScript,2019-01-01,88,8,6,2,45,35,11,87,83,False,True,66,5.5,67,46.5,1.0,40.88398219351904,0,17.34285714285714,17.5,17.201744097619866,0.6857142857142857,0.3142857142857143,0,3.0571428571428565,27.666666666666668,106.66666666666667,0.5466666666666666,-59.0,3.0,14.114285714285717,-8.485714285714295,5.628571428571432,357,-0.1811926605504587,0,0
11730342,vuejs/vue,TypeScript,2019-02-01,73,12,8,4,40,37,22,153,147,False,True,67,5.583333333333333,68,56.166666666666664,1.0,38.74747303588519,0,14.828571428571426,18.333333333333332,16.705288583758932,0.6909090909090909,0.3090909090909091,0,0.171428571428569,29.166666666666668,111.16666666666667,0.5650406504065041,-71.0,-2.0,9.48571428571428,9.599999999999989,19.08571428571428,484,0.8195488721804511,0,0
11730342,vuejs/vue,TypeScript,2019-03-01,40,20,8,12,35,28,23,159,147,False,True,68,5.666666666666667,69,61.666666666666664,1.0,32.15379708007517,0,2.6857142857142837,21.166666666666668,14.932068398807532,0.6614173228346457,0.33858267716535434,0,-2.6571428571428566,33.0,117.83333333333333,0.599250936329588,-69.0,-5.0,-6.028571428571429,21.571428571428573,15.542857142857132,452,-0.17216117216117216,0,0
11730342,vuejs/vue,TypeScript,2019-04-01,21,11,5,6,36,24,17,128,122,False,True,69,5.75,70,56.166666666666664,1.0,36.28452378999413,0,-4.657142857142857,17.5,14.124446891825531,0.6,0.4,0,-1.7428571428571429,35.333333333333336,121.83333333333333,0.6203703703703703,-4.0,2.0,-2.742857142857142,18.00000000000001,15.25714285714286,359,0.0056022408963585435,0,0
11730342,vuejs/vue,TypeScript,2019-05-01,6,4,2,2,20,13,5,108,96,False,True,70,5.833333333333333,71,54.833333333333336,1.0,38.2382879672541,0,-20.25714285714285,16.666666666666668,14.854853303438125,0.59,0.41,0,-5.371428571428571,34.666666666666664,124.16666666666667,0.6116504854368932,2.0,9.0,-17.428571428571427,0.31428571428572694,-17.114285714285714,252,-0.4793388429752066,0,0
11730342,vuejs/vue,TypeScript,2019-06-01,8,3,1,2,19,11,7,99,85,False,True,71,5.916666666666667,72,39.333333333333336,1.0,34.44222215053273,0,-17.714285714285715,9.666666666666666,6.2182527020592,0.5172413793103449,0.4827586206896552,0,-1.6571428571428566,32.5,122.33333333333333,0.5743243243243243,47.0,54.0,-13.200000000000003,-7.828571428571421,-21.028571428571418,232,-0.48672566371681414,0,0
11730342,vuejs/vue,TypeScript,2019-07-01,6,3,1,2,26,14,6,95,87,False,True,72,6.0,73,25.666666666666668,1.0,26.65833203084254,0,-12.742857142857144,8.833333333333334,6.794605703546493,0.4716981132075472,0.5283018867924528,0,-2.9428571428571426,29.333333333333332,123.66666666666667,0.6299212598425197,49.0,58.0,-12.885714285714295,-28.628571428571444,-41.51428571428571,237,-0.3398328690807799,0,0
11730342,vuejs/vue,TypeScript,2019-08-01,6,4,2,2,24,15,4,102,92,False,True,73,6.083333333333333,74,14.5,1.0,13.794926603645887,0,-6.085714285714283,7.5,6.833739825307945,0.4222222222222222,0.5777777777777777,0,-2.9999999999999996,26.666666666666668,115.16666666666667,0.5904761904761905,55.0,62.0,-8.828571428571426,-22.39999999999998,-31.228571428571406,247,-0.01984126984126984,0,0
11730342,vuejs/vue,TypeScript,2019-09-01,6,3,1,2,24,18,5,101,91,False,True,74,6.166666666666667,75,8.833333333333334,1.0,6.013872850887596,0,-2.2,4.666666666666667,3.1411250638372397,0.42857142857142855,0.5714285714285714,0,-1.1428571428571426,24.833333333333332,105.5,0.4631578947368421,54.0,60.0,-3.599999999999997,-9.199999999999996,-12.799999999999976,248,0.06896551724137931,0,0
11730342,vuejs/vue,TypeScript,2019-10-01,18,7,4,3,40,28,16,91,75,False,True,75,6.25,76,8.333333333333334,1.0,4.802776974484952,0,1.5428571428571416,4.0,1.549193338482912,0.4583333333333333,0.5416666666666666,0,0.4571428571428568,25.5,99.33333333333333,0.43434343434343436,54.0,70.0,7.342857142857139,-4.399999999999982,2.9428571428571444,275,0.16033755274261605,0,0
11730342,vuejs/vue,TypeScript,2019-11-01,4,1,0,1,15,9,4,77,67,False,True,76,6.333333333333333,77,8.0,1.0,5.059644256267046,0,0.4571428571428572,3.5,1.9748417658131057,0.42857142857142855,0.5714285714285714,0,0.028571428571428602,24.666666666666668,94.16666666666667,0.4421052631578947,53.0,68.0,2.0857142857142876,-7.142857142857132,-5.057142857142863,177,-0.2834008097165992,0,0
11730342,vuejs/vue,TypeScript,2019-12-01,7,4,2,2,13,10,4,74,65,False,True,77,6.416666666666667,78,7.833333333333333,1.0,5.076087732362667,0,0.314285714285714,3.6666666666666665,1.9663841605003063,0.45454545454545453,0.5454545454545454,0,0.0,23.666666666666668,90.0,0.4148936170212766,48.0,63.0,-2.9428571428571444,-11.17142857142857,-14.11428571428571,177,-0.2862903225806452,0,0
11730342,vuejs/vue,TypeScript,2020-01-01,7,3,1,2,23,14,6,67,59,False,True,78,6.5,79,8.0,1.0,5.019960159202074,0,-0.17142857142857185,3.6666666666666665,1.9663841605003063,0.45454545454545453,0.5454545454545454,0,-0.22857142857142834,23.166666666666668,85.33333333333333,0.4148936170212766,45.0,63.0,-3.3142857142857163,-14.885714285714283,-18.199999999999978,179,-0.3490909090909091,0,0
11730342,vuejs/vue,TypeScript,2020-02-01,9,5,3,2,32,17,8,61,56,False,True,79,6.583333333333333,80,8.5,1.0,4.9295030175440795,0,-0.4285714285714282,3.8333333333333335,2.041241452319273,0.4782608695652174,0.5217391304347826,0,0.028571428571428484,24.5,78.5,0.4479166666666667,51.0,58.0,-2.114285714285711,-14.285714285714283,-16.399999999999988,188,0.062146892655367235,0,0
11730342,vuejs/vue,TypeScript,2020-03-01,8,6,3,3,25,14,7,76,69,False,True,80,6.666666666666667,81,8.833333333333334,1.0,4.7923550230176915,0,-1.0000000000000002,4.333333333333333,2.1602468994692483,0.5,0.5,0,0.17142857142857137,24.666666666666668,74.33333333333333,0.4891304347826087,56.0,55.0,-2.485714285714285,-5.685714285714287,-8.17142857142857,205,0.15819209039548024,0,0
11730342,vuejs/vue,TypeScript,2020-04-01,4,3,2,1,20,10,4,73,63,False,True,81,6.75,82,6.5,1.0,2.073644135326959,0,0.14285714285714254,3.6666666666666665,1.751190071541777,0.5,0.5,0,0.5142857142857142,21.333333333333332,71.33333333333333,0.44594594594594594,54.0,49.0,2.8857142857142852,-0.8857142857142918,2.0000000000000098,177,-0.0111731843575419,0,0
11730342,vuejs/vue,TypeScript,2020-05-01,1,1,0,1,14,6,1,40,34,False,True,82,6.833333333333333,83,6.0,1.0,2.966479394834189,0,-1.1428571428571426,3.6666666666666665,1.751190071541777,0.5,0.5,0,-0.39999999999999997,21.166666666666668,65.16666666666667,0.4225352112676056,56.0,45.0,-1.9428571428571426,-7.62857142857143,-9.571428571428573,97,-0.48404255319148937,0,0
11730342,vuejs/vue,TypeScript,2020-06-01,4,2,1,1,15,8,4,42,37,False,True,83,6.916666666666667,84,5.5,1.0,3.0166206257956505,0,-1.2285714285714284,3.3333333333333335,1.8618986725024782,0.5,0.5,0,-0.5714285714285712,21.5,59.833333333333336,0.43478260869565216,60.0,41.0,-5.714285714285716,-10.65714285714286,-16.371428571428574,112,-0.45365853658536587,0,0
11730342,vuejs/vue,TypeScript,2020-07-01,2,2,1,1,25,16,2,47,44,False,True,84,7.0,85,4.666666666666667,1.0,3.2041639575156395,0,-1.4285714285714282,3.1666666666666665,1.9407902170679059,0.5263157894736842,0.47368421052631576,0,-0.828571428571428,21.833333333333332,56.5,0.36619718309859156,60.0,36.0,-3.9999999999999982,-11.142857142857148,-15.142857142857151,138,-0.22033898305084745,0,0
11730342,vuejs/vue,TypeScript,2020-08-01,8,4,0,4,23,24,5,51,47,False,True,85,7.083333333333333,86,4.5,1.0,2.949576240746388,0,-0.08571428571428652,3.0,1.788854381999782,0.3888888888888889,0.6111111111111112,0,-0.3428571428571429,20.333333333333332,54.833333333333336,0.2948717948717949,44.0,35.0,1.7999999999999994,-10.428571428571434,-8.628571428571432,162,0.6701030927835051,0,0
11730342,vuejs/vue,TypeScript,2020-09-01,11,8,5,3,11,23,11,50,53,False,True,86,7.166666666666667,87,5.0,1.0,3.7947331921988487,0,1.5428571428571427,3.3333333333333335,2.5033311140691104,0.45,0.55,0,0.9714285714285713,18.0,50.5,0.3103448275862069,21.0,25.0,4.685714285714287,-2.314285714285727,2.3714285714285683,167,0.49107142857142855,0,0
11730342,vuejs/vue,TypeScript,2020-10-01,4,4,3,1,22,13,4,28,23,False,True,87,7.25,88,5.0,1.0,3.7947331921988487,0,1.2000000000000002,3.5,2.5099800796021925,0.47619047619047616,0.5238095238095238,0,0.9999999999999998,18.333333333333332,43.0,0.3,20.0,20.0,4.371428571428571,-1.0285714285714245,3.3428571428571474,98,-0.2898550724637681,0,0
11730342,vuejs/vue,TypeScript,2020-11-01,4,3,1,2,17,13,3,34,27,False,True,88,7.333333333333333,89,5.5,1.0,3.331666249787895,0,0.25714285714285684,3.8333333333333335,2.228601953392866,0.4782608695652174,0.5217391304347826,0,0.4285714285714284,18.833333333333332,42.0,0.29896907216494845,16.0,21.0,0.3142857142857116,-5.857142857142858,-5.542857142857146,101,-0.3765432098765432,0,0
11730342,vuejs/vue,TypeScript,2020-12-01,2,1,0,1,17,10,2,29,26,False,True,89,7.416666666666667,90,5.166666666666667,1.0,3.6009258068783305,0,-0.5428571428571428,3.6666666666666665,2.422120283277958,0.45454545454545453,0.5454545454545454,0,-0.34285714285714286,19.166666666666668,39.833333333333336,0.2727272727272727,16.0,19.0,-3.7999999999999985,-9.799999999999994,-13.599999999999996,87,-0.47904191616766467,0,0
11730342,vuejs/vue,TypeScript,2021-01-01,4,1,0,1,12,9,4,38,34,False,True,90,7.5,91,5.5,1.0,3.331666249787895,0,-1.3428571428571427,3.5,2.5884358211089236,0.42857142857142855,0.5714285714285714,0,-1.0571428571428574,17.0,38.333333333333336,0.31521739130434784,10.0,20.0,-5.400000000000001,-7.542857142857143,-12.942857142857134,102,0.04081632653061224,0,0
11730342,vuejs/vue,TypeScript,2021-02-01,0,0,0,0,9,6,0,19,19,False,True,91,7.583333333333333,92,4.166666666666667,1.0,3.710345895821872,1,-1.6285714285714277,2.8333333333333335,2.926886855801995,0.5294117647058824,0.47058823529411764,1,-1.4571428571428564,14.666666666666666,33.0,0.32432432432432434,14.0,16.0,-5.599999999999997,-7.657142857142851,-13.257142857142858,53,-0.4752475247524752,0,0
11730342,vuejs/vue,TypeScript,2021-03-01,19,13,9,4,24,38,19,41,49,False,True,92,7.666666666666667,93,5.5,1.0,6.804410334479817,0,1.8571428571428563,3.6666666666666665,4.802776974487416,0.5909090909090909,0.4090909090909091,0,1.0285714285714282,16.833333333333332,31.5,0.3595505617977528,12.0,11.0,4.342857142857139,4.0857142857142845,8.428571428571427,203,1.3333333333333333,0,0
11730342,vuejs/vue,TypeScript,2021-04-01,37,14,10,4,26,36,16,30,36,False,True,93,7.75,94,11.0,1.0,14.422205101855143,0,6.057142857142855,5.333333333333333,6.408327915038876,0.625,0.375,0,2.5714285714285716,17.5,31.833333333333332,0.39285714285714285,-7.0,0.0,10.599999999999998,2.7428571428571447,13.342857142857143,195,0.9117647058823529,0,0
11730342,vuejs/vue,TypeScript,2021-05-01,4,3,0,3,17,8,2,32,31,False,True,94,7.833333333333333,95,11.0,1.0,14.422205101855143,0,3.657142857142856,5.333333333333333,6.408327915038876,0.59375,0.40625,0,1.7714285714285711,17.5,31.5,0.40186915887850466,-2.0,-6.0,6.142857142857142,2.1142857142857148,8.257142857142854,97,0.8301886792452831,0,0
11730342,vuejs/vue,TypeScript,2021-06-01,13,6,0,6,11,13,6,48,51,False,True,95,7.916666666666667,96,12.833333333333334,1.0,13.731957859920904,0,2.1428571428571415,6.166666666666667,6.047037842337891,0.5135135135135135,0.4864864864864865,0,0.9999999999999996,16.5,34.666666666666664,0.42727272727272725,-11.0,-12.0,1.6571428571428535,5.314285714285712,6.971428571428562,148,-0.270935960591133,0,0
11730342,vuejs/vue,TypeScript,2021-07-01,2,1,0,1,14,10,2,26,27,False,True,96,8.0,97,12.5,1.0,14.010710188993873,0,-1.171428571428571,6.166666666666667,6.047037842337891,0.5135135135135135,0.4864864864864865,0,-0.7714285714285716,16.833333333333332,32.666666666666664,0.40540540540540543,-10.0,-17.0,-4.2571428571428545,2.828571428571428,-1.428571428571418,82,-0.5794871794871795,0,0
11730342,vuejs/vue,TypeScript,2021-08-01,6,4,0,4,17,14,5,30,38,False,True,97,8.083333333333334,98,13.5,1.0,13.126309458487441,0,-4.6000000000000005,6.833333333333333,5.419102016632139,0.4634146341463415,0.5365853658536586,0,-2.314285714285714,18.166666666666668,34.5,0.42016806722689076,-10.0,-25.0,-10.799999999999995,-3.228571428571431,-14.028571428571434,114,0.17525773195876287,0,0
11730342,vuejs/vue,TypeScript,2021-09-01,7,4,2,2,21,18,7,33,30,False,True,98,8.166666666666666,99,11.5,1.0,13.034569421349392,0,-4.428571428571426,5.333333333333333,4.546060565661934,0.375,0.625,0,-1.4857142857142849,17.666666666666668,33.166666666666664,0.3838383838383838,7.0,-14.0,-3.914285714285714,-1.3142857142857145,-5.228571428571427,120,-0.1891891891891892,0,0
11730342,vuejs/vue,TypeScript,2021-10-01,3,1,0,1,18,12,3,18,18,False,True,99,8.25,100,5.833333333333333,1.0,3.970726214012047,0,-0.5428571428571429,3.1666666666666665,1.9407902170679057,0.10526315789473684,0.8947368421052632,0,-0.3714285714285713,16.333333333333332,31.166666666666668,0.3333333333333333,23.0,-8.0,2.5142857142857133,-6.5142857142857125,-3.9999999999999982,73,-0.10975609756097561,0,0
11730342,vuejs/vue,TypeScript,2021-11-01,8,4,3,1,12,11,8,15,16,False,True,100,8.333333333333334,101,6.5,1.0,3.9370039370028422,0,-0.6,3.3333333333333335,1.966384160500305,0.25,0.75,0,-0.285714285714286,15.5,28.333333333333332,0.3974358974358974,15.0,-10.0,1.0285714285714274,-11.314285714285711,-10.285714285714286,74,-0.3508771929824561,0,0
11730342,vuejs/vue,TypeScript,2021-12-01,4,2,0,2,10,5,1,26,26,False,True,101,8.416666666666666,102,5.0,1.0,2.366431913234704,0,0.3428571428571428,2.6666666666666665,1.5055453054181016,0.3125,0.6875,0,0.057142857142857266,15.333333333333334,24.666666666666668,0.37142857142857144,22.0,-7.0,-2.2285714285714286,-4.085714285714283,-6.31428571428571,74,-0.38333333333333336,0,0
11730342,vuejs/vue,TypeScript,2022-01-01,3,2,0,2,14,9,3,30,28,False,True,102,8.5,103,5.166666666666667,1.0,2.136976056637592,0,-0.5428571428571423,2.8333333333333335,1.3291601358250578,0.29411764705882354,0.7058823529411765,0,-0.3714285714285715,15.333333333333334,25.333333333333332,0.391304347826087,23.0,-4.0,-4.057142857142855,-2.5142857142857142,-6.57142857142857,89,0.2191780821917808,0,0
11730342,vuejs/vue,TypeScript,2022-02-01,4,3,0,3,21,16,3,12,10,False,True,103,8.583333333333334,104,4.833333333333333,1.0,2.1369760566375806,0,-0.5428571428571431,2.6666666666666665,1.2110601416389215,0.3125,0.6875,0,-0.11428571428571417,16.0,22.333333333333332,0.352112676056338,25.0,6.0,-1.885714285714285,-3.371428571428576,-5.25714285714285,69,-0.06756756756756757,0,0
11730342,vuejs/vue,TypeScript,2022-03-01,0,0,0,0,12,8,0,14,12,False,True,104,8.666666666666666,105,3.6666666666666665,1.0,2.581988897466861,1,-0.7999999999999994,2.0,1.4142135623730288,0.25,0.75,1,-0.22857142857142845,14.5,19.166666666666668,0.29508196721311475,26.0,5.0,-0.8000000000000004,-2.0285714285714294,-2.8285714285714296,46,-0.3783783783783784,0,0
11730342,vuejs/vue,TypeScript,2022-04-01,8,2,1,1,12,8,0,8,7,False,True,105,8.75,106,4.5,1.0,3.0822070014805285,0,-0.3142857142857143,2.1666666666666665,1.3291601358250555,0.3076923076923077,0.6923076923076923,0,-0.4285714285714286,13.5,17.5,0.2631578947368421,24.0,6.0,-0.8285714285714305,-5.542857142857138,-6.371428571428568,45,-0.4943820224719101,0,0
11730342,vuejs/vue,TypeScript,2022-05-01,86,3,0,3,6,20,0,9,11,False,True,106,8.833333333333334,107,17.5,1.0,33.65560874505136,0,12.028571428571423,2.0,1.0954451150102467,0.08333333333333333,0.9166666666666666,0,0.057142857142857086,12.5,16.5,0.10606060606060606,9.0,5.0,0.3428571428571408,-8.142857142857139,-7.800000000000002,135,0.9565217391304348,0,0
11730342,vuejs/vue,TypeScript,2022-06-01,86,4,2,2,21,16,3,21,20,False,True,107,8.916666666666666,108,31.166666666666668,1.0,42.5507540082035,0,19.11428571428571,2.3333333333333335,1.3662601021278789,0.21428571428571427,0.7857142857142857,0,0.34285714285714275,14.333333333333334,15.666666666666666,0.11688311688311688,9.0,6.0,0.7999999999999999,-2.9142857142857164,-2.1142857142857148,171,2.717391304347826,0,0
11730342,vuejs/vue,TypeScript,2022-07-01,63,14,11,3,35,37,16,94,80,False,True,108,9.0,109,41.166666666666664,1.0,41.648129209685365,0,18.028571428571425,4.333333333333333,4.926120853842961,0.5384615384615384,0.46153846153846156,0,1.9428571428571422,17.833333333333332,26.333333333333332,0.20952380952380953,2.0,18.0,8.74285714285714,23.142857142857135,31.885714285714275,339,6.533333333333333,0,0
11730342,vuejs/vue,TypeScript,2022-08-01,20,10,7,3,26,23,10,26,34,False,True,109,9.083333333333334,110,43.833333333333336,1.0,39.23476349701433,0,7.571428571428573,5.5,5.357238094391534,0.6363636363636364,0.36363636363636365,0,2.4857142857142853,18.666666666666668,28.666666666666668,0.25892857142857145,0.0,8.0,11.799999999999999,19.085714285714285,30.885714285714283,149,0.1037037037037037,0,0
11730342,vuejs/vue,TypeScript,2022-09-01,2,1,0,1,18,10,0,18,6,False,True,110,9.166666666666666,111,44.166666666666664,1.0,38.79389986411069,0,-7.171428571428572,5.666666666666667,5.163977794943207,0.6176470588235294,0.38235294117647056,0,0.7428571428571427,19.666666666666668,29.333333333333332,0.2543859649122807,4.0,18.0,5.3428571428571425,8.514285714285714,13.857142857142852,55,-0.6783625730994152,0,0
11730342,vuejs/vue,TypeScript,2022-10-01,22,8,5,3,24,24,8,24,22,False,True,111,9.25,112,46.5,1.0,36.53902023864326,0,-17.57142857142856,6.666666666666667,4.8853522561496545,0.625,0.375,0,0.34285714285714275,21.666666666666668,32.0,0.2846153846153846,0.0,19.0,2.4285714285714257,-0.9999999999999952,1.4285714285714275,132,-0.6106194690265486,0,0
11730342,vuejs/vue,TypeScript,2022-11-01,8,4,2,2,23,15,4,7,12,False,True,112,9.333333333333334,113,33.5,1.0,33.417061510551456,0,-15.171428571428569,6.833333333333333,4.750438576243936,0.6585365853658537,0.34146341463414637,0,-0.7714285714285717,24.5,31.666666666666668,0.328,22.0,16.0,-3.3428571428571447,-15.142857142857155,-18.485714285714284,73,-0.5100671140939598,0,0
11730342,vuejs/vue,TypeScript,2022-12-01,4,4,4,0,14,14,4,13,7,False,True,113,9.416666666666666,114,19.833333333333332,1.0,22.70168863029013,0,-8.885714285714286,6.833333333333333,4.750438576243936,0.7073170731707317,0.2926829268292683,0,-1.7428571428571429,23.333333333333332,30.333333333333332,0.34146341463414637,17.0,21.0,-8.657142857142853,-24.885714285714275,-33.542857142857144,60,0.09090909090909091,0,0
11730342,vuejs/vue,TypeScript,2023-01-01,1,1,1,0,18,13,1,12,3,False,True,114,9.5,115,9.5,1.0,9.246621004452164,0,-2.9428571428571435,4.666666666666667,3.6696957185394137,0.6785714285714286,0.32142857142857145,0,-1.1428571428571426,20.5,16.666666666666668,0.2727272727272727,24.0,16.0,-3.9142857142857164,-7.542857142857142,-11.45714285714285,49,-0.6287878787878788,0,0
11730342,vuejs/vue,TypeScript,2023-02-01,1,1,1,0,14,10,1,11,6,False,True,115,9.583333333333334,116,6.333333333333333,1.0,8.11582815654953,0,-2.057142857142856,3.1666666666666665,2.7868739954771,0.6842105263157895,0.3157894736842105,0,-0.6,18.5,14.166666666666666,0.20930232558139536,25.0,29.0,-2.7714285714285714,-3.6285714285714277,-6.400000000000005,44,-0.3972602739726027,0,0
11730342,vuejs/vue,TypeScript,2023-03-01,0,0,0,0,13,7,0,11,4,False,True,116,9.666666666666666,117,6.0,1.0,8.366600265339287,1,-3.8285714285714287,3.0,2.9664793948382364,0.7222222222222222,0.2777777777777778,1,-1.4857142857142853,17.666666666666668,13.0,0.21686746987951808,23.0,24.0,-6.599999999999998,-4.742857142857142,-11.342857142857145,35,-0.4166666666666667,0,0
11730342,vuejs/vue,TypeScript,2023-04-01,1,1,1,0,8,8,1,8,7,False,True,117,9.75,118,2.5,1.0,3.0166206257955053,0,-1.3428571428571425,1.8333333333333333,1.7224014243684562,0.8181818181818182,0.18181818181818182,0,-0.7714285714285711,15.0,10.333333333333334,0.16417910447761194,23.0,23.0,-4.799999999999998,-0.9428571428571435,-5.742857142857144,34,-0.30612244897959184,0,0
11730342,vuejs/vue,TypeScript,2023-05-01,0,0,0,0,6,5,0,2,1,False,True,118,9.833333333333334,119,1.1666666666666667,1.0,1.4719601443793673,1,-0.5999999999999996,1.1666666666666667,1.4719601443879118,1.0,0.0,1,-0.5999999999999996,12.166666666666666,9.5,0.12280701754385964,16.0,29.0,-4.428571428571426,-2.4857142857142844,-6.914285714285714,14,-0.6818181818181818,0,0
11730342,vuejs/vue,TypeScript,2023-06-01,0,0,0,0,9,9,0,9,5,False,True,119,9.916666666666666,120,0.5,1.0,0.5477225574819417,2,-0.2,0.5,0.5477225575049942,1.0,0.0,2,-0.2,11.333333333333334,8.833333333333334,0.057692307692307696,16.0,27.0,-3.285714285714287,-1.342857142857143,-4.628571428571427,32,-0.08571428571428572,0,0
11730342,vuejs/vue,TypeScript,2023-07-01,0,0,0,0,9,7,0,9,6,False,True,120,10.0,121,0.3333333333333333,1.0,0.5163977794696643,3,-0.17142857142857135,0.3333333333333333,0.5163977794941391,1.0,0.0,3,-0.17142857142857135,9.833333333333334,8.333333333333334,0.043478260869565216,13.0,21.0,-1.628571428571429,-0.7142857142857147,-2.342857142857144,31,-0.08823529411764706,0,0
11730342,vuejs/vue,TypeScript,2023-08-01,0,0,0,0,11,13,0,5,4,False,True,121,10.083333333333334,122,0.16666666666666666,1.0,0.40824829043264155,4,-0.08571428571428574,0.16666666666666666,0.40824829046363015,1.0,0.0,4,-0.08571428571428574,9.333333333333334,7.333333333333333,0.02040816326530612,7.0,17.0,0.685714285714284,-0.5428571428571421,0.14285714285714218,33,1.3571428571428572,0,0
11730342,vuejs/vue,TypeScript,2023-09-01,0,0,0,0,7,7,0,9,5,False,True,122,10.166666666666666,123,0.16666666666666666,1.0,0.40824829043264155,5,-0.1428571428571428,0.16666666666666666,0.40824829046363015,1.0,0.0,5,-0.1428571428571428,8.333333333333334,7.0,0.02040816326530612,1.0,14.0,0.628571428571428,0.39999999999999947,1.0285714285714302,28,-0.125,0,0
11730342,vuejs/vue,TypeScript,2023-10-01,14,6,4,2,11,17,8,4,6,False,True,123,10.25,124,2.3333333333333335,1.0,5.715476066491882,0,1.9999999999999991,1.0,2.44948974278314,0.6666666666666666,0.3333333333333333,0,0.8571428571428569,8.833333333333334,6.333333333333333,0.13793103448275862,-5.0,11.0,3.4571428571428564,0.8285714285714292,4.285714285714285,66,1.1290322580645162,0,0
11730342,vuejs/vue,TypeScript,2023-11-01,1,1,0,1,11,9,0,5,4,False,True,124,10.333333333333334,125,2.5,1.0,5.648008498574951,0,1.3428571428571427,1.1666666666666667,2.401388487243678,0.5714285714285714,0.42857142857142855,0,0.657142857142857,9.666666666666666,6.833333333333333,0.12903225806451613,-4.0,11.0,1.7142857142857144,-0.9999999999999998,0.7142857142857175,31,-0.06060606060606061,0,0
11730342,vuejs/vue,TypeScript,2023-12-01,28,6,3,3,12,24,6,6,32,False,True,125,10.416666666666666,126,7.166666666666667,1.0,11.600287352761667,0,4.485714285714284,2.1666666666666665,2.9944392908633977,0.5384615384615384,0.46153846153846156,0,1.1142857142857139,10.166666666666666,6.333333333333333,0.18181818181818182,-16.0,-19.0,3.9999999999999987,3.17142857142857,7.171428571428568,114,3.0714285714285716,0,0
11730342,vuejs/vue,TypeScript,2024-01-01,2,1,0,1,21,19,0,0,0,False,True,126,10.5,127,7.5,1.0,11.379806676739973,0,2.314285714285715,2.3333333333333335,2.8751811537130125,0.5,0.5,0,0.5142857142857143,12.166666666666666,4.833333333333333,0.15730337078651685,-16.0,-22.0,4.228571428571429,0.7428571428571451,4.971428571428572,43,-0.3484848484848485,0,0
11730342,vuejs/vue,TypeScript,2024-02-01,0,0,0,0,7,10,0,2,2,False,True,127,10.583333333333334,128,7.5,1.0,11.379806676739973,1,-0.2571428571428578,2.3333333333333335,2.8751811537130125,0.5,0.5,1,-0.2857142857142857,11.5,4.333333333333333,0.16279069767441862,-17.0,-23.0,1.4000000000000001,-1.4571428571428569,-0.05714285714286032,21,-0.3225806451612903,0,0
11730342,vuejs/vue,TypeScript,2024-03-01,0,0,0,0,4,6,0,2,2,False,True,128,10.666666666666666,129,7.5,1.0,11.379806676739973,2,-2.8285714285714287,2.3333333333333335,2.8751811537130125,0.5,0.5,2,-1.0857142857142856,11.0,3.1666666666666665,0.16470588235294117,-19.0,-27.0,-4.0285714285714285,-2.371428571428571,-6.3999999999999995,14,-0.8771929824561403,0,0
11730342,vuejs/vue,TypeScript,2024-04-01,0,0,0,0,3,4,0,0,0,False,True,129,10.75,130,5.166666666666667,1.0,11.214573851316954,3,-2.599999999999999,1.3333333333333333,2.3380903888999853,0.375,0.625,3,-0.6857142857142858,9.666666666666666,2.5,0.08333333333333333,-14.0,-25.0,-5.257142857142855,-4.0857142857142845,-9.34285714285714,7,-0.8372093023255814,0,0
11730342,vuejs/vue,TypeScript,2024-05-01,1,1,1,0,8,8,1,0,0,False,True,130,10.833333333333334,131,5.166666666666667,1.0,11.214573851316954,0,-4.0285714285714285,1.3333333333333333,2.3380903888999853,0.5,0.5,0,-0.7999999999999997,9.166666666666666,1.6666666666666667,0.09859154929577464,-16.0,-26.0,-6.599999999999998,-5.428571428571425,-12.028571428571427,19,-0.09523809523809523,0,0
11730342,vuejs/vue,TypeScript,2024-06-01,1,1,1,0,7,7,1,0,0,False,True,131,10.916666666666666,132,0.6666666666666666,1.0,0.8164965809121851,0,-0.05714285714285711,0.5,0.547722557504994,0.6666666666666666,0.3333333333333333,0,0.08571428571428572,8.333333333333334,0.6666666666666666,0.037037037037037035,-4.0,0.0,-3.6571428571428553,-0.457142857142857,-4.1142857142857165,17,0.21428571428571427,0,0
11730342,vuejs/vue,TypeScript,2024-07-01,0,0,0,0,4,3,0,0,1,False,True,132,11.0,133,0.3333333333333333,1.0,0.5163977794696999,1,0.1142857142857143,0.3333333333333333,0.5163977794941387,1.0,0.0,1,0.1142857142857143,5.5,0.6666666666666666,0.05263157894736842,-5.0,-1.0,-0.7142857142857142,-0.7714285714285714,-1.4857142857142867,8,0.14285714285714285,0,0
11730342,vuejs/vue,TypeScript,2024-08-01,0,0,0,0,8,9,0,2,3,False,True,133,11.083333333333334,134,0.3333333333333333,1.0,0.5163977794696999,2,-1.4970244210116104e-17,0.3333333333333333,0.5163977794941387,1.0,0.0,2,-1.4970244210116104e-17,5.666666666666667,0.6666666666666666,0.05405405405405406,-3.0,-2.0,0.9428571428571423,0.22857142857142845,1.1714285714285708,22,0.15789473684210525,0,0
11730342,vuejs/vue,TypeScript,2024-09-01,0,0,0,0,2,2,0,1,0,False,True,134,11.166666666666666,135,0.3333333333333333,1.0,0.5163977794696999,3,-0.11428571428571425,0.3333333333333333,0.5163977794941387,1.0,0.0,3,-0.11428571428571425,5.333333333333333,0.5,0.06060606060606061,-1.0,-1.0,-0.657142857142857,0.6,-0.057142857142856246,5,-0.7058823529411765,0,0
11730342,vuejs/vue,TypeScript,2024-10-01,1,1,1,0,9,8,1,0,1,False,True,135,11.25,136,0.5,1.0,0.5477225574819755,0,-0.08571428571428572,0.5,0.547722557504994,1.0,0.0,0,-0.08571428571428572,6.333333333333333,0.5,0.08108108108108109,1.0,-2.0,-0.5142857142857146,0.34285714285714275,-0.17142857142857137,21,1.625,0,0
11730342,vuejs/vue,TypeScript,2024-11-01,0,0,0,0,3,3,0,0,1,False,True,136,11.333333333333334,137,0.3333333333333333,1.0,0.5163977794696999,1,-0.0571428571428571,0.3333333333333333,0.5163977794941387,1.0,0.0,1,-0.0571428571428571,5.5,0.5,0.0625,1.0,-3.0,-0.7142857142857142,0.028571428571428633,-0.6857142857142859,7,-0.6818181818181818,0,0
11730342,vuejs/vue,TypeScript,2024-12-01,0,0,0,0,0,2,0,0,0,False,True,137,11.416666666666666,138,0.16666666666666666,1.0,0.40824829043268623,2,0.028571428571428564,0.16666666666666666,0.40824829046362965,1.0,0.0,2,0.028571428571428564,4.333333333333333,0.5,0.037037037037037035,-1.0,-3.0,-1.2571428571428573,-0.4857142857142857,-1.7428571428571429,2,-0.6,0,0
11730342,vuejs/vue,TypeScript,2025-01-01,0,0,0,0,5,3,0,0,0,False,True,138,11.5,139,0.16666666666666666,1.0,0.40824829043268623,3,-0.028571428571428584,0.16666666666666666,0.40824829046362965,1.0,0.0,3,-0.028571428571428584,4.5,0.5,0.037037037037037035,0.0,-2.0,-1.8000000000000007,-0.7999999999999996,-2.5999999999999996,8,-0.6190476190476191,0,0
11730342,vuejs/vue,TypeScript,2025-02-01,0,0,0,0,3,4,0,5,2,False,True,139,11.583333333333334,140,0.16666666666666666,1.0,0.40824829043268623,4,-0.08571428571428574,0.16666666666666666,0.40824829046362965,1.0,0.0,4,-0.08571428571428574,3.6666666666666665,1.0,0.045454545454545456,0.0,2.0,-0.5428571428571426,0.7428571428571425,0.19999999999999984,14,1.0,0,0
11730342,vuejs/vue,TypeScript,2025-03-01,0,0,0,0,2,3,0,4,4,False,True,140,11.666666666666666,141,0.16666666666666666,1.0,0.40824829043268623,5,-0.1428571428571428,0.16666666666666666,0.40824829046362965,1.0,0.0,5,-0.1428571428571428,3.6666666666666665,1.5,0.043478260869565216,-1.0,1.0,-1.5999999999999996,1.514285714285714,-0.0857142857142852,13,5.5,0,0
11730342,vuejs/vue,TypeScript,2025-04-01,0,0,0,0,3,2,0,0,1,False,True,141,11.75,142,0.0,1.0,0.0,6,0.0,0.0,0.0,,,6,0.0,2.6666666666666665,1.5,0.0,-1.0,1.0,0.08571428571428545,0.8857142857142858,0.9714285714285718,6,-0.25,0,0
11730342,vuejs/vue,TypeScript,2025-05-01,0,0,0,0,5,6,0,0,1,False,True,142,11.833333333333334,143,0.0,1.0,0.0,7,0.0,0.0,0.0,,,7,0.0,3.0,1.5,0.0,-2.0,1.0,0.9714285714285706,0.25714285714285684,1.2285714285714278,12,-0.14285714285714285,0,0
11730342,vuejs/vue,TypeScript,2025-06-01,0,0,0,0,3,3,0,0,0,False,True,143,11.916666666666666,144,0.0,1.0,0.0,8,0.0,0.0,0.0,,,8,0.0,3.5,1.5,0.0,0.0,1.0,0.057142857142857204,-0.7142857142857141,-0.6571428571428573,6,-0.5384615384615384,0,0
11730342,vuejs/vue,TypeScript,2025-07-01,0,0,0,0,9,9,0,1,1,False,True,144,12.0,145,0.0,1.0,0.0,9,0.0,0.0,0.0,,,9,0.0,4.166666666666667,1.6666666666666667,0.0,-2.0,1.0,1.8285714285714278,-1.3999999999999997,0.42857142857142894,20,2.3333333333333335,0,0
11730342,vuejs/vue,TypeScript,2025-08-01,0,0,0,0,5,1,0,0,0,False,True,145,12.083333333333334,146,0.0,1.0,0.0,10,0.0,0.0,0.0,,,10,0.0,4.5,0.8333333333333334,0.0,3.0,-2.0,1.1142857142857145,-1.0857142857142852,0.02857142857142944,6,-0.5,0,0
11730342,vuejs/vue,TypeScript,2025-09-01,0,0,0,0,4,1,0,0,0,False,True,146,12.166666666666666,147,0.0,1.0,0.0,11,0.0,0.0,0.0,,,11,0.0,4.833333333333333,0.16666666666666666,0.0,7.0,-2.0,-0.08571428571428497,-0.17142857142857146,-0.25714285714285756,5,-0.16666666666666666,0,0
11730342,vuejs/vue,TypeScript,2025-10-01,0,0,0,0,4,3,0,0,0,False,True,147,12.25,148,0.0,1.0,0.0,12,0.0,0.0,0.0,,,12,0.0,5.0,0.16666666666666666,0.0,7.0,-1.0,-1.0,-0.2,-1.2,7,-0.65,0,0
11730342,vuejs/vue,TypeScript,2025-11-01,0,0,0,0,5,0,0,1,0,False,True,148,12.333333333333334,149,0.0,1.0,0.0,13,0.0,0.0,0.0,,,13,0.0,5.0,0.3333333333333333,0.0,13.0,1.0,-1.1142857142857139,-0.02857142857142866,-1.1428571428571423,6,0.0,0,0
11730342,vuejs/vue,TypeScript,2025-12-01,0,0,0,0,2,4,0,0,0,False,True,149,12.416666666666666,150,0.0,1.0,0.0,14,0.0,0.0,0.0,,,14,0.0,4.833333333333333,0.3333333333333333,0.0,11.0,1.0,-1.7428571428571416,-0.19999999999999996,-1.942857142857143,6,0.2,0,0
11730342,vuejs/vue,TypeScript,2026-01-01,0,0,0,0,6,3,0,0,0,False,True,150,12.5,151,0.0,1.0,0.0,15,0.0,0.0,0.0,,,15,0.0,4.333333333333333,0.16666666666666666,0.0,14.0,1.0,0.4571428571428569,0.028571428571428564,0.48571428571428527,9,0.2857142857142857,0,0
11730342,vuejs/vue,TypeScript,2026-02-01,0,0,0,0,7,4,0,3,0,False,True,151,12.583333333333334,152,0.0,1.0,0.0,16,0.0,0.0,0.0,,,16,0.0,4.666666666666667,0.6666666666666666,0.0,13.0,4.0,1.0571428571428572,0.39999999999999986,1.4571428571428569,14,1.3333333333333333,0,0
11730342,vuejs/vue,TypeScript,2026-03-01,0,0,0,0,3,4,0,1,1,False,True,152,12.666666666666666,153,0.0,1.0,0.0,17,0.0,0.0,0.0,,,17,0.0,4.5,0.8333333333333334,0.0,9.0,4.0,0.6000000000000001,0.4571428571428571,1.057142857142857,9,0.5,0,0
11730342,vuejs/vue,TypeScript,2026-04-01,0,0,0,0,8,9,0,0,0,False,True,153,12.75,154,0.0,1.0,0.0,18,0.0,0.0,0.0,,,18,0.0,5.166666666666667,0.8333333333333334,0.0,7.0,4.0,1.8571428571428563,0.11428571428571424,1.9714285714285709,17,0.8888888888888888,0,0
11730342,vuejs/vue,TypeScript,2026-05-01,0,0,0,0,7,5,0,1,1,False,True,154,12.833333333333334,155,0.0,1.0,0.0,19,0.0,0.0,0.0,,,19,0.0,5.5,0.8333333333333334,0.0,4.0,3.0,1.428571428571428,0.2571428571428571,1.6857142857142857,14,0.0,0,0
11730342,vuejs/vue,TypeScript,2026-06-01,0,0,0,0,11,4,0,5,0,False,True,155,12.916666666666666,156,0.0,1.0,0.0,20,0.0,0.0,0.0,,,20,0.0,7.0,1.6666666666666667,0.0,13.0,8.0,1.2285714285714278,0.5714285714285713,1.799999999999999,20,1.2222222222222223,0,0
11730342,vuejs/vue,TypeScript,2026-07-01,0,0,0,0,3,1,0,0,0,False,True,156,13.0,157,0.0,1.0,0.0,21,0.0,0.0,0.0,,,21,0.0,6.5,1.6666666666666667,0.0,12.0,8.0,-0.4571428571428574,-0.11428571428571412,-0.5714285714285713,4,-0.7647058823529411,0,0
11730342,vuejs/vue,TypeScript,2026-08-01,0,0,0,0,1,1,0,0,0,False,True,157,13.083333333333334,158,0.0,1.0,0.0,22,0.0,0.0,0.0,,,22,0.0,5.5,1.1666666666666667,0.0,9.0,5.0,-1.7428571428571422,-0.20000000000000012,-1.9428571428571413,2,-0.8571428571428571,0,0
11730342,vuejs/vue,TypeScript,2026-09-01,0,0,0,0,1,0,0,0,0,True,True,158,13.166666666666666,159,0.0,1.0,0.0,23,0.0,0.0,0.0,,,23,0.0,5.166666666666667,1.0,0.0,11.0,5.0,-3.457142857142857,-0.3142857142857142,-3.7714285714285722,1,-0.95,0,0
33340924,blakemcbride/eclipse-lisp,C,2015-04-01,8,1,1,0,0,0,0,1,0,False,True,0,0.0,1,8.0,1.0,0.0,0,,1.0,0.0,1.0,0.0,0,,0.0,1.0,,0.0,1.0,,,,10,,0,0
33340924,blakemcbride/eclipse-lisp,C,2015-05-01,0,0,0,0,0,0,0,0,0,False,False,1,0.08333333333333333,2,4.0,0.5,5.656854249492381,1,,0.5,0.7071067811865476,1.0,0.0,1,,0.0,0.5,,0.0,1.0,,,,0,,1,1
33340924,blakemcbride/eclipse-lisp,C,2015-06-01,0,0,0,0,0,0,0,0,0,False,False,2,0.16666666666666666,3,2.6666666666666665,0.3333333333333333,4.618802153517007,2,-4.000000000000001,0.3333333333333333,0.5773502691896258,1.0,0.0,2,-0.5000000000000001,0.0,0.3333333333333333,,0.0,1.0,0.0,-0.5000000000000001,-0.5000000000000001,0,,2,2
33340924,blakemcbride/eclipse-lisp,C,2015-07-01,0,0,0,0,0,0,0,0,0,False,False,3,0.25,4,2.0,0.25,4.0,3,-2.4000000000000004,0.25,0.5,1.0,0.0,3,-0.30000000000000004,0.0,0.25,,0.0,1.0,0.0,-0.30000000000000004,-0.30000000000000004,0,-1.0,3,3
33340924,blakemcbride/eclipse-lisp,C,2015-08-01,0,0,0,0,0,0,0,0,0,False,False,4,0.3333333333333333,5,1.6,0.2,3.577708763999664,4,-1.6000000000000005,0.2,0.447213595499958,1.0,0.0,4,-0.20000000000000007,0.0,0.2,,0.0,1.0,0.0,-0.20000000000000007,-0.20000000000000007,0,0.0,4,4
33340924,blakemcbride/eclipse-lisp,C,2015-09-01,0,0,0,0,0,0,0,0,0,False,False,5,0.4166666666666667,6,1.3333333333333333,0.16666666666666666,3.265986323710904,5,-1.1428571428571423,0.16666666666666666,0.408248290463863,1.0,0.0,5,-0.1428571428571428,0.0,0.16666666666666666,,0.0,1.0,0.0,-0.1428571428571428,-0.1428571428571428,0,0.0,5,5
33340924,blakemcbride/eclipse-lisp,C,2015-10-01,0,0,0,0,0,0,0,0,0,False,False,6,0.5,7,0.0,0.14285714285714285,0.0,6,0.0,0.0,0.0,,,6,0.0,0.0,0.0,,0.0,0.0,0.0,0.0,0.0,0,0.0,6,6
33340924,blakemcbride/eclipse-lisp,C,2015-11-01,0,0,0,0,0,0,0,0,0,False,False,7,0.5833333333333334,8,0.0,0.125,0.0,7,0.0,0.0,0.0,,,7,0.0,0.0,0.0,,0.0,0.0,0.0,0.0,0.0,0,0.0,7,7
33340924,blakemcbride/eclipse-lisp,C,2015-12-01,0,0,0,0,0,0,0,0,0,False,False,8,0.6666666666666666,9,0.0,0.1111111111111111,0.0,8,0.0,0.0,0.0,,,8,0.0,0.0,0.0,,0.0,0.0,0.0,0.0,0.0,0,0.0,8,8
33340924,blakemcbride/eclipse-lisp,C,2016-01-01,0,0,0,0,0,0,0,0,0,False,False,9,0.75,10,0.0,0.1,0.0,9,0.0,0.0,0.0,,,9,0.0,0.0,0.0,,0.0,0.0,0.0,0.0,0.0,0,0.0,9,9
33340924,blakemcbride/eclipse-lisp,C,2016-02-01,0,0,0,0,0,0,0,0,0,False,False,10,0.8333333333333334,11,0.0,0.09090909090909091,0.0,10,0.0,0.0,0.0,,,10,0.0,0.0,0.0,,0.0,0.0,0.0,0.0,0.0,0,0.0,10,10
33340924,blakemcbride/eclipse-lisp,C,2016-03-01,0,0,0,0,0,0,0,0,0,False,False,11,0.9166666666666666,12,0.0,0.08333333333333333,0.0,11,0.0,0.0,0.0,,,11,0.0,0.0,0.0,,0.0,0.0,0.0,0.0,0.0,0,0.0,11,11
33340924,blakemcbride/eclipse-lisp,C,2016-04-01,0,0,0,0,0,0,0,0,0,False,False,12,1.0,13,0.0,0.0,0.0,12,0.0,0.0,0.0,,,12,0.0,0.0,0.0,,0.0,0.0,0.0,0.0,0.0,0,0.0,12,12
33340924,blakemcbride/eclipse-lisp,C,2016-05-01,0,0,0,0,0,0,0,0,0,False,False,13,1.0833333333333333,14,0.0,0.0,0.0,13,0.0,0.0,0.0,,,13,0.0,0.0,0.0,,0.0,0.0,0.0,0.0,0.0,0,0.0,13,13
33340924,blakemcbride/eclipse-lisp,C,2016-06-01,0,0,0,0,0,0,0,0,0,False,False,14,1.1666666666666667,15,0.0,0.0,0.0,14,0.0,0.0,0.0,,,14,0.0,0.0,0.0,,0.0,0.0,0.0,0.0,0.0,0,0.0,14,14
33340924,blakemcbride/eclipse-lisp,C,2016-07-01,0,0,0,0,0,0,0,0,0,False,False,15,1.25,16,0.0,0.0,0.0,15,0.0,0.0,0.0,,,15,0.0,0.0,0.0,,0.0,0.0,0.0,0.0,0.0,0,0.0,15,15
33340924,blakemcbride/eclipse-lisp,C,2016-08-01,0,0,0,0,0,0,0,0,0,False,False,16,1.3333333333333333,17,0.0,0.0,0.0,16,0.0,0.0,0.0,,,16,0.0,0.0,0.0,,0.0,0.0,0.0,0.0,0.0,0,0.0,16,16
33340924,blakemcbride/eclipse-lisp,C,2016-09-01,0,0,0,0,0,0,0,0,0,False,False,17,1.4166666666666667,18,0.0,0.0,0.0,17,0.0,0.0,0.0,,,17,0.0,0.0,0.0,,0.0,0.0,0.0,0.0,0.0,0,0.0,17,17
33340924,blakemcbride/eclipse-lisp,C,2016-10-01,0,0,0,0,0,0,0,0,0,False,False,18,1.5,19,0.0,0.0,0.0,18,0.0,0.0,0.0,,,18,0.0,0.0,0.0,,0.0,0.0,0.0,0.0,0.0,0,0.0,18,18
33340924,blakemcbride/eclipse-lisp,C,2016-11-01,0,0,0,0,0,0,0,0,0,False,False,19,1.5833333333333333,20,0.0,0.0,0.0,19,0.0,0.0,0.0,,,19,0.0,0.0,0.0,,0.0,0.0,0.0,0.0,0.0,0,0.0,19,19
33340924,blakemcbride/eclipse-lisp,C,2016-12-01,0,0,0,0,0,0,0,0,0,False,False,20,1.6666666666666667,21,0.0,0.0,0.0,20,0.0,0.0,0.0,,,20,0.0,0.0,0.0,,0.0,0.0,0.0,0.0,0.0,0,0.0,20,20
33340924,blakemcbride/eclipse-lisp,C,2017-01-01,0,0,0,0,0,0,0,0,0,False,False,21,1.75,22,0.0,0.0,0.0,21,0.0,0.0,0.0,,,21,0.0,0.0,0.0,,0.0,0.0,0.0,0.0,0.0,0,0.0,21,21
33340924,blakemcbride/eclipse-lisp,C,2017-02-01,0,0,0,0,0,0,0,0,0,False,False,22,1.8333333333333333,23,0.0,0.0,0.0,22,0.0,0.0,0.0,,,22,0.0,0.0,0.0,,0.0,0.0,0.0,0.0,0.0,0,0.0,22,22
33340924,blakemcbride/eclipse-lisp,C,2017-03-01,0,0,0,0,0,0,0,0,0,False,False,23,1.9166666666666667,24,0.0,0.0,0.0,23,0.0,0.0,0.0,,,23,0.0,0.0,0.0,,0.0,0.0,0.0,0.0,0.0,0,0.0,23,23
33340924,blakemcbride/eclipse-lisp,C,2017-04-01,0,0,0,0,0,0,0,0,0,False,False,24,2.0,25,0.0,0.0,0.0,24,0.0,0.0,0.0,,,24,0.0,0.0,0.0,,0.0,0.0,0.0,0.0,0.0,0,0.0,24,24
33340924,blakemcbride/eclipse-lisp,C,2017-05-01,0,0,0,0,0,0,0,0,0,False,False,25,2.0833333333333335,26,0.0,0.0,0.0,25,0.0,0.0,0.0,,,25,0.0,0.0,0.0,,0.0,0.0,0.0,0.0,0.0,0,0.0,25,25
33340924,blakemcbride/eclipse-lisp,C,2017-06-01,0,0,0,0,0,0,0,0,0,False,False,26,2.1666666666666665,27,0.0,0.0,0.0,26,0.0,0.0,0.0,,,26,0.0,0.0,0.0,,0.0,0.0,0.0,0.0,0.0,0,0.0,26,26
33340924,blakemcbride/eclipse-lisp,C,2017-07-01,0,0,0,0,0,0,0,0,0,False,False,27,2.25,28,0.0,0.0,0.0,27,0.0,0.0,0.0,,,27,0.0,0.0,0.0,,0.0,0.0,0.0,0.0,0.0,0,0.0,27,27
33340924,blakemcbride/eclipse-lisp,C,2017-08-01,0,0,0,0,0,0,0,0,0,False,False,28,2.3333333333333335,29,0.0,0.0,0.0,28,0.0,0.0,0.0,,,28,0.0,0.0,0.0,,0.0,0.0,0.0,0.0,0.0,0,0.0,28,28
33340924,blakemcbride/eclipse-lisp,C,2017-09-01,0,0,0,0,0,0,0,0,0,False,False,29,2.4166666666666665,30,0.0,0.0,0.0,29,0.0,0.0,0.0,,,29,0.0,0.0,0.0,,0.0,0.0,0.0,0.0,0.0,0,0.0,29,29
33340924,blakemcbride/eclipse-lisp,C,2017-10-01,0,0,0,0,0,0,0,0,0,False,False,30,2.5,31,0.0,0.0,0.0,30,0.0,0.0,0.0,,,30,0.0,0.0,0.0,,0.0,0.0,0.0,0.0,0.0,0,0.0,30,30
33340924,blakemcbride/eclipse-lisp,C,2017-11-01,0,0,0,0,0,0,0,0,0,False,False,31,2.5833333333333335,32,0.0,0.0,0.0,31,0.0,0.0,0.0,,,31,0.0,0.0,0.0,,0.0,0.0,0.0,0.0,0.0,0,0.0,31,31
33340924,blakemcbride/eclipse-lisp,C,2017-12-01,0,0,0,0,0,0,0,0,0,False,False,32,2.6666666666666665,33,0.0,0.0,0.0,32,0.0,0.0,0.0,,,32,0.0,0.0,0.0,,0.0,0.0,0.0,0.0,0.0,0,0.0,32,32
33340924,blakemcbride/eclipse-lisp,C,2018-01-01,0,0,0,0,0,0,0,0,0,False,False,33,2.75,34,0.0,0.0,0.0,33,0.0,0.0,0.0,,,33,0.0,0.0,0.0,,0.0,0.0,0.0,0.0,0.0,0,0.0,33,33
33340924,blakemcbride/eclipse-lisp,C,2018-02-01,0,0,0,0,0,0,0,0,0,False,False,34,2.8333333333333335,35,0.0,0.0,0.0,34,0.0,0.0,0.0,,,34,0.0,0.0,0.0,,0.0,0.0,0.0,0.0,0.0,0,0.0,34,34
33340924,blakemcbride/eclipse-lisp,C,2018-03-01,0,0,0,0,0,0,0,0,0,False,False,35,2.9166666666666665,36,0.0,0.0,0.0,35,0.0,0.0,0.0,,,35,0.0,0.0,0.0,,0.0,0.0,0.0,0.0,0.0,0,0.0,35,35
33340924,blakemcbride/eclipse-lisp,C,2018-04-01,0,0,0,0,0,0,0,0,0,False,False,36,3.0,37,0.0,0.0,0.0,36,0.0,0.0,0.0,,,36,0.0,0.0,0.0,,0.0,0.0,0.0,0.0,0.0,0,0.0,36,36
33340924,blakemcbride/eclipse-lisp,C,2018-05-01,0,0,0,0,0,0,0,0,0,False,False,37,3.0833333333333335,38,0.0,0.0,0.0,37,0.0,0.0,0.0,,,37,0.0,0.0,0.0,,0.0,0.0,0.0,0.0,0.0,0,0.0,37,37
33340924,blakemcbride/eclipse-lisp,C,2018-06-01,0,0,0,0,0,0,0,0,0,False,False,38,3.1666666666666665,39,0.0,0.0,0.0,38,0.0,0.0,0.0,,,38,0.0,0.0,0.0,,0.0,0.0,0.0,0.0,0.0,0,0.0,38,38
33340924,blakemcbride/eclipse-lisp,C,2018-07-01,0,0,0,0,0,0,0,0,0,False,False,39,3.25,40,0.0,0.0,0.0,39,0.0,0.0,0.0,,,39,0.0,0.0,0.0,,0.0,0.0,0.0,0.0,0.0,0,0.0,39,39
33340924,blakemcbride/eclipse-lisp,C,2018-08-01,0,0,0,0,0,0,0,0,0,False,False,40,3.3333333333333335,41,0.0,0.0,0.0,40,0.0,0.0,0.0,,,40,0.0,0.0,0.0,,0.0,0.0,0.0,0.0,0.0,0,0.0,40,40
33340924,blakemcbride/eclipse-lisp,C,2018-09-01,0,0,0,0,0,0,0,0,0,False,False,41,3.4166666666666665,42,0.0,0.0,0.0,41,0.0,0.0,0.0,,,41,0.0,0.0,0.0,,0.0,0.0,0.0,0.0,0.0,0,0.0,41,41
33340924,blakemcbride/eclipse-lisp,C,2018-10-01,0,0,0,0,0,0,0,1,0,False,True,42,3.5,43,0.0,0.08333333333333333,0.0,42,0.0,0.0,0.0,,,42,0.0,0.0,0.16666666666666666,,0.0,1.0,0.0,0.14285714285714277,0.14285714285714277,1,,0,41
33340924,blakemcbride/eclipse-lisp,C,2018-11-01,0,0,0,0,0,0,0,0,0,False,False,43,3.5833333333333335,44,0.0,0.08333333333333333,0.0,43,0.0,0.0,0.0,,,43,0.0,0.0,0.16666666666666666,,0.0,1.0,0.0,0.08571428571428572,0.08571428571428572,0,0.0,1,41
33340924,blakemcbride/eclipse-lisp,C,2018-12-01,0,0,0,0,0,0,0,0,0,False,False,44,3.6666666666666665,45,0.0,0.08333333333333333,0.0,44,0.0,0.0,0.0,,,44,0.0,0.0,0.16666666666666666,,0.0,1.0,0.0,0.028571428571428564,0.028571428571428564,0,0.0,2,41
33340924,blakemcbride/eclipse-lisp,C,2019-01-01,0,0,0,0,0,0,0,0,0,False,False,45,3.75,46,0.0,0.08333333333333333,0.0,45,0.0,0.0,0.0,,,45,0.0,0.0,0.16666666666666666,,0.0,1.0,0.0,-0.028571428571428584,-0.028571428571428584,0,-1.0,3,41
33340924,blakemcbride/eclipse-lisp,C,2019-02-01,0,0,0,0,0,0,0,0,0,False,False,46,3.8333333333333335,47,0.0,0.08333333333333333,0.0,46,0.0,0.0,0.0,,,46,0.0,0.0,0.16666666666666666,,0.0,1.0,0.0,-0.08571428571428574,-0.08571428571428574,0,0.0,4,41
33340924,blakemcbride/eclipse-lisp,C,2019-03-01,0,0,0,0,0,0,0,0,0,False,False,47,3.9166666666666665,48,0.0,0.08333333333333333,0.0,47,0.0,0.0,0.0,,,47,0.0,0.0,0.16666666666666666,,0.0,1.0,0.0,-0.1428571428571428,-0.1428571428571428,0,0.0,5,41
33340924,blakemcbride/eclipse-lisp,C,2019-04-01,0,0,0,0,0,0,0,0,0,False,False,48,4.0,49,0.0,0.08333333333333333,0.0,48,0.0,0.0,0.0,,,48,0.0,0.0,0.0,,0.0,0.0,0.0,0.0,0.0,0,0.0,6,41
33340924,blakemcbride/eclipse-lisp,C,2019-05-01,0,0,0,0,0,0,0,0,0,False,False,49,4.083333333333333,50,0.0,0.08333333333333333,0.0,49,0.0,0.0,0.0,,,49,0.0,0.0,0.0,,0.0,0.0,0.0,0.0,0.0,0,0.0,7,41
33340924,blakemcbride/eclipse-lisp,C,2019-06-01,0,0,0,0,0,0,0,0,0,False,False,50,4.166666666666667,51,0.0,0.08333333333333333,0.0,50,0.0,0.0,0.0,,,50,0.0,0.0,0.0,,0.0,0.0,0.0,0.0,0.0,0,0.0,8,41
33340924,blakemcbride/eclipse-lisp,C,2019-07-01,0,0,0,0,0,0,0,0,0,False,False,51,4.25,52,0.0,0.08333333333333333,0.0,51,0.0,0.0,0.0,,,51,0.0,0.0,0.0,,0.0,0.0,0.0,0.0,0.0,0,0.0,9,41
33340924,blakemcbride/eclipse-lisp,C,2019-08-01,0,0,0,0,0,0,0,0,0,False,False,52,4.333333333333333,53,0.0,0.08333333333333333,0.0,52,0.0,0.0,0.0,,,52,0.0,0.0,0.0,,0.0,0.0,0.0,0.0,0.0,0,0.0,10,41
33340924,blakemcbride/eclipse-lisp,C,2019-09-01,0,0,0,0,0,0,0,0,0,False,False,53,4.416666666666667,54,0.0,0.08333333333333333,0.0,53,0.0,0.0,0.0,,,53,0.0,0.0,0.0,,0.0,0.0,0.0,0.0,0.0,0,0.0,11,41
33340924,blakemcbride/eclipse-lisp,C,2019-10-01,0,0,0,0,0,0,0,0,0,False,False,54,4.5,55,0.0,0.0,0.0,54,0.0,0.0,0.0,,,54,0.0,0.0,0.0,,0.0,0.0,0.0,0.0,0.0,0,0.0,12,41
33340924,blakemcbride/eclipse-lisp,C,2019-11-01,0,0,0,0,0,0,0,0,0,False,False,55,4.583333333333333,56,0.0,0.0,0.0,55,0.0,0.0,0.0,,,55,0.0,0.0,0.0,,0.0,0.0,0.0,0.0,0.0,0,0.0,13,41
33340924,blakemcbride/eclipse-lisp,C,2019-12-01,0,0,0,0,0,0,0,0,0,False,False,56,4.666666666666667,57,0.0,0.0,0.0,56,0.0,0.0,0.0,,,56,0.0,0.0,0.0,,0.0,0.0,0.0,0.0,0.0,0,0.0,14,41
33340924,blakemcbride/eclipse-lisp,C,2020-01-01,0,0,0,0,0,0,0,0,0,False,False,57,4.75,58,0.0,0.0,0.0,57,0.0,0.0,0.0,,,57,0.0,0.0,0.0,,0.0,0.0,0.0,0.0,0.0,0,0.0,15,41
33340924,blakemcbride/eclipse-lisp,C,2020-02-01,0,0,0,0,0,0,0,0,0,False,False,58,4.833333333333333,59,0.0,0.0,0.0,58,0.0,0.0,0.0,,,58,0.0,0.0,0.0,,0.0,0.0,0.0,0.0,0.0,0,0.0,16,41
33340924,blakemcbride/eclipse-lisp,C,2020-03-01,0,0,0,0,0,0,0,0,0,False,False,59,4.916666666666667,60,0.0,0.0,0.0,59,0.0,0.0,0.0,,,59,0.0,0.0,0.0,,0.0,0.0,0.0,0.0,0.0,0,0.0,17,41
33340924,blakemcbride/eclipse-lisp,C,2020-04-01,0,0,0,0,0,0,0,0,0,False,False,60,5.0,61,0.0,0.0,0.0,60,0.0,0.0,0.0,,,60,0.0,0.0,0.0,,0.0,0.0,0.0,0.0,0.0,0,0.0,18,41
33340924,blakemcbride/eclipse-lisp,C,2020-05-01,0,0,0,0,0,0,0,0,0,False,False,61,5.083333333333333,62,0.0,0.0,0.0,61,0.0,0.0,0.0,,,61,0.0,0.0,0.0,,0.0,0.0,0.0,0.0,0.0,0,0.0,19,41
33340924,blakemcbride/eclipse-lisp,C,2020-06-01,0,0,0,0,0,0,0,0,0,False,False,62,5.166666666666667,63,0.0,0.0,0.0,62,0.0,0.0,0.0,,,62,0.0,0.0,0.0,,0.0,0.0,0.0,0.0,0.0,0,0.0,20,41
33340924,blakemcbride/eclipse-lisp,C,2020-07-01,0,0,0,0,0,0,0,0,0,False,False,63,5.25,64,0.0,0.0,0.0,63,0.0,0.0,0.0,,,63,0.0,0.0,0.0,,0.0,0.0,0.0,0.0,0.0,0,0.0,21,41
33340924,blakemcbride/eclipse-lisp,C,2020-08-01,0,0,0,0,0,0,0,0,0,False,False,64,5.333333333333333,65,0.0,0.0,0.0,64,0.0,0.0,0.0,,,64,0.0,0.0,0.0,,0.0,0.0,0.0,0.0,0.0,0,0.0,22,41
33340924,blakemcbride/eclipse-lisp,C,2020-09-01,0,0,0,0,0,0,0,0,0,False,False,65,5.416666666666667,66,0.0,0.0,0.0,65,0.0,0.0,0.0,,,65,0.0,0.0,0.0,,0.0,0.0,0.0,0.0,0.0,0,0.0,23,41
33340924,blakemcbride/eclipse-lisp,C,2020-10-01,0,0,0,0,0,0,0,0,0,False,False,66,5.5,67,0.0,0.0,0.0,66,0.0,0.0,0.0,,,66,0.0,0.0,0.0,,0.0,0.0,0.0,0.0,0.0,0,0.0,24,41
33340924,blakemcbride/eclipse-lisp,C,2020-11-01,0,0,0,0,0,0,0,0,0,False,False,67,5.583333333333333,68,0.0,0.0,0.0,67,0.0,0.0,0.0,,,67,0.0,0.0,0.0,,0.0,0.0,0.0,0.0,0.0,0,0.0,25,41
33340924,blakemcbride/eclipse-lisp,C,2020-12-01,0,0,0,0,0,0,0,0,0,False,False,68,5.666666666666667,69,0.0,0.0,0.0,68,0.0,0.0,0.0,,,68,0.0,0.0,0.0,,0.0,0.0,0.0,0.0,0.0,0,0.0,26,41
33340924,blakemcbride/eclipse-lisp,C,2021-01-01,0,0,0,0,0,0,0,0,0,False,False,69,5.75,70,0.0,0.0,0.0,69,0.0,0.0,0.0,,,69,0.0,0.0,0.0,,0.0,0.0,0.0,0.0,0.0,0,0.0,27,41
33340924,blakemcbride/eclipse-lisp,C,2021-02-01,0,0,0,0,0,0,0,0,0,False,False,70,5.833333333333333,71,0.0,0.0,0.0,70,0.0,0.0,0.0,,,70,0.0,0.0,0.0,,0.0,0.0,0.0,0.0,0.0,0,0.0,28,41
33340924,blakemcbride/eclipse-lisp,C,2021-03-01,0,0,0,0,0,0,0,0,0,False,False,71,5.916666666666667,72,0.0,0.0,0.0,71,0.0,0.0,0.0,,,71,0.0,0.0,0.0,,0.0,0.0,0.0,0.0,0.0,0,0.0,29,41
33340924,blakemcbride/eclipse-lisp,C,2021-04-01,0,0,0,0,0,0,0,0,0,False,False,72,6.0,73,0.0,0.0,0.0,72,0.0,0.0,0.0,,,72,0.0,0.0,0.0,,0.0,0.0,0.0,0.0,0.0,0,0.0,30,41
33340924,blakemcbride/eclipse-lisp,C,2021-05-01,0,0,0,0,0,0,0,0,0,False,False,73,6.083333333333333,74,0.0,0.0,0.0,73,0.0,0.0,0.0,,,73,0.0,0.0,0.0,,0.0,0.0,0.0,0.0,0.0,0,0.0,31,41
33340924,blakemcbride/eclipse-lisp,C,2021-06-01,0,0,0,0,0,0,0,0,0,False,False,74,6.166666666666667,75,0.0,0.0,0.0,74,0.0,0.0,0.0,,,74,0.0,0.0,0.0,,0.0,0.0,0.0,0.0,0.0,0,0.0,32,41
33340924,blakemcbride/eclipse-lisp,C,2021-07-01,0,0,0,0,0,0,0,0,0,False,False,75,6.25,76,0.0,0.0,0.0,75,0.0,0.0,0.0,,,75,0.0,0.0,0.0,,0.0,0.0,0.0,0.0,0.0,0,0.0,33,41
33340924,blakemcbride/eclipse-lisp,C,2021-08-01,0,0,0,0,0,0,0,0,0,False,False,76,6.333333333333333,77,0.0,0.0,0.0,76,0.0,0.0,0.0,,,76,0.0,0.0,0.0,,0.0,0.0,0.0,0.0,0.0,0,0.0,34,41
33340924,blakemcbride/eclipse-lisp,C,2021-09-01,0,0,0,0,0,0,0,0,0,False,False,77,6.416666666666667,78,0.0,0.0,0.0,77,0.0,0.0,0.0,,,77,0.0,0.0,0.0,,0.0,0.0,0.0,0.0,0.0,0,0.0,35,41
33340924,blakemcbride/eclipse-lisp,C,2021-10-01,0,0,0,0,0,0,0,0,0,False,False,78,6.5,79,0.0,0.0,0.0,78,0.0,0.0,0.0,,,78,0.0,0.0,0.0,,0.0,0.0,0.0,0.0,0.0,0,0.0,36,41
33340924,blakemcbride/eclipse-lisp,C,2021-11-01,0,0,0,0,0,0,0,0,0,False,False,79,6.583333333333333,80,0.0,0.0,0.0,79,0.0,0.0,0.0,,,79,0.0,0.0,0.0,,0.0,0.0,0.0,0.0,0.0,0,0.0,37,41
33340924,blakemcbride/eclipse-lisp,C,2021-12-01,0,0,0,0,0,0,0,0,0,False,False,80,6.666666666666667,81,0.0,0.0,0.0,80,0.0,0.0,0.0,,,80,0.0,0.0,0.0,,0.0,0.0,0.0,0.0,0.0,0,0.0,38,41
33340924,blakemcbride/eclipse-lisp,C,2022-01-01,0,0,0,0,0,0,0,0,0,False,False,81,6.75,82,0.0,0.0,0.0,81,0.0,0.0,0.0,,,81,0.0,0.0,0.0,,0.0,0.0,0.0,0.0,0.0,0,0.0,39,41
33340924,blakemcbride/eclipse-lisp,C,2022-02-01,0,0,0,0,0,0,0,0,0,False,False,82,6.833333333333333,83,0.0,0.0,0.0,82,0.0,0.0,0.0,,,82,0.0,0.0,0.0,,0.0,0.0,0.0,0.0,0.0,0,0.0,40,41
33340924,blakemcbride/eclipse-lisp,C,2022-03-01,0,0,0,0,0,0,0,0,0,False,False,83,6.916666666666667,84,0.0,0.0,0.0,83,0.0,0.0,0.0,,,83,0.0,0.0,0.0,,0.0,0.0,0.0,0.0,0.0,0,0.0,41,41
33340924,blakemcbride/eclipse-lisp,C,2022-04-01,0,0,0,0,0,0,0,0,0,False,False,84,7.0,85,0.0,0.0,0.0,84,0.0,0.0,0.0,,,84,0.0,0.0,0.0,,0.0,0.0,0.0,0.0,0.0,0,0.0,42,42
33340924,blakemcbride/eclipse-lisp,C,2022-05-01,0,0,0,0,0,0,0,0,0,False,False,85,7.083333333333333,86,0.0,0.0,0.0,85,0.0,0.0,0.0,,,85,0.0,0.0,0.0,,0.0,0.0,0.0,0.0,0.0,0,0.0,43,43
33340924,blakemcbride/eclipse-lisp,C,2022-06-01,0,0,0,0,0,0,0,0,0,False,False,86,7.166666666666667,87,0.0,0.0,0.0,86,0.0,0.0,0.0,,,86,0.0,0.0,0.0,,0.0,0.0,0.0,0.0,0.0,0,0.0,44,44
33340924,blakemcbride/eclipse-lisp,C,2022-07-01,0,0,0,0,0,0,0,0,0,False,False,87,7.25,88,0.0,0.0,0.0,87,0.0,0.0,0.0,,,87,0.0,0.0,0.0,,0.0,0.0,0.0,0.0,0.0,0,0.0,45,45
33340924,blakemcbride/eclipse-lisp,C,2022-08-01,0,0,0,0,0,0,0,0,0,False,False,88,7.333333333333333,89,0.0,0.0,0.0,88,0.0,0.0,0.0,,,88,0.0,0.0,0.0,,0.0,0.0,0.0,0.0,0.0,0,0.0,46,46
33340924,blakemcbride/eclipse-lisp,C,2022-09-01,0,0,0,0,0,0,0,0,0,False,False,89,7.416666666666667,90,0.0,0.0,0.0,89,0.0,0.0,0.0,,,89,0.0,0.0,0.0,,0.0,0.0,0.0,0.0,0.0,0,0.0,47,47
33340924,blakemcbride/eclipse-lisp,C,2022-10-01,0,0,0,0,0,0,0,0,0,False,False,90,7.5,91,0.0,0.0,0.0,90,0.0,0.0,0.0,,,90,0.0,0.0,0.0,,0.0,0.0,0.0,0.0,0.0,0,0.0,48,48
33340924,blakemcbride/eclipse-lisp,C,2022-11-01,0,0,0,0,0,0,0,0,0,False,False,91,7.583333333333333,92,0.0,0.0,0.0,91,0.0,0.0,0.0,,,91,0.0,0.0,0.0,,0.0,0.0,0.0,0.0,0.0,0,0.0,49,49
33340924,blakemcbride/eclipse-lisp,C,2022-12-01,0,0,0,0,0,0,0,0,0,False,False,92,7.666666666666667,93,0.0,0.0,0.0,92,0.0,0.0,0.0,,,92,0.0,0.0,0.0,,0.0,0.0,0.0,0.0,0.0,0,0.0,50,50
33340924,blakemcbride/eclipse-lisp,C,2023-01-01,0,0,0,0,0,0,0,0,0,False,False,93,7.75,94,0.0,0.0,0.0,93,0.0,0.0,0.0,,,93,0.0,0.0,0.0,,0.0,0.0,0.0,0.0,0.0,0,0.0,51,51
33340924,blakemcbride/eclipse-lisp,C,2023-02-01,0,0,0,0,0,0,0,0,0,False,False,94,7.833333333333333,95,0.0,0.0,0.0,94,0.0,0.0,0.0,,,94,0.0,0.0,0.0,,0.0,0.0,0.0,0.0,0.0,0,0.0,52,52
33340924,blakemcbride/eclipse-lisp,C,2023-03-01,0,0,0,0,0,0,0,0,0,False,False,95,7.916666666666667,96,0.0,0.0,0.0,95,0.0,0.0,0.0,,,95,0.0,0.0,0.0,,0.0,0.0,0.0,0.0,0.0,0,0.0,53,53
33340924,blakemcbride/eclipse-lisp,C,2023-04-01,0,0,0,0,0,0,0,0,0,False,False,96,8.0,97,0.0,0.0,0.0,96,0.0,0.0,0.0,,,96,0.0,0.0,0.0,,0.0,0.0,0.0,0.0,0.0,0,0.0,54,54
33340924,blakemcbride/eclipse-lisp,C,2023-05-01,0,0,0,0,0,0,0,0,0,False,False,97,8.083333333333334,98,0.0,0.0,0.0,97,0.0,0.0,0.0,,,97,0.0,0.0,0.0,,0.0,0.0,0.0,0.0,0.0,0,0.0,55,55
33340924,blakemcbride/eclipse-lisp,C,2023-06-01,0,0,0,0,0,0,0,0,0,False,False,98,8.166666666666666,99,0.0,0.0,0.0,98,0.0,0.0,0.0,,,98,0.0,0.0,0.0,,0.0,0.0,0.0,0.0,0.0,0,0.0,56,56
33340924,blakemcbride/eclipse-lisp,C,2023-07-01,0,0,0,0,0,0,0,0,0,False,False,99,8.25,100,0.0,0.0,0.0,99,0.0,0.0,0.0,,,99,0.0,0.0,0.0,,0.0,0.0,0.0,0.0,0.0,0,0.0,57,57
33340924,blakemcbride/eclipse-lisp,C,2023-08-01,0,0,0,0,0,0,0,0,0,False,False,100,8.333333333333334,101,0.0,0.0,0.0,100,0.0,0.0,0.0,,,100,0.0,0.0,0.0,,0.0,0.0,0.0,0.0,0.0,0,0.0,58,58
33340924,blakemcbride/eclipse-lisp,C,2023-09-01,0,0,0,0,0,0,0,0,0,False,False,101,8.416666666666666,102,0.0,0.0,0.0,101,0.0,0.0,0.0,,,101,0.0,0.0,0.0,,0.0,0.0,0.0,0.0,0.0,0,0.0,59,59
33340924,blakemcbride/eclipse-lisp,C,2023-10-01,0,0,0,0,0,0,0,0,0,False,False,102,8.5,103,0.0,0.0,0.0,102,0.0,0.0,0.0,,,102,0.0,0.0,0.0,,0.0,0.0,0.0,0.0,0.0,0,0.0,60,60
33340924,blakemcbride/eclipse-lisp,C,2023-11-01,0,0,0,0,0,0,0,0,0,False,False,103,8.583333333333334,104,0.0,0.0,0.0,103,0.0,0.0,0.0,,,103,0.0,0.0,0.0,,0.0,0.0,0.0,0.0,0.0,0,0.0,61,61
33340924,blakemcbride/eclipse-lisp,C,2023-12-01,0,0,0,0,0,0,0,0,0,False,False,104,8.666666666666666,105,0.0,0.0,0.0,104,0.0,0.0,0.0,,,104,0.0,0.0,0.0,,0.0,0.0,0.0,0.0,0.0,0,0.0,62,62
33340924,blakemcbride/eclipse-lisp,C,2024-01-01,0,0,0,0,0,0,0,0,0,False,False,105,8.75,106,0.0,0.0,0.0,105,0.0,0.0,0.0,,,105,0.0,0.0,0.0,,0.0,0.0,0.0,0.0,0.0,0,0.0,63,63
33340924,blakemcbride/eclipse-lisp,C,2024-02-01,0,0,0,0,0,0,0,0,0,False,False,106,8.833333333333334,107,0.0,0.0,0.0,106,0.0,0.0,0.0,,,106,0.0,0.0,0.0,,0.0,0.0,0.0,0.0,0.0,0,0.0,64,64
33340924,blakemcbride/eclipse-lisp,C,2024-03-01,0,0,0,0,0,0,0,0,0,False,False,107,8.916666666666666,108,0.0,0.0,0.0,107,0.0,0.0,0.0,,,107,0.0,0.0,0.0,,0.0,0.0,0.0,0.0,0.0,0,0.0,65,65
33340924,blakemcbride/eclipse-lisp,C,2024-04-01,0,0,0,0,0,0,0,0,0,False,False,108,9.0,109,0.0,0.0,0.0,108,0.0,0.0,0.0,,,108,0.0,0.0,0.0,,0.0,0.0,0.0,0.0,0.0,0,0.0,66,66
33340924,blakemcbride/eclipse-lisp,C,2024-05-01,0,0,0,0,0,0,0,1,0,False,True,109,9.083333333333334,110,0.0,0.08333333333333333,0.0,109,0.0,0.0,0.0,,,109,0.0,0.0,0.16666666666666666,,0.0,1.0,0.0,0.14285714285714277,0.14285714285714277,1,,0,66
33340924,blakemcbride/eclipse-lisp,C,2024-06-01,0,0,0,0,0,0,0,0,0,False,False,110,9.166666666666666,111,0.0,0.08333333333333333,0.0,110,0.0,0.0,0.0,,,110,0.0,0.0,0.16666666666666666,,0.0,1.0,0.0,0.08571428571428572,0.08571428571428572,0,0.0,1,66
33340924,blakemcbride/eclipse-lisp,C,2024-07-01,0,0,0,0,0,0,0,0,0,False,False,111,9.25,112,0.0,0.08333333333333333,0.0,111,0.0,0.0,0.0,,,111,0.0,0.0,0.16666666666666666,,0.0,1.0,0.0,0.028571428571428564,0.028571428571428564,0,0.0,2,66
33340924,blakemcbride/eclipse-lisp,C,2024-08-01,0,0,0,0,0,0,0,0,0,False,False,112,9.333333333333334,113,0.0,0.08333333333333333,0.0,112,0.0,0.0,0.0,,,112,0.0,0.0,0.16666666666666666,,0.0,1.0,0.0,-0.028571428571428584,-0.028571428571428584,0,-1.0,3,66
33340924,blakemcbride/eclipse-lisp,C,2024-09-01,0,0,0,0,0,0,0,0,0,False,False,113,9.416666666666666,114,0.0,0.08333333333333333,0.0,113,0.0,0.0,0.0,,,113,0.0,0.0,0.16666666666666666,,0.0,1.0,0.0,-0.08571428571428574,-0.08571428571428574,0,0.0,4,66
33340924,blakemcbride/eclipse-lisp,C,2024-10-01,0,0,0,0,0,0,0,0,0,False,False,114,9.5,115,0.0,0.08333333333333333,0.0,114,0.0,0.0,0.0,,,114,0.0,0.0,0.16666666666666666,,0.0,1.0,0.0,-0.1428571428571428,-0.1428571428571428,0,0.0,5,66
33340924,blakemcbride/eclipse-lisp,C,2024-11-01,0,0,0,0,0,0,0,0,0,False,False,115,9.583333333333334,116,0.0,0.08333333333333333,0.0,115,0.0,0.0,0.0,,,115,0.0,0.0,0.0,,0.0,0.0,0.0,0.0,0.0,0,0.0,6,66
33340924,blakemcbride/eclipse-lisp,C,2024-12-01,0,0,0,0,0,0,0,0,0,False,False,116,9.666666666666666,117,0.0,0.08333333333333333,0.0,116,0.0,0.0,0.0,,,116,0.0,0.0,0.0,,0.0,0.0,0.0,0.0,0.0,0,0.0,7,66
33340924,blakemcbride/eclipse-lisp,C,2025-01-01,0,0,0,0,0,0,0,0,0,False,False,117,9.75,118,0.0,0.08333333333333333,0.0,117,0.0,0.0,0.0,,,117,0.0,0.0,0.0,,0.0,0.0,0.0,0.0,0.0,0,0.0,8,66
33340924,blakemcbride/eclipse-lisp,C,2025-02-01,1,1,1,0,0,0,0,0,2,False,True,118,9.833333333333334,119,0.16666666666666666,0.16666666666666666,0.4082482904638664,0,0.14285714285714277,0.16666666666666666,0.408248290463863,1.0,0.0,0,0.14285714285714277,0.0,0.0,,0.0,-2.0,0.0,0.28571428571428553,0.28571428571428553,4,,0,66
33340924,blakemcbride/eclipse-lisp,C,2025-03-01,0,0,0,0,0,0,0,0,0,False,False,119,9.916666666666666,120,0.16666666666666666,0.16666666666666666,0.4082482904638664,1,0.08571428571428572,0.16666666666666666,0.408248290463863,1.0,0.0,1,0.08571428571428572,0.0,0.0,,0.0,-2.0,0.0,0.17142857142857143,0.17142857142857143,0,0.0,1,66
33340924,blakemcbride/eclipse-lisp,C,2025-04-01,0,0,0,0,0,0,0,0,0,False,False,120,10.0,121,0.16666666666666666,0.16666666666666666,0.4082482904638664,2,0.028571428571428564,0.16666666666666666,0.408248290463863,1.0,0.0,2,0.028571428571428564,0.0,0.0,,0.0,-2.0,0.0,0.05714285714285713,0.05714285714285713,0,0.0,2,66
33340924,blakemcbride/eclipse-lisp,C,2025-05-01,0,0,0,0,0,0,0,0,0,False,False,121,10.083333333333334,122,0.16666666666666666,0.08333333333333333,0.4082482904638664,3,-0.028571428571428584,0.16666666666666666,0.408248290463863,1.0,0.0,3,-0.028571428571428584,0.0,0.0,,0.0,-2.0,0.0,-0.05714285714285717,-0.05714285714285717,0,-1.0,3,66
33340924,blakemcbride/eclipse-lisp,C,2025-06-01,0,0,0,0,0,0,0,0,0,False,False,122,10.166666666666666,123,0.16666666666666666,0.08333333333333333,0.4082482904638664,4,-0.08571428571428574,0.16666666666666666,0.408248290463863,1.0,0.0,4,-0.08571428571428574,0.0,0.0,,0.0,-2.0,0.0,-0.17142857142857149,-0.17142857142857149,0,0.0,4,66
33340924,blakemcbride/eclipse-lisp,C,2025-07-01,0,0,0,0,0,0,0,0,0,False,False,123,10.25,124,0.16666666666666666,0.08333333333333333,0.4082482904638664,5,-0.1428571428571428,0.16666666666666666,0.408248290463863,1.0,0.0,5,-0.1428571428571428,0.0,0.0,,0.0,-2.0,0.0,-0.2857142857142856,-0.2857142857142856,0,0.0,5,66
33340924,blakemcbride/eclipse-lisp,C,2025-08-01,0,0,0,0,0,0,0,0,0,False,False,124,10.333333333333334,125,0.0,0.08333333333333333,0.0,6,0.0,0.0,0.0,,,6,0.0,0.0,0.0,,0.0,0.0,0.0,0.0,0.0,0,0.0,6,66
33340924,blakemcbride/eclipse-lisp,C,2025-09-01,0,0,0,0,0,0,0,0,0,False,False,125,10.416666666666666,126,0.0,0.08333333333333333,0.0,7,0.0,0.0,0.0,,,7,0.0,0.0,0.0,,0.0,0.0,0.0,0.0,0.0,0,0.0,7,66
33340924,blakemcbride/eclipse-lisp,C,2025-10-01,0,0,0,0,0,0,0,0,0,False,False,126,10.5,127,0.0,0.08333333333333333,0.0,8,0.0,0.0,0.0,,,8,0.0,0.0,0.0,,0.0,0.0,0.0,0.0,0.0,0,0.0,8,66
33340924,blakemcbride/eclipse-lisp,C,2025-11-01,0,0,0,0,0,0,0,0,0,False,False,127,10.583333333333334,128,0.0,0.08333333333333333,0.0,9,0.0,0.0,0.0,,,9,0.0,0.0,0.0,,0.0,0.0,0.0,0.0,0.0,0,0.0,9,66
33340924,blakemcbride/eclipse-lisp,C,2025-12-01,0,0,0,0,0,0,0,0,0,False,False,128,10.666666666666666,129,0.0,0.08333333333333333,0.0,10,0.0,0.0,0.0,,,10,0.0,0.0,0.0,,0.0,0.0,0.0,0.0,0.0,0,0.0,10,66
33340924,blakemcbride/eclipse-lisp,C,2026-01-01,0,0,0,0,0,0,0,0,0,False,False,129,10.75,130,0.0,0.08333333333333333,0.0,11,0.0,0.0,0.0,,,11,0.0,0.0,0.0,,0.0,0.0,0.0,0.0,0.0,0,0.0,11,66
33340924,blakemcbride/eclipse-lisp,C,2026-02-01,0,0,0,0,0,0,0,0,0,False,False,130,10.833333333333334,131,0.0,0.0,0.0,12,0.0,0.0,0.0,,,12,0.0,0.0,0.0,,0.0,0.0,0.0,0.0,0.0,0,0.0,12,66
33340924,blakemcbride/eclipse-lisp,C,2026-03-01,2,1,0,1,0,0,0,0,1,False,True,131,10.916666666666666,132,0.3333333333333333,0.08333333333333333,0.8164965809277277,0,0.28571428571428553,0.16666666666666666,0.408248290463863,0.0,1.0,0,0.14285714285714277,0.0,0.0,,0.0,-1.0,0.0,0.14285714285714277,0.14285714285714277,4,,0,66
33340924,blakemcbride/eclipse-lisp,C,2026-04-01,0,0,0,0,0,0,0,0,0,False,False,132,11.0,133,0.3333333333333333,0.08333333333333333,0.8164965809277277,1,0.17142857142857143,0.16666666666666666,0.408248290463863,0.0,1.0,1,0.08571428571428572,0.0,0.0,,0.0,-1.0,0.0,0.08571428571428572,0.08571428571428572,0,0.0,1,66
33340924,blakemcbride/eclipse-lisp,C,2026-05-01,0,0,0,0,0,0,0,0,0,False,False,133,11.083333333333334,134,0.3333333333333333,0.08333333333333333,0.8164965809277277,2,0.05714285714285713,0.16666666666666666,0.408248290463863,0.0,1.0,2,0.028571428571428564,0.0,0.0,,0.0,-1.0,0.0,0.028571428571428564,0.028571428571428564,0,0.0,2,66
33340924,blakemcbride/eclipse-lisp,C,2026-06-01,0,0,0,0,0,0,0,0,0,False,False,134,11.166666666666666,135,0.3333333333333333,0.08333333333333333,0.8164965809277277,3,-0.05714285714285717,0.16666666666666666,0.408248290463863,0.0,1.0,3,-0.028571428571428584,0.0,0.0,,0.0,-1.0,0.0,-0.028571428571428584,-0.028571428571428584,0,-1.0,3,66
33340924,blakemcbride/eclipse-lisp,C,2026-07-01,0,0,0,0,0,0,0,0,0,False,False,135,11.25,136,0.3333333333333333,0.08333333333333333,0.8164965809277277,4,-0.17142857142857149,0.16666666666666666,0.408248290463863,0.0,1.0,4,-0.08571428571428574,0.0,0.0,,0.0,-1.0,0.0,-0.08571428571428574,-0.08571428571428574,0,0.0,4,66
33340924,blakemcbride/eclipse-lisp,C,2026-08-01,1,1,0,1,0,0,0,0,0,False,True,136,11.333333333333334,137,0.5,0.16666666666666666,0.8366600265340771,0,-0.1428571428571429,0.3333333333333333,0.5163977794943223,0.0,1.0,0,-2.2455366315174155e-17,0.0,0.0,,0.0,-1.0,0.0,-0.1428571428571428,-0.1428571428571428,2,,0,66
64840597,photopea/Typr.js,JavaScript,2016-08-01,21,1,1,0,0,0,0,3,3,False,True,0,0.0,1,21.0,1.0,0.0,0,,1.0,0.0,1.0,0.0,0,,0.0,3.0,,0.0,0.0,,,,28,,0,0
64840597,photopea/Typr.js,JavaScript,2016-09-01,0,0,0,0,0,0,0,0,0,False,False,1,0.08333333333333333,2,10.5,0.5,14.849242404917497,1,,0.5,0.7071067811865476,1.0,0.0,1,,0.0,1.5,,0.0,0.0,,,,0,,1,1
64840597,photopea/Typr.js,JavaScript,2016-10-01,0,0,0,0,0,0,0,2,0,False,True,2,0.16666666666666666,3,7.0,0.6666666666666666,12.12435565298214,2,-10.5,0.3333333333333333,0.5773502691896258,1.0,0.0,2,-0.5000000000000001,0.0,1.6666666666666667,,0.0,2.0,0.0,-2.0000000000000013,-2.0000000000000013,2,,0,1
64840597,photopea/Typr.js,JavaScript,2016-11-01,0,0,0,0,0,0,0,0,0,False,False,3,0.25,4,5.25,0.5,10.5,3,-6.300000000000001,0.25,0.5,1.0,0.0,3,-0.30000000000000004,0.0,1.25,,0.0,2.0,0.0,-1.5999999999999999,-1.5999999999999999,0,-1.0,1,1
64840597,photopea/Typr.js,JavaScript,2016-12-01,0,0,0,0,0,0,0,0,0,False,False,4,0.3333333333333333,5,4.2,0.4,9.391485505499118,4,-4.200000000000003,0.2,0.447213595499958,1.0,0.0,4,-0.20000000000000007,0.0,1.0,,0.0,2.0,0.0,-1.2000000000000006,-1.2000000000000006,0,0.0,2,2
64840597,photopea/Typr.js,JavaScript,2017-01-01,0,0,0,0,0,0,0,2,2,False,True,5,0.4166666666666667,6,3.5,0.5,8.573214099741124,5,-2.999999999999999,0.16666666666666666,0.408248290463863,1.0,0.0,5,-0.1428571428571428,0.0,1.1666666666666667,,0.0,2.0,0.0,-0.34285714285714275,-0.34285714285714275,4,1.0,0,2
64840597,photopea/Typr.js,JavaScript,2017-02-01,0,0,0,0,0,0,0,0,0,False,False,6,0.5,7,0.0,0.42857142857142855,0.0,6,0.0,0.0,0.0,,,6,0.0,0.0,0.6666666666666666,,0.0,2.0,0.0,0.17142857142857143,0.17142857142857143,0,0.0,1,2
64840597,photopea/Typr.js,JavaScript,2017-03-01,0,0,0,0,0,0,0,0,0,False,False,7,0.5833333333333334,8,0.0,0.375,0.0,7,0.0,0.0,0.0,,,7,0.0,0.0,0.6666666666666666,,0.0,2.0,0.0,-0.17142857142857137,-0.17142857142857137,0,0.0,2,2
64840597,photopea/Typr.js,JavaScript,2017-04-01,0,0,0,0,0,0,0,1,1,False,True,8,0.6666666666666666,9,0.0,0.4444444444444444,0.0,8,0.0,0.0,0.0,,,8,0.0,0.0,0.5,,0.0,0.0,0.0,0.1714285714285713,0.1714285714285713,2,-0.5,0,2
64840597,photopea/Typr.js,JavaScript,2017-05-01,0,0,0,0,0,0,0,0,0,False,False,9,0.75,10,0.0,0.4,0.0,9,0.0,0.0,0.0,,,9,0.0,0.0,0.5,,0.0,0.0,0.0,-0.17142857142857132,-0.17142857142857132,0,0.0,1,2
64840597,photopea/Typr.js,JavaScript,2017-06-01,0,0,0,0,0,0,0,3,3,False,True,10,0.8333333333333334,11,0.0,0.45454545454545453,0.0,10,0.0,0.0,0.0,,,10,0.0,0.0,1.0,,0.0,0.0,0.0,0.3428571428571427,0.3428571428571427,6,,0,2
64840597,photopea/Typr.js,JavaScript,2017-07-01,10,1,0,1,0,0,0,2,3,False,True,11,0.9166666666666666,12,1.6666666666666667,0.5,4.08248290463863,0,1.428571428571428,0.16666666666666666,0.408248290463863,0.0,1.0,0,0.14285714285714277,0.0,1.0,,0.0,-1.0,0.0,1.1714285714285713,1.1714285714285713,16,7.0,0,2
64840597,photopea/Typr.js,JavaScript,2017-08-01,2,1,0,1,0,0,0,0,0,False,True,12,1.0,13,2.0,0.5,4.0,0,1.1428571428571428,0.3333333333333333,0.5163977794943223,0.0,1.0,0,0.2285714285714285,0.0,1.0,,0.0,-1.0,0.0,0.42857142857142855,0.42857142857142855,3,,0,2
64840597,photopea/Typr.js,JavaScript,2017-09-01,0,0,0,0,0,0,0,0,0,False,False,13,1.0833333333333333,14,2.0,0.5,4.0,1,0.4571428571428569,0.3333333333333333,0.5163977794943223,0.0,1.0,1,0.1142857142857143,0.0,1.0,,0.0,-1.0,0.0,-0.3142857142857143,-0.3142857142857143,0,-1.0,1,2
64840597,photopea/Typr.js,JavaScript,2017-10-01,0,0,0,0,0,0,0,0,0,False,False,14,1.1666666666666667,15,2.0,0.4166666666666667,4.0,2,-0.22857142857142865,0.3333333333333333,0.5163977794943223,0.0,1.0,2,-1.4970244210116104e-17,0.0,0.8333333333333334,,0.0,-1.0,0.0,-0.6571428571428571,-0.6571428571428571,0,-1.0,2,2
64840597,photopea/Typr.js,JavaScript,2017-11-01,0,0,0,0,0,0,0,1,0,False,True,15,1.25,16,2.0,0.5,4.0,3,-0.914285714285714,0.3333333333333333,0.5163977794943223,0.0,1.0,3,-0.11428571428571425,0.0,1.0,,0.0,0.0,0.0,-1.1428571428571423,-1.1428571428571423,1,-0.6666666666666666,0,2
64840597,photopea/Typr.js,JavaScript,2017-12-01,0,0,0,0,0,0,0,0,0,False,False,16,1.3333333333333333,17,2.0,0.5,4.0,4,-1.5999999999999994,0.3333333333333333,0.5163977794943223,0.0,1.0,4,-0.2285714285714285,0.0,0.5,,0.0,0.0,0.0,-0.6285714285714284,-0.6285714285714284,0,0.0,1,2
64840597,photopea/Typr.js,JavaScript,2018-01-01,22,2,1,1,2,1,0,2,3,False,True,17,1.4166666666666667,18,4.0,0.5,8.854377448471462,0,2.857142857142856,0.5,0.8366600265340756,0.3333333333333333,0.6666666666666666,0,0.14285714285714277,0.3333333333333333,0.5,0.0,1.0,0.0,0.42857142857142844,0.7428571428571427,1.171428571428571,32,,0,2
64840597,photopea/Typr.js,JavaScript,2018-02-01,0,0,0,0,0,0,0,0,0,False,False,18,1.5,19,3.6666666666666665,0.5,8.981462390204985,1,1.8857142857142857,0.3333333333333333,0.816496580927726,0.5,0.5,1,0.17142857142857143,0.3333333333333333,0.5,0.0,1.0,0.0,0.2571428571428572,0.4000000000000001,0.6571428571428573,0,-1.0,1,2
64840597,photopea/Typr.js,JavaScript,2018-03-01,0,0,0,0,0,0,0,1,1,False,True,19,1.5833333333333333,20,3.6666666666666665,0.5833333333333334,8.981462390204985,2,0.6285714285714283,0.3333333333333333,0.816496580927726,0.5,0.5,2,0.05714285714285713,0.3333333333333333,0.6666666666666666,0.0,1.0,0.0,0.08571428571428569,0.3428571428571427,0.42857142857142844,2,,0,2
64840597,photopea/Typr.js,JavaScript,2018-04-01,0,0,0,0,0,0,0,0,0,False,False,20,1.6666666666666667,21,3.6666666666666665,0.5,8.981462390204985,3,-0.6285714285714286,0.3333333333333333,0.816496580927726,0.5,0.5,3,-0.05714285714285717,0.3333333333333333,0.6666666666666666,0.0,1.0,0.0,-0.08571428571428569,-0.11428571428571423,-0.20000000000000004,0,-1.0,1,2
64840597,photopea/Typr.js,JavaScript,2018-05-01,0,0,0,0,0,0,0,0,0,False,False,21,1.75,22,3.6666666666666665,0.5,8.981462390204985,4,-1.8857142857142857,0.3333333333333333,0.816496580927726,0.5,0.5,4,-0.17142857142857149,0.3333333333333333,0.5,0.0,1.0,-1.0,-0.2571428571428571,-0.3714285714285714,-0.6285714285714284,0,0.0,2,2
64840597,photopea/Typr.js,JavaScript,2018-06-01,0,0,0,0,0,0,0,0,0,False,False,22,1.8333333333333333,23,3.6666666666666665,0.4166666666666667,8.981462390204985,5,-3.142857142857142,0.3333333333333333,0.816496580927726,0.5,0.5,5,-0.2857142857142856,0.3333333333333333,0.5,0.0,1.0,-1.0,-0.42857142857142866,-0.7714285714285711,-1.2,0,-1.0,3,3
64840597,photopea/Typr.js,JavaScript,2018-07-01,0,0,0,0,0,0,0,0,0,False,False,23,1.9166666666666667,24,0.0,0.3333333333333333,0.0,6,0.0,0.0,0.0,,,6,0.0,0.0,0.16666666666666666,,0.0,0.0,0.0,-0.17142857142857149,-0.17142857142857149,0,0.0,4,4
64840597,photopea/Typr.js,JavaScript,2018-08-01,0,0,0,0,0,0,0,2,2,False,True,24,2.0,25,0.0,0.3333333333333333,0.0,7,0.0,0.0,0.0,,,7,0.0,0.0,0.5,,0.0,0.0,0.0,0.28571428571428553,0.28571428571428553,4,,0,4
64840597,photopea/Typr.js,JavaScript,2018-09-01,0,0,0,0,0,0,0,0,0,False,False,25,2.0833333333333335,26,0.0,0.3333333333333333,0.0,8,0.0,0.0,0.0,,,8,0.0,0.0,0.3333333333333333,,0.0,0.0,0.0,0.34285714285714286,0.34285714285714286,0,0.0,1,4
64840597,photopea/Typr.js,JavaScript,2018-10-01,2,1,0,1,0,0,0,2,3,False,True,26,2.1666666666666665,27,0.3333333333333333,0.4166666666666667,0.8164965809277258,0,0.28571428571428553,0.16666666666666666,0.4082482904638632,0.0,1.0,0,0.14285714285714277,0.0,0.6666666666666666,,0.0,-1.0,0.0,0.8285714285714284,0.8285714285714284,8,,0,4
64840597,photopea/Typr.js,JavaScript,2018-11-01,0,0,0,0,0,0,0,2,2,False,True,27,2.25,28,0.3333333333333333,0.4166666666666667,0.8164965809277258,1,0.17142857142857143,0.16666666666666666,0.4082482904638632,0.0,1.0,1,0.08571428571428572,0.0,1.0,,0.0,-1.0,0.0,0.8857142857142856,0.8857142857142856,4,0.0,0,4
64840597,photopea/Typr.js,JavaScript,2018-12-01,0,0,0,0,0,0,0,1,1,False,True,28,2.3333333333333335,29,0.3333333333333333,0.5,0.8164965809277258,2,0.05714285714285713,0.16666666666666666,0.4082482904638632,0.0,1.0,2,0.028571428571428564,0.0,1.1666666666666667,,0.0,-1.0,0.0,0.42857142857142844,0.42857142857142844,2,,0,4
64840597,photopea/Typr.js,JavaScript,2019-01-01,0,0,0,0,0,0,0,1,1,False,True,29,2.4166666666666665,30,0.3333333333333333,0.5,0.8164965809277258,3,-0.05714285714285717,0.16666666666666666,0.4082482904638632,0.0,1.0,3,-0.028571428571428584,0.0,1.3333333333333333,,0.0,-1.0,0.0,-0.1428571428571427,-0.1428571428571427,2,-0.75,0,4
64840597,photopea/Typr.js,JavaScript,2019-02-01,0,0,0,0,0,0,0,0,0,False,False,30,2.5,31,0.3333333333333333,0.5,0.8164965809277258,4,-0.17142857142857149,0.16666666666666666,0.4082482904638632,0.0,1.0,4,-0.08571428571428574,0.0,1.0,,0.0,-1.0,0.0,-0.31428571428571395,-0.31428571428571395,0,-1.0,1,4
64840597,photopea/Typr.js,JavaScript,2019-03-01,0,0,0,0,1,0,0,0,0,False,True,31,2.5833333333333335,32,0.3333333333333333,0.5,0.8164965809277258,5,-0.2857142857142856,0.16666666666666666,0.4082482904638632,0.0,1.0,5,-0.1428571428571428,0.16666666666666666,1.0,,1.0,-1.0,0.14285714285714277,-1.0571428571428567,-0.9142857142857141,1,-0.5,0,4
64840597,photopea/Typr.js,JavaScript,2019-04-01,0,0,0,0,0,1,0,0,0,False,True,32,2.6666666666666665,33,0.0,0.5833333333333334,0.0,6,0.0,0.0,0.0,,,6,0.0,0.16666666666666666,0.6666666666666666,0.0,0.0,0.0,0.2285714285714285,-0.7999999999999997,-0.5714285714285712,1,-0.5,0,4
64840597,photopea/Typr.js,JavaScript,2019-05-01,0,0,0,0,0,0,0,0,0,False,False,33,2.75,34,0.0,0.5833333333333334,0.0,7,0.0,0.0,0.0,,,7,0.0,0.16666666666666666,0.3333333333333333,0.0,0.0,0.0,0.1142857142857143,-0.457142857142857,-0.34285714285714264,0,0.0,1,4
64840597,photopea/Typr.js,JavaScript,2019-06-01,0,0,0,0,0,0,0,0,0,False,False,34,2.8333333333333335,35,0.0,0.5833333333333334,0.0,8,0.0,0.0,0.0,,,8,0.0,0.16666666666666666,0.16666666666666666,0.0,0.0,0.0,-1.4970244210116104e-17,-0.2857142857142856,-0.2857142857142857,0,-1.0,2,4
64840597,photopea/Typr.js,JavaScript,2019-07-01,0,0,0,0,1,0,0,0,0,False,True,35,2.9166666666666665,36,0.0,0.6666666666666666,0.0,9,0.0,0.0,0.0,,,9,0.0,0.3333333333333333,0.0,0.0,1.0,0.0,0.028571428571428557,0.0,0.028571428571428557,1,0.0,0,4
64840597,photopea/Typr.js,JavaScript,2019-08-01,2,2,1,1,1,1,1,0,0,False,True,36,3.0,37,0.3333333333333333,0.6666666666666666,0.8164965809277258,0,0.28571428571428553,0.3333333333333333,0.816496580927726,0.5,0.5,0,0.28571428571428553,0.5,0.0,0.5,1.0,0.0,0.28571428571428553,0.0,0.28571428571428553,7,,0,4
64840597,photopea/Typr.js,JavaScript,2019-09-01,0,0,0,0,0,0,0,0,0,False,False,37,3.0833333333333335,38,0.3333333333333333,0.6666666666666666,0.8164965809277258,1,0.17142857142857143,0.3333333333333333,0.816496580927726,0.5,0.5,1,0.17142857142857143,0.3333333333333333,0.0,0.5,0.0,0.0,0.14285714285714285,0.0,0.14285714285714285,0,0.0,1,4
64840597,photopea/Typr.js,JavaScript,2019-10-01,0,0,0,0,0,0,0,2,1,False,True,38,3.1666666666666665,39,0.3333333333333333,0.6666666666666666,0.8164965809277258,2,0.05714285714285713,0.3333333333333333,0.816496580927726,0.5,0.5,2,0.05714285714285713,0.3333333333333333,0.3333333333333333,1.0,1.0,1.0,0.057142857142857065,0.42857142857142844,0.48571428571428554,3,2.0,0,4
64840597,photopea/Typr.js,JavaScript,2019-11-01,0,0,0,0,0,0,0,1,1,False,True,39,3.25,40,0.3333333333333333,0.6666666666666666,0.8164965809277258,3,-0.05714285714285717,0.3333333333333333,0.816496580927726,0.5,0.5,3,-0.05714285714285717,0.3333333333333333,0.5,1.0,1.0,1.0,-0.17142857142857146,0.5428571428571428,0.37142857142857133,2,-0.7142857142857143,0,4
64840597,photopea/Typr.js,JavaScript,2019-12-01,0,0,0,0,2,0,0,0,0,False,True,40,3.3333333333333335,41,0.3333333333333333,0.6666666666666666,0.8164965809277258,4,-0.17142857142857149,0.3333333333333333,0.816496580927726,0.5,0.5,4,-0.17142857142857149,0.6666666666666666,0.5,1.0,3.0,1.0,-0.11428571428571423,0.2571428571428571,0.14285714285714274,2,,0,4
64840597,photopea/Typr.js,JavaScript,2020-01-01,0,0,0,0,0,1,0,0,0,False,True,41,3.4166666666666665,42,0.3333333333333333,0.6666666666666666,0.8164965809277258,5,-0.2857142857142856,0.3333333333333333,0.816496580927726,0.5,0.5,5,-0.2857142857142856,0.5,0.5,0.5,1.0,1.0,-0.11428571428571423,-0.028571428571428543,-0.1428571428571429,1,-0.6666666666666666,0,4
64840597,photopea/Typr.js,JavaScript,2020-02-01,0,0,0,0,0,0,0,0,0,False,False,42,3.5,43,0.0,0.6666666666666666,0.0,6,0.0,0.0,0.0,,,6,0.0,0.3333333333333333,0.5,0.0,1.0,1.0,0.14285714285714282,-0.3142857142857142,-0.17142857142857149,0,-1.0,1,4
64840597,photopea/Typr.js,JavaScript,2020-03-01,0,0,0,0,0,0,0,0,0,False,False,43,3.5833333333333335,44,0.0,0.5833333333333334,0.0,7,0.0,0.0,0.0,,,7,0.0,0.3333333333333333,0.5,0.0,1.0,1.0,-0.028571428571428588,-0.6,-0.6285714285714282,0,-1.0,2,4
64840597,photopea/Typr.js,JavaScript,2020-04-01,2,1,0,1,0,0,0,0,1,False,True,44,3.6666666666666665,45,0.3333333333333333,0.5833333333333334,0.8164965809277258,0,0.28571428571428553,0.16666666666666666,0.4082482904638632,0.0,1.0,0,0.14285714285714277,0.3333333333333333,0.16666666666666666,0.0,1.0,-1.0,-0.20000000000000004,-0.1428571428571429,-0.34285714285714264,4,3.0,0,4
64840597,photopea/Typr.js,JavaScript,2020-05-01,37,1,0,1,0,0,0,1,1,False,True,45,3.75,46,6.5,0.6666666666666666,14.963288408635316,0,5.4571428571428555,0.3333333333333333,0.5163977794943223,0.0,1.0,0,0.2285714285714285,0.3333333333333333,0.16666666666666666,0.0,1.0,-1.0,-0.37142857142857133,0.37142857142857133,-2.994048842023221e-17,40,,0,4
64840597,photopea/Typr.js,JavaScript,2020-06-01,0,0,0,0,0,0,0,0,0,False,False,46,3.8333333333333335,47,6.5,0.6666666666666666,14.963288408635316,1,3.2285714285714286,0.3333333333333333,0.5163977794943223,0.0,1.0,1,0.1142857142857143,0.0,0.16666666666666666,0.0,-1.0,-1.0,-0.1428571428571428,0.20000000000000004,0.057142857142857155,0,0.0,1,4
64840597,photopea/Typr.js,JavaScript,2020-07-01,0,0,0,0,0,1,0,0,0,False,True,47,3.9166666666666665,48,6.5,0.6666666666666666,14.963288408635316,2,0.9999999999999996,0.3333333333333333,0.5163977794943223,0.0,1.0,2,-1.4970244210116104e-17,0.0,0.16666666666666666,0.0,-1.0,-1.0,0.14285714285714277,0.028571428571428536,0.17142857142857137,1,-0.75,0,4
64840597,photopea/Typr.js,JavaScript,2020-08-01,0,0,0,0,0,0,0,0,0,False,False,48,4.0,49,6.5,0.5833333333333334,14.963288408635316,3,-1.2285714285714284,0.3333333333333333,0.5163977794943223,0.0,1.0,3,-0.11428571428571425,0.0,0.16666666666666666,0.0,-1.0,-1.0,0.08571428571428572,-0.14285714285714282,-0.05714285714285711,0,-1.0,1,4
64840597,photopea/Typr.js,JavaScript,2020-09-01,0,0,0,0,0,0,0,0,0,False,False,49,4.083333333333333,50,6.5,0.5833333333333334,14.963288408635316,4,-3.4571428571428546,0.3333333333333333,0.5163977794943223,0.0,1.0,4,-0.2285714285714285,0.0,0.16666666666666666,0.0,-1.0,-1.0,0.028571428571428564,-0.3142857142857142,-0.28571428571428564,0,0.0,2,4
64840597,photopea/Typr.js,JavaScript,2020-10-01,0,0,0,0,0,0,0,1,1,False,True,50,4.166666666666667,51,6.166666666666667,0.5833333333333334,15.105186747162932,5,-5.285714285714285,0.16666666666666666,0.4082482904638632,0.0,1.0,5,-0.1428571428571428,0.0,0.3333333333333333,0.0,-1.0,0.0,-0.028571428571428584,-4.491073263034831e-17,-0.028571428571428543,2,1.0,0,4
64840597,photopea/Typr.js,JavaScript,2020-11-01,0,0,0,0,0,0,0,1,0,False,True,51,4.25,52,0.0,0.5833333333333334,0.0,6,0.0,0.0,0.0,,,6,0.0,0.0,0.3333333333333333,0.0,-1.0,1.0,-0.08571428571428574,0.3142857142857143,0.2285714285714285,1,,0,4
64840597,photopea/Typr.js,JavaScript,2020-12-01,0,0,0,0,0,0,0,0,0,False,False,52,4.333333333333333,53,0.0,0.5,0.0,7,0.0,0.0,0.0,,,7,0.0,0.0,0.3333333333333333,0.0,-1.0,1.0,-0.1428571428571428,0.14285714285714282,0.0,0,0.0,1,4
64840597,photopea/Typr.js,JavaScript,2021-01-01,0,0,0,0,0,0,0,0,0,False,False,53,4.416666666666667,54,0.0,0.4166666666666667,0.0,8,0.0,0.0,0.0,,,8,0.0,0.0,0.3333333333333333,,0.0,1.0,0.0,-0.028571428571428588,-0.028571428571428588,0,-1.0,2,4
64840597,photopea/Typr.js,JavaScript,2021-02-01,0,0,0,0,0,0,0,0,0,False,False,54,4.5,55,0.0,0.4166666666666667,0.0,9,0.0,0.0,0.0,,,9,0.0,0.0,0.3333333333333333,,0.0,1.0,0.0,-0.20000000000000004,-0.20000000000000004,0,-1.0,3,4
64840597,photopea/Typr.js,JavaScript,2021-03-01,0,0,0,0,0,0,0,0,0,False,False,55,4.583333333333333,56,0.0,0.4166666666666667,0.0,10,0.0,0.0,0.0,,,10,0.0,0.0,0.3333333333333333,,0.0,1.0,0.0,-0.37142857142857133,-0.37142857142857133,0,0.0,4,4
64840597,photopea/Typr.js,JavaScript,2021-04-01,0,0,0,0,0,0,0,0,0,False,False,56,4.666666666666667,57,0.0,0.3333333333333333,0.0,11,0.0,0.0,0.0,,,11,0.0,0.0,0.16666666666666666,,0.0,1.0,0.0,-0.1428571428571428,-0.1428571428571428,0,0.0,5,5
64840597,photopea/Typr.js,JavaScript,2021-05-01,0,0,0,0,0,0,0,0,0,False,False,57,4.75,58,0.0,0.25,0.0,12,0.0,0.0,0.0,,,12,0.0,0.0,0.0,,0.0,0.0,0.0,0.0,0.0,0,0.0,6,6
64840597,photopea/Typr.js,JavaScript,2021-06-01,0,0,0,0,0,0,0,0,0,False,False,58,4.833333333333333,59,0.0,0.25,0.0,13,0.0,0.0,0.0,,,13,0.0,0.0,0.0,,0.0,0.0,0.0,0.0,0.0,0,0.0,7,7
64840597,photopea/Typr.js,JavaScript,2021-07-01,0,0,0,0,0,0,0,0,0,False,False,59,4.916666666666667,60,0.0,0.16666666666666666,0.0,14,0.0,0.0,0.0,,,14,0.0,0.0,0.0,,0.0,0.0,0.0,0.0,0.0,0,0.0,8,8
64840597,photopea/Typr.js,JavaScript,2021-08-01,0,0,0,0,0,0,0,0,0,False,False,60,5.0,61,0.0,0.16666666666666666,0.0,15,0.0,0.0,0.0,,,15,0.0,0.0,0.0,,0.0,0.0,0.0,0.0,0.0,0,0.0,9,9
64840597,photopea/Typr.js,JavaScript,2021-09-01,0,0,0,0,1,0,0,0,0,False,True,61,5.083333333333333,62,0.0,0.25,0.0,16,0.0,0.0,0.0,,,16,0.0,0.16666666666666666,0.0,,1.0,0.0,0.14285714285714277,0.0,0.14285714285714277,1,,0,9
64840597,photopea/Typr.js,JavaScript,2021-10-01,0,0,0,0,0,0,0,1,0,False,True,62,5.166666666666667,63,0.0,0.25,0.0,17,0.0,0.0,0.0,,,17,0.0,0.16666666666666666,0.16666666666666666,,1.0,1.0,0.08571428571428572,0.14285714285714277,0.2285714285714285,1,,0,9
64840597,photopea/Typr.js,JavaScript,2021-11-01,0,0,0,0,0,0,0,0,1,False,True,63,5.25,64,0.0,0.25,0.0,18,0.0,0.0,0.0,,,18,0.0,0.16666666666666666,0.16666666666666666,,1.0,0.0,0.028571428571428564,0.2285714285714285,0.2571428571428571,1,,0,9
64840597,photopea/Typr.js,JavaScript,2021-12-01,0,0,0,0,0,0,0,0,0,False,False,64,5.333333333333333,65,0.0,0.25,0.0,19,0.0,0.0,0.0,,,19,0.0,0.16666666666666666,0.16666666666666666,,1.0,0.0,-0.028571428571428584,0.1142857142857143,0.0857142857142857,0,-1.0,1,9
64840597,photopea/Typr.js,JavaScript,2022-01-01,0,0,0,0,0,0,0,0,0,False,False,65,5.416666666666667,66,0.0,0.25,0.0,20,0.0,0.0,0.0,,,20,0.0,0.16666666666666666,0.16666666666666666,,1.0,0.0,-0.08571428571428574,-1.4970244210116104e-17,-0.08571428571428569,0,-1.0,2,9
64840597,photopea/Typr.js,JavaScript,2022-02-01,0,0,0,0,0,0,0,0,0,False,False,66,5.5,67,0.0,0.25,0.0,21,0.0,0.0,0.0,,,21,0.0,0.16666666666666666,0.16666666666666666,,1.0,0.0,-0.1428571428571428,-0.11428571428571425,-0.2571428571428571,0,-1.0,3,9
64840597,photopea/Typr.js,JavaScript,2022-03-01,0,0,0,0,0,0,0,0,0,False,False,67,5.583333333333333,68,0.0,0.25,0.0,22,0.0,0.0,0.0,,,22,0.0,0.0,0.16666666666666666,,0.0,0.0,0.0,-0.2285714285714285,-0.2285714285714285,0,0.0,4,9
64840597,photopea/Typr.js,JavaScript,2022-04-01,0,0,0,0,0,0,0,1,1,False,True,68,5.666666666666667,69,0.0,0.3333333333333333,0.0,23,0.0,0.0,0.0,,,23,0.0,0.0,0.16666666666666666,,0.0,-1.0,0.0,0.14285714285714277,0.14285714285714277,2,,0,9
64840597,photopea/Typr.js,JavaScript,2022-05-01,0,0,0,0,0,0,0,0,0,False,False,69,5.75,70,0.0,0.3333333333333333,0.0,24,0.0,0.0,0.0,,,24,0.0,0.0,0.16666666666666666,,0.0,0.0,0.0,0.17142857142857143,0.17142857142857143,0,0.0,1,9
64840597,photopea/Typr.js,JavaScript,2022-06-01,0,0,0,0,0,0,0,0,0,False,False,70,5.833333333333333,71,0.0,0.3333333333333333,0.0,25,0.0,0.0,0.0,,,25,0.0,0.0,0.16666666666666666,,0.0,0.0,0.0,0.05714285714285713,0.05714285714285713,0,0.0,2,9
64840597,photopea/Typr.js,JavaScript,2022-07-01,0,0,0,0,0,0,0,0,0,False,False,71,5.916666666666667,72,0.0,0.3333333333333333,0.0,26,0.0,0.0,0.0,,,26,0.0,0.0,0.16666666666666666,,0.0,0.0,0.0,-0.05714285714285717,-0.05714285714285717,0,-1.0,3,9
64840597,photopea/Typr.js,JavaScript,2022-08-01,0,0,0,0,0,0,0,1,0,False,True,72,6.0,73,0.0,0.4166666666666667,0.0,27,0.0,0.0,0.0,,,27,0.0,0.0,0.3333333333333333,,0.0,1.0,0.0,-0.02857142857142866,-0.02857142857142866,1,,0,9
64840597,photopea/Typr.js,JavaScript,2022-09-01,1,1,0,1,0,0,0,2,1,False,True,73,6.083333333333333,74,0.16666666666666666,0.4166666666666667,0.408248290463918,0,0.14285714285714277,0.16666666666666666,0.4082482904638632,0.0,1.0,0,0.14285714285714277,0.0,0.6666666666666666,,0.0,2.0,0.0,0.22857142857142845,0.22857142857142845,5,,0,9
64840597,photopea/Typr.js,JavaScript,2022-10-01,0,0,0,0,0,0,0,0,1,False,True,74,6.166666666666667,75,0.16666666666666666,0.4166666666666667,0.408248290463918,1,0.08571428571428572,0.16666666666666666,0.4082482904638632,0.0,1.0,1,0.08571428571428572,0.0,0.5,,0.0,1.0,0.0,0.42857142857142844,0.42857142857142844,1,,0,9
64840597,photopea/Typr.js,JavaScript,2022-11-01,0,0,0,0,0,0,0,0,0,False,False,75,6.25,76,0.16666666666666666,0.3333333333333333,0.408248290463918,2,0.028571428571428564,0.16666666666666666,0.4082482904638632,0.0,1.0,2,0.028571428571428564,0.0,0.5,,0.0,1.0,0.0,0.14285714285714282,0.14285714285714282,0,-1.0,1,9
64840597,photopea/Typr.js,JavaScript,2022-12-01,0,0,0,0,0,0,0,0,0,False,False,76,6.333333333333333,77,0.16666666666666666,0.3333333333333333,0.408248290463918,3,-0.028571428571428584,0.16666666666666666,0.4082482904638632,0.0,1.0,3,-0.028571428571428584,0.0,0.5,,0.0,1.0,0.0,-0.14285714285714277,-0.14285714285714277,0,-1.0,2,9
64840597,photopea/Typr.js,JavaScript,2023-01-01,0,0,0,0,0,0,0,0,0,False,False,77,6.416666666666667,78,0.16666666666666666,0.3333333333333333,0.408248290463918,4,-0.08571428571428574,0.16666666666666666,0.4082482904638632,0.0,1.0,4,-0.08571428571428574,0.0,0.5,,0.0,1.0,0.0,-0.4285714285714284,-0.4285714285714284,0,-1.0,3,9
64840597,photopea/Typr.js,JavaScript,2023-02-01,1,1,0,1,0,0,0,2,1,False,True,78,6.5,79,0.3333333333333333,0.4166666666666667,0.5163977794943652,0,-2.2455366315174155e-17,0.3333333333333333,0.5163977794943223,0.0,1.0,0,-2.2455366315174155e-17,0.0,0.6666666666666666,,0.0,1.0,0.0,-0.08571428571428574,-0.08571428571428574,5,,0,9
64840597,photopea/Typr.js,JavaScript,2023-03-01,0,0,0,0,0,0,0,0,0,False,False,79,6.583333333333333,80,0.16666666666666666,0.4166666666666667,0.408248290463918,1,0.08571428571428572,0.16666666666666666,0.4082482904638632,0.0,1.0,1,0.08571428571428572,0.0,0.3333333333333333,,0.0,0.0,0.0,0.11428571428571437,0.11428571428571437,0,0.0,1,9
64840597,photopea/Typr.js,JavaScript,2023-04-01,0,0,0,0,0,0,0,0,0,False,False,80,6.666666666666667,81,0.16666666666666666,0.3333333333333333,0.408248290463918,2,0.028571428571428564,0.16666666666666666,0.4082482904638632,0.0,1.0,2,0.028571428571428564,0.0,0.3333333333333333,,0.0,1.0,0.0,0.08571428571428569,0.08571428571428569,0,0.0,2,9
64840597,photopea/Typr.js,JavaScript,2023-05-01,0,0,0,0,0,0,0,0,0,False,False,81,6.75,82,0.16666666666666666,0.3333333333333333,0.408248290463918,3,-0.028571428571428584,0.16666666666666666,0.4082482904638632,0.0,1.0,3,-0.028571428571428584,0.0,0.3333333333333333,,0.0,1.0,0.0,-0.08571428571428569,-0.08571428571428569,0,-1.0,3,9
64840597,photopea/Typr.js,JavaScript,2023-06-01,0,0,0,0,0,0,0,0,0,False,False,82,6.833333333333333,83,0.16666666666666666,0.3333333333333333,0.408248290463918,4,-0.08571428571428574,0.16666666666666666,0.4082482904638632,0.0,1.0,4,-0.08571428571428574,0.0,0.3333333333333333,,0.0,1.0,0.0,-0.2571428571428571,-0.2571428571428571,0,0.0,4,9
64840597,photopea/Typr.js,JavaScript,2023-07-01,0,0,0,0,0,0,0,0,0,False,False,83,6.916666666666667,84,0.16666666666666666,0.3333333333333333,0.408248290463918,5,-0.1428571428571428,0.16666666666666666,0.4082482904638632,0.0,1.0,5,-0.1428571428571428,0.0,0.3333333333333333,,0.0,1.0,0.0,-0.42857142857142866,-0.42857142857142866,0,0.0,5,9
64840597,photopea/Typr.js,JavaScript,2023-08-01,0,0,0,0,0,0,0,0,0,False,False,84,7.0,85,0.0,0.25,0.0,6,0.0,0.0,0.0,,,6,0.0,0.0,0.0,,0.0,0.0,0.0,0.0,0.0,0,0.0,6,9
64840597,photopea/Typr.js,JavaScript,2023-09-01,0,0,0,0,0,0,0,0,0,False,False,85,7.083333333333333,86,0.0,0.16666666666666666,0.0,7,0.0,0.0,0.0,,,7,0.0,0.0,0.0,,0.0,0.0,0.0,0.0,0.0,0,0.0,7,9
64840597,photopea/Typr.js,JavaScript,2023-10-01,0,0,0,0,0,0,0,2,1,False,True,86,7.166666666666667,87,0.0,0.16666666666666666,0.0,8,0.0,0.0,0.0,,,8,0.0,0.0,0.3333333333333333,,0.0,1.0,0.0,0.42857142857142844,0.42857142857142844,3,,0,9
64840597,photopea/Typr.js,JavaScript,2023-11-01,0,0,0,0,0,0,0,0,0,False,False,87,7.25,88,0.0,0.16666666666666666,0.0,9,0.0,0.0,0.0,,,9,0.0,0.0,0.3333333333333333,,0.0,1.0,0.0,0.2571428571428572,0.2571428571428572,0,0.0,1,9
64840597,photopea/Typr.js,JavaScript,2023-12-01,0,0,0,0,0,0,0,0,0,False,False,88,7.333333333333333,89,0.0,0.16666666666666666,0.0,10,0.0,0.0,0.0,,,10,0.0,0.0,0.3333333333333333,,0.0,1.0,0.0,0.08571428571428569,0.08571428571428569,0,0.0,2,9
64840597,photopea/Typr.js,JavaScript,2024-01-01,3,1,0,1,0,2,0,1,1,False,True,89,7.416666666666667,90,0.5,0.25,1.224744871391607,0,0.42857142857142844,0.16666666666666666,0.4082482904638632,0.0,1.0,0,0.14285714285714277,0.0,0.5,0.0,-2.0,1.0,0.28571428571428553,0.19999999999999993,0.48571428571428554,8,1.6666666666666667,0,9
64840597,photopea/Typr.js,JavaScript,2024-02-01,0,0,0,0,0,0,0,0,0,False,False,90,7.5,91,0.5,0.16666666666666666,1.224744871391607,1,0.2571428571428572,0.16666666666666666,0.4082482904638632,0.0,1.0,1,0.08571428571428572,0.0,0.5,0.0,-2.0,1.0,0.17142857142857143,-0.0857142857142855,0.08571428571428583,0,0.0,1,9
64840597,photopea/Typr.js,JavaScript,2024-03-01,0,0,0,0,0,0,0,0,0,False,False,91,7.583333333333333,92,0.5,0.16666666666666666,1.224744871391607,2,0.08571428571428569,0.16666666666666666,0.4082482904638632,0.0,1.0,2,0.028571428571428564,0.0,0.5,0.0,-2.0,1.0,0.05714285714285713,-0.3714285714285713,-0.3142857142857143,0,0.0,2,9
64840597,photopea/Typr.js,JavaScript,2024-04-01,0,0,0,0,0,0,0,2,1,False,True,92,7.666666666666667,93,0.5,0.25,1.224744871391607,3,-0.08571428571428569,0.16666666666666666,0.4082482904638632,0.0,1.0,3,-0.028571428571428584,0.0,0.5,0.0,-2.0,1.0,-0.05714285714285717,0.3714285714285713,0.31428571428571417,3,-0.625,0,9
64840597,photopea/Typr.js,JavaScript,2024-05-01,0,0,0,0,0,0,0,0,0,False,False,93,7.75,94,0.5,0.25,1.224744871391607,4,-0.2571428571428571,0.16666666666666666,0.4082482904638632,0.0,1.0,4,-0.08571428571428574,0.0,0.5,0.0,-2.0,1.0,-0.17142857142857149,0.08571428571428581,-0.08571428571428569,0,0.0,1,9
64840597,photopea/Typr.js,JavaScript,2024-06-01,0,0,0,0,0,0,0,0,0,False,False,94,7.833333333333333,95,0.5,0.25,1.224744871391607,5,-0.42857142857142866,0.16666666666666666,0.4082482904638632,0.0,1.0,5,-0.1428571428571428,0.0,0.5,0.0,-2.0,1.0,-0.2857142857142856,-0.19999999999999998,-0.48571428571428554,0,0.0,2,9
64840597,photopea/Typr.js,JavaScript,2024-07-01,0,0,0,0,0,0,0,3,2,False,True,95,7.916666666666667,96,0.0,0.3333333333333333,0.0,6,0.0,0.0,0.0,,,6,0.0,0.0,0.8333333333333334,,0.0,2.0,0.0,0.6285714285714283,0.6285714285714283,5,0.6666666666666666,0,9
64840597,photopea/Typr.js,JavaScript,2024-08-01,0,0,0,0,0,0,0,0,0,False,False,96,8.0,97,0.0,0.3333333333333333,0.0,7,0.0,0.0,0.0,,,7,0.0,0.0,0.8333333333333334,,0.0,2.0,0.0,0.17142857142857154,0.17142857142857154,0,0.0,1,9
64840597,photopea/Typr.js,JavaScript,2024-09-01,0,0,0,0,0,0,0,0,0,False,False,97,8.083333333333334,98,0.0,0.3333333333333333,0.0,8,0.0,0.0,0.0,,,8,0.0,0.0,0.8333333333333334,,0.0,2.0,0.0,-0.28571428571428564,-0.28571428571428564,0,0.0,2,9
64840597,photopea/Typr.js,JavaScript,2024-10-01,0,0,0,0,0,0,0,1,0,False,True,98,8.166666666666666,99,0.0,0.3333333333333333,0.0,9,0.0,0.0,0.0,,,9,0.0,0.0,0.6666666666666666,,0.0,2.0,0.0,-1.1976195368092883e-16,-1.1976195368092883e-16,1,-0.8,0,9
64840597,photopea/Typr.js,JavaScript,2024-11-01,0,0,0,0,0,0,0,0,0,False,False,99,8.25,100,0.0,0.3333333333333333,0.0,10,0.0,0.0,0.0,,,10,0.0,0.0,0.6666666666666666,,0.0,2.0,0.0,-0.34285714285714286,-0.34285714285714286,0,0.0,1,9
64840597,photopea/Typr.js,JavaScript,2024-12-01,3,1,0,1,0,0,0,2,2,False,True,100,8.333333333333334,101,0.5,0.4166666666666667,1.224744871391607,0,0.42857142857142844,0.16666666666666666,0.4082482904638632,0.0,1.0,0,0.14285714285714277,0.0,1.0,,0.0,2.0,0.0,-0.11428571428571425,-0.11428571428571425,8,,0,9
64840597,photopea/Typr.js,JavaScript,2025-01-01,0,0,0,0,0,0,0,0,0,False,False,101,8.416666666666666,102,0.5,0.3333333333333333,1.224744871391607,1,0.2571428571428572,0.16666666666666666,0.4082482904638632,0.0,1.0,1,0.08571428571428572,0.0,0.5,,0.0,1.0,0.0,0.3142857142857143,0.3142857142857143,0,-1.0,1,9
64840597,photopea/Typr.js,JavaScript,2025-02-01,0,0,0,0,0,0,0,0,0,False,False,102,8.5,103,0.5,0.3333333333333333,1.224744871391607,2,0.08571428571428569,0.16666666666666666,0.4082482904638632,0.0,1.0,2,0.028571428571428564,0.0,0.5,,0.0,1.0,0.0,0.02857142857142853,0.02857142857142853,0,0.0,2,9
64840597,photopea/Typr.js,JavaScript,2025-03-01,0,0,0,0,0,0,0,0,0,False,False,103,8.583333333333334,104,0.5,0.3333333333333333,1.224744871391607,3,-0.08571428571428569,0.16666666666666666,0.4082482904638632,0.0,1.0,3,-0.028571428571428584,0.0,0.5,,0.0,1.0,0.0,-0.2571428571428571,-0.2571428571428571,0,-1.0,3,9
64840597,photopea/Typr.js,JavaScript,2025-04-01,0,0,0,0,0,0,0,0,0,False,False,104,8.666666666666666,105,0.5,0.25,1.224744871391607,4,-0.2571428571428571,0.16666666666666666,0.4082482904638632,0.0,1.0,4,-0.08571428571428574,0.0,0.3333333333333333,,0.0,0.0,0.0,-0.34285714285714297,-0.34285714285714297,0,0.0,4,9
64840597,photopea/Typr.js,JavaScript,2025-05-01,0,0,0,0,0,0,0,0,0,False,False,105,8.75,106,0.5,0.25,1.224744871391607,5,-0.42857142857142866,0.16666666666666666,0.4082482904638632,0.0,1.0,5,-0.1428571428571428,0.0,0.3333333333333333,,0.0,0.0,0.0,-0.5714285714285712,-0.5714285714285712,0,0.0,5,9
64840597,photopea/Typr.js,JavaScript,2025-06-01,0,0,0,0,0,0,0,0,0,False,False,106,8.833333333333334,107,0.0,0.25,0.0,6,0.0,0.0,0.0,,,6,0.0,0.0,0.0,,0.0,0.0,0.0,0.0,0.0,0,0.0,6,9
64840597,photopea/Typr.js,JavaScript,2025-07-01,0,0,0,0,0,0,0,0,0,False,False,107,8.916666666666666,108,0.0,0.16666666666666666,0.0,7,0.0,0.0,0.0,,,7,0.0,0.0,0.0,,0.0,0.0,0.0,0.0,0.0,0,0.0,7,9
64840597,photopea/Typr.js,JavaScript,2025-08-01,2,1,0,1,1,0,0,1,0,False,True,108,9.0,109,0.3333333333333333,0.25,0.8164965809277531,0,0.28571428571428553,0.16666666666666666,0.4082482904638632,0.0,1.0,0,0.14285714285714277,0.16666666666666666,0.16666666666666666,,1.0,1.0,0.14285714285714277,0.14285714285714277,0.28571428571428553,5,,0,9
64840597,photopea/Typr.js,JavaScript,2025-09-01,0,0,0,0,0,0,0,0,0,False,False,109,9.083333333333334,110,0.3333333333333333,0.25,0.8164965809277531,1,0.17142857142857143,0.16666666666666666,0.4082482904638632,0.0,1.0,1,0.08571428571428572,0.16666666666666666,0.16666666666666666,,1.0,1.0,0.08571428571428572,0.08571428571428572,0.17142857142857143,0,0.0,1,9
64840597,photopea/Typr.js,JavaScript,2025-10-01,0,0,0,0,0,0,0,0,0,False,False,110,9.166666666666666,111,0.3333333333333333,0.16666666666666666,0.8164965809277531,2,0.05714285714285713,0.16666666666666666,0.4082482904638632,0.0,1.0,2,0.028571428571428564,0.16666666666666666,0.16666666666666666,,1.0,1.0,0.028571428571428564,0.028571428571428564,0.05714285714285713,0,0.0,2,9
64840597,photopea/Typr.js,JavaScript,2025-11-01,0,0,0,0,0,0,0,0,0,False,False,111,9.25,112,0.3333333333333333,0.16666666666666666,0.8164965809277531,3,-0.05714285714285717,0.16666666666666666,0.4082482904638632,0.0,1.0,3,-0.028571428571428584,0.16666666666666666,0.16666666666666666,,1.0,1.0,-0.028571428571428584,-0.028571428571428584,-0.05714285714285717,0,-1.0,3,9
64840597,photopea/Typr.js,JavaScript,2025-12-01,0,0,0,0,0,0,0,0,0,False,False,112,9.333333333333334,113,0.3333333333333333,0.08333333333333333,0.8164965809277531,4,-0.17142857142857149,0.16666666666666666,0.4082482904638632,0.0,1.0,4,-0.08571428571428574,0.16666666666666666,0.16666666666666666,,1.0,1.0,-0.08571428571428574,-0.08571428571428574,-0.17142857142857149,0,0.0,4,9
64840597,photopea/Typr.js,JavaScript,2026-01-01,0,0,0,0,0,0,0,0,0,False,False,113,9.416666666666666,114,0.3333333333333333,0.08333333333333333,0.8164965809277531,5,-0.2857142857142856,0.16666666666666666,0.4082482904638632,0.0,1.0,5,-0.1428571428571428,0.16666666666666666,0.16666666666666666,,1.0,1.0,-0.1428571428571428,-0.1428571428571428,-0.2857142857142856,0,0.0,5,9
64840597,photopea/Typr.js,JavaScript,2026-02-01,0,0,0,0,0,0,0,0,0,False,False,114,9.5,115,0.0,0.08333333333333333,0.0,6,0.0,0.0,0.0,,,6,0.0,0.0,0.0,,0.0,0.0,0.0,0.0,0.0,0,0.0,6,9
64840597,photopea/Typr.js,JavaScript,2026-03-01,0,0,0,0,0,0,0,0,0,False,False,115,9.583333333333334,116,0.0,0.08333333333333333,0.0,7,0.0,0.0,0.0,,,7,0.0,0.0,0.0,,0.0,0.0,0.0,0.0,0.0,0,0.0,7,9
64840597,photopea/Typr.js,JavaScript,2026-04-01,0,0,0,0,0,0,0,0,0,False,False,116,9.666666666666666,117,0.0,0.08333333333333333,0.0,8,0.0,0.0,0.0,,,8,0.0,0.0,0.0,,0.0,0.0,0.0,0.0,0.0,0,0.0,8,9
64840597,photopea/Typr.js,JavaScript,2026-05-01,0,0,0,0,0,0,0,0,0,False,False,117,9.75,118,0.0,0.08333333333333333,0.0,9,0.0,0.0,0.0,,,9,0.0,0.0,0.0,,0.0,0.0,0.0,0.0,0.0,0,0.0,9,9
64840597,photopea/Typr.js,JavaScript,2026-06-01,0,0,0,0,0,0,0,0,0,False,False,118,9.833333333333334,119,0.0,0.08333333333333333,0.0,10,0.0,0.0,0.0,,,10,0.0,0.0,0.0,,0.0,0.0,0.0,0.0,0.0,0,0.0,10,10
64840597,photopea/Typr.js,JavaScript,2026-07-01,0,0,0,0,0,0,0,0,0,False,False,119,9.916666666666666,120,0.0,0.08333333333333333,0.0,11,0.0,0.0,0.0,,,11,0.0,0.0,0.0,,0.0,0.0,0.0,0.0,0.0,0,0.0,11,11
64840597,photopea/Typr.js,JavaScript,2026-08-01,0,0,0,0,0,0,0,0,0,False,False,120,10.0,121,0.0,0.0,0.0,12,0.0,0.0,0.0,,,12,0.0,0.0,0.0,,0.0,0.0,0.0,0.0,0.0,0,0.0,12,12
69343400,alidili/SesameCreditScore,Java,2016-09-01,7,3,3,0,0,0,0,0,0,False,True,0,0.0,1,7.0,1.0,0.0,0,,3.0,0.0,1.0,0.0,0,,0.0,0.0,,0.0,0.0,,,,10,,0,0
69343400,alidili/SesameCreditScore,Java,2016-10-01,3,2,0,2,0,0,0,0,0,False,True,1,0.08333333333333333,2,5.0,1.0,2.8284271247461903,0,,2.5,0.7071067811865476,0.6,0.4,0,,0.0,0.0,,0.0,0.0,,,,5,,0,0
69343400,alidili/SesameCreditScore,Java,2016-11-01,2,1,0,1,0,0,0,0,0,False,True,2,0.16666666666666666,3,4.0,1.0,2.6457513110645907,0,-2.4999999999999996,2.0,1.0,0.5,0.5,0,-1.0,0.0,0.0,,0.0,0.0,0.0,0.0,0.0,3,,0,0
69343400,alidili/SesameCreditScore,Java,2016-12-01,1,1,0,1,0,0,0,0,0,False,True,3,0.25,4,3.25,1.0,2.6299556396765835,0,-1.9000000000000001,1.75,0.9574271077563381,0.42857142857142855,0.5714285714285714,0,-0.6999999999999997,0.0,0.0,,0.0,0.0,0.0,0.0,0.0,2,-0.8,0,0
69343400,alidili/SesameCreditScore,Java,2017-01-01,0,0,0,0,0,0,0,0,0,False,False,4,0.3333333333333333,5,2.6,0.8,2.701851217221259,1,-1.6000000000000012,1.4,1.1401754250991378,0.42857142857142855,0.5714285714285714,1,-0.7000000000000003,0.0,0.0,,0.0,0.0,0.0,0.0,0.0,0,-1.0,1,1
69343400,alidili/SesameCreditScore,Java,2017-02-01,0,0,0,0,0,0,0,0,0,False,False,5,0.4166666666666667,6,2.1666666666666665,0.6666666666666666,2.6394443859772205,2,-1.2857142857142854,1.1666666666666667,1.169045194450012,0.42857142857142855,0.5714285714285714,2,-0.6,0.0,0.0,,0.0,0.0,0.0,0.0,0.0,0,-1.0,2,2
69343400,alidili/SesameCreditScore,Java,2017-03-01,0,0,0,0,0,0,0,0,0,False,False,6,0.5,7,1.0,0.5714285714285714,1.2649110640673522,3,-0.6285714285714284,0.6666666666666666,0.8164965809277258,0.0,1.0,3,-0.39999999999999986,0.0,0.0,,0.0,0.0,0.0,0.0,0.0,0,-1.0,3,3
69343400,alidili/SesameCreditScore,Java,2017-04-01,0,0,0,0,0,0,0,0,0,False,False,7,0.5833333333333334,8,0.5,0.5,0.8366600265340766,4,-0.37142857142857133,0.3333333333333333,0.5163977794943218,0.0,1.0,4,-0.2285714285714285,0.0,0.0,,0.0,0.0,0.0,0.0,0.0,0,0.0,4,4
69343400,alidili/SesameCreditScore,Java,2017-05-01,0,0,0,0,0,0,0,1,0,False,True,8,0.6666666666666666,9,0.16666666666666666,0.5555555555555556,0.4082482904638654,5,-0.1428571428571428,0.16666666666666666,0.4082482904638623,0.0,1.0,5,-0.1428571428571428,0.0,0.16666666666666666,,0.0,1.0,0.0,0.14285714285714277,0.14285714285714277,1,,0,4
69343400,alidili/SesameCreditScore,Java,2017-06-01,0,0,0,0,0,0,0,0,1,False,True,9,0.75,10,0.0,0.6,0.0,6,0.0,0.0,0.0,,,6,0.0,0.0,0.16666666666666666,,0.0,0.0,0.0,0.2285714285714285,0.2285714285714285,1,,0,4
69343400,alidili/SesameCreditScore,Java,2017-07-01,1,1,0,1,0,0,0,0,0,False,True,10,0.8333333333333334,11,0.16666666666666666,0.6363636363636364,0.4082482904638654,0,0.14285714285714277,0.16666666666666666,0.4082482904638623,0.0,1.0,0,0.14285714285714277,0.0,0.16666666666666666,,0.0,0.0,0.0,0.1142857142857143,0.1142857142857143,2,,0,4
69343400,alidili/SesameCreditScore,Java,2017-08-01,0,0,0,0,0,0,0,0,0,False,False,11,0.9166666666666666,12,0.16666666666666666,0.5833333333333334,0.4082482904638654,1,0.08571428571428572,0.16666666666666666,0.4082482904638623,0.0,1.0,1,0.08571428571428572,0.0,0.16666666666666666,,0.0,0.0,0.0,-1.4970244210116104e-17,-1.4970244210116104e-17,0,-1.0,1,4
69343400,alidili/SesameCreditScore,Java,2017-09-01,0,0,0,0,0,0,0,0,0,False,False,12,1.0,13,0.16666666666666666,0.5,0.4082482904638654,2,0.028571428571428564,0.16666666666666666,0.4082482904638623,0.0,1.0,2,0.028571428571428564,0.0,0.16666666666666666,,0.0,0.0,0.0,-0.11428571428571425,-0.11428571428571425,0,-1.0,2,4
69343400,alidili/SesameCreditScore,Java,2017-10-01,0,0,0,0,0,0,0,0,0,False,False,13,1.0833333333333333,14,0.16666666666666666,0.4166666666666667,0.4082482904638654,3,-0.028571428571428584,0.16666666666666666,0.4082482904638623,0.0,1.0,3,-0.028571428571428584,0.0,0.16666666666666666,,0.0,0.0,0.0,-0.2285714285714285,-0.2285714285714285,0,-1.0,3,4
69343400,alidili/SesameCreditScore,Java,2017-11-01,0,0,0,0,0,0,0,0,0,False,False,14,1.1666666666666667,15,0.16666666666666666,0.3333333333333333,0.4082482904638654,4,-0.08571428571428574,0.16666666666666666,0.4082482904638623,0.0,1.0,4,-0.08571428571428574,0.0,0.0,,0.0,-1.0,0.0,-0.1428571428571428,-0.1428571428571428,0,0.0,4,4
69343400,alidili/SesameCreditScore,Java,2017-12-01,0,0,0,0,0,0,0,0,0,False,False,15,1.25,16,0.16666666666666666,0.25,0.4082482904638654,5,-0.1428571428571428,0.16666666666666666,0.4082482904638623,0.0,1.0,5,-0.1428571428571428,0.0,0.0,,0.0,0.0,0.0,0.0,0.0,0,0.0,5,5
69343400,alidili/SesameCreditScore,Java,2018-01-01,0,0,0,0,0,0,0,0,0,False,False,16,1.3333333333333333,17,0.0,0.25,0.0,6,0.0,0.0,0.0,,,6,0.0,0.0,0.0,,0.0,0.0,0.0,0.0,0.0,0,0.0,6,6
69343400,alidili/SesameCreditScore,Java,2018-02-01,0,0,0,0,0,0,0,0,0,False,False,17,1.4166666666666667,18,0.0,0.25,0.0,7,0.0,0.0,0.0,,,7,0.0,0.0,0.0,,0.0,0.0,0.0,0.0,0.0,0,0.0,7,7
69343400,alidili/SesameCreditScore,Java,2018-03-01,0,0,0,0,0,0,0,0,0,False,False,18,1.5,19,0.0,0.25,0.0,8,0.0,0.0,0.0,,,8,0.0,0.0,0.0,,0.0,0.0,0.0,0.0,0.0,0,0.0,8,8
69343400,alidili/SesameCreditScore,Java,2018-04-01,0,0,0,0,0,0,0,0,0,False,False,19,1.5833333333333333,20,0.0,0.25,0.0,9,0.0,0.0,0.0,,,9,0.0,0.0,0.0,,0.0,0.0,0.0,0.0,0.0,0,0.0,9,9
69343400,alidili/SesameCreditScore,Java,2018-05-01,0,0,0,0,0,0,0,0,0,False,False,20,1.6666666666666667,21,0.0,0.16666666666666666,0.0,10,0.0,0.0,0.0,,,10,0.0,0.0,0.0,,0.0,0.0,0.0,0.0,0.0,0,0.0,10,10
69343400,alidili/SesameCreditScore,Java,2018-06-01,0,0,0,0,0,0,0,0,0,False,False,21,1.75,22,0.0,0.08333333333333333,0.0,11,0.0,0.0,0.0,,,11,0.0,0.0,0.0,,0.0,0.0,0.0,0.0,0.0,0,0.0,11,11
69343400,alidili/SesameCreditScore,Java,2018-07-01,3,1,1,0,0,0,0,0,0,False,True,22,1.8333333333333333,23,0.5,0.08333333333333333,1.2247448713915896,0,0.42857142857142844,0.16666666666666666,0.4082482904638623,1.0,0.0,0,0.14285714285714277,0.0,0.0,,0.0,0.0,0.0,0.0,0.0,4,,0,11
69343400,alidili/SesameCreditScore,Java,2018-08-01,0,0,0,0,0,0,0,0,0,False,False,23,1.9166666666666667,24,0.5,0.08333333333333333,1.2247448713915896,1,0.2571428571428572,0.16666666666666666,0.4082482904638623,1.0,0.0,1,0.08571428571428572,0.0,0.0,,0.0,0.0,0.0,0.0,0.0,0,0.0,1,11
69343400,alidili/SesameCreditScore,Java,2018-09-01,0,0,0,0,0,0,0,0,0,False,False,24,2.0,25,0.5,0.08333333333333333,1.2247448713915896,2,0.08571428571428569,0.16666666666666666,0.4082482904638623,1.0,0.0,2,0.028571428571428564,0.0,0.0,,0.0,0.0,0.0,0.0,0.0,0,0.0,2,11
69343400,alidili/SesameCreditScore,Java,2018-10-01,0,0,0,0,0,0,0,0,0,False,False,25,2.0833333333333335,26,0.5,0.08333333333333333,1.2247448713915896,3,-0.08571428571428569,0.16666666666666666,0.4082482904638623,1.0,0.0,3,-0.028571428571428584,0.0,0.0,,0.0,0.0,0.0,0.0,0.0,0,-1.0,3,11
69343400,alidili/SesameCreditScore,Java,2018-11-01,0,0,0,0,0,0,0,0,0,False,False,26,2.1666666666666665,27,0.5,0.08333333333333333,1.2247448713915896,4,-0.2571428571428571,0.16666666666666666,0.4082482904638623,1.0,0.0,4,-0.08571428571428574,0.0,0.0,,0.0,0.0,0.0,0.0,0.0,0,0.0,4,11
69343400,alidili/SesameCreditScore,Java,2018-12-01,0,0,0,0,0,0,0,0,0,False,False,27,2.25,28,0.5,0.08333333333333333,1.2247448713915896,5,-0.42857142857142866,0.16666666666666666,0.4082482904638623,1.0,0.0,5,-0.1428571428571428,0.0,0.0,,0.0,0.0,0.0,0.0,0.0,0,0.0,5,11
69343400,alidili/SesameCreditScore,Java,2019-01-01,0,0,0,0,0,0,0,0,0,False,False,28,2.3333333333333335,29,0.0,0.08333333333333333,0.0,6,0.0,0.0,0.0,,,6,0.0,0.0,0.0,,0.0,0.0,0.0,0.0,0.0,0,0.0,6,11
69343400,alidili/SesameCreditScore,Java,2019-02-01,0,0,0,0,0,0,0,0,0,False,False,29,2.4166666666666665,30,0.0,0.08333333333333333,0.0,7,0.0,0.0,0.0,,,7,0.0,0.0,0.0,,0.0,0.0,0.0,0.0,0.0,0,0.0,7,11
69343400,alidili/SesameCreditScore,Java,2019-03-01,0,0,0,0,0,0,0,0,0,False,False,30,2.5,31,0.0,0.08333333333333333,0.0,8,0.0,0.0,0.0,,,8,0.0,0.0,0.0,,0.0,0.0,0.0,0.0,0.0,0,0.0,8,11
69343400,alidili/SesameCreditScore,Java,2019-04-01,0,0,0,0,0,0,0,0,0,False,False,31,2.5833333333333335,32,0.0,0.08333333333333333,0.0,9,0.0,0.0,0.0,,,9,0.0,0.0,0.0,,0.0,0.0,0.0,0.0,0.0,0,0.0,9,11
69343400,alidili/SesameCreditScore,Java,2019-05-01,0,0,0,0,0,0,0,0,0,False,False,32,2.6666666666666665,33,0.0,0.08333333333333333,0.0,10,0.0,0.0,0.0,,,10,0.0,0.0,0.0,,0.0,0.0,0.0,0.0,0.0,0,0.0,10,11
69343400,alidili/SesameCreditScore,Java,2019-06-01,0,0,0,0,0,0,0,0,0,False,False,33,2.75,34,0.0,0.08333333333333333,0.0,11,0.0,0.0,0.0,,,11,0.0,0.0,0.0,,0.0,0.0,0.0,0.0,0.0,0,0.0,11,11
69343400,alidili/SesameCreditScore,Java,2019-07-01,0,0,0,0,0,0,0,0,0,False,False,34,2.8333333333333335,35,0.0,0.0,0.0,12,0.0,0.0,0.0,,,12,0.0,0.0,0.0,,0.0,0.0,0.0,0.0,0.0,0,0.0,12,12
69343400,alidili/SesameCreditScore,Java,2019-08-01,0,0,0,0,0,0,0,0,0,False,False,35,2.9166666666666665,36,0.0,0.0,0.0,13,0.0,0.0,0.0,,,13,0.0,0.0,0.0,,0.0,0.0,0.0,0.0,0.0,0,0.0,13,13
69343400,alidili/SesameCreditScore,Java,2019-09-01,0,0,0,0,0,0,0,0,0,False,False,36,3.0,37,0.0,0.0,0.0,14,0.0,0.0,0.0,,,14,0.0,0.0,0.0,,0.0,0.0,0.0,0.0,0.0,0,0.0,14,14
69343400,alidili/SesameCreditScore,Java,2019-10-01,0,0,0,0,0,0,0,0,0,False,False,37,3.0833333333333335,38,0.0,0.0,0.0,15,0.0,0.0,0.0,,,15,0.0,0.0,0.0,,0.0,0.0,0.0,0.0,0.0,0,0.0,15,15
69343400,alidili/SesameCreditScore,Java,2019-11-01,0,0,0,0,0,0,0,0,0,False,False,38,3.1666666666666665,39,0.0,0.0,0.0,16,0.0,0.0,0.0,,,16,0.0,0.0,0.0,,0.0,0.0,0.0,0.0,0.0,0,0.0,16,16
69343400,alidili/SesameCreditScore,Java,2019-12-01,0,0,0,0,0,0,0,0,0,False,False,39,3.25,40,0.0,0.0,0.0,17,0.0,0.0,0.0,,,17,0.0,0.0,0.0,,0.0,0.0,0.0,0.0,0.0,0,0.0,17,17
69343400,alidili/SesameCreditScore,Java,2020-01-01,0,0,0,0,0,0,0,0,0,False,False,40,3.3333333333333335,41,0.0,0.0,0.0,18,0.0,0.0,0.0,,,18,0.0,0.0,0.0,,0.0,0.0,0.0,0.0,0.0,0,0.0,18,18
69343400,alidili/SesameCreditScore,Java,2020-02-01,0,0,0,0,0,0,0,0,0,False,False,41,3.4166666666666665,42,0.0,0.0,0.0,19,0.0,0.0,0.0,,,19,0.0,0.0,0.0,,0.0,0.0,0.0,0.0,0.0,0,0.0,19,19
69343400,alidili/SesameCreditScore,Java,2020-03-01,0,0,0,0,0,0,0,0,0,False,False,42,3.5,43,0.0,0.0,0.0,20,0.0,0.0,0.0,,,20,0.0,0.0,0.0,,0.0,0.0,0.0,0.0,0.0,0,0.0,20,20
69343400,alidili/SesameCreditScore,Java,2020-04-01,0,0,0,0,0,0,0,0,0,False,False,43,3.5833333333333335,44,0.0,0.0,0.0,21,0.0,0.0,0.0,,,21,0.0,0.0,0.0,,0.0,0.0,0.0,0.0,0.0,0,0.0,21,21
69343400,alidili/SesameCreditScore,Java,2020-05-01,0,0,0,0,0,0,0,0,0,False,False,44,3.6666666666666665,45,0.0,0.0,0.0,22,0.0,0.0,0.0,,,22,0.0,0.0,0.0,,0.0,0.0,0.0,0.0,0.0,0,0.0,22,22
69343400,alidili/SesameCreditScore,Java,2020-06-01,0,0,0,0,0,0,0,0,0,False,False,45,3.75,46,0.0,0.0,0.0,23,0.0,0.0,0.0,,,23,0.0,0.0,0.0,,0.0,0.0,0.0,0.0,0.0,0,0.0,23,23
69343400,alidili/SesameCreditScore,Java,2020-07-01,0,0,0,0,0,0,0,0,0,False,False,46,3.8333333333333335,47,0.0,0.0,0.0,24,0.0,0.0,0.0,,,24,0.0,0.0,0.0,,0.0,0.0,0.0,0.0,0.0,0,0.0,24,24
69343400,alidili/SesameCreditScore,Java,2020-08-01,0,0,0,0,0,0,0,0,0,False,False,47,3.9166666666666665,48,0.0,0.0,0.0,25,0.0,0.0,0.0,,,25,0.0,0.0,0.0,,0.0,0.0,0.0,0.0,0.0,0,0.0,25,25
69343400,alidili/SesameCreditScore,Java,2020-09-01,0,0,0,0,0,0,0,0,0,False,False,48,4.0,49,0.0,0.0,0.0,26,0.0,0.0,0.0,,,26,0.0,0.0,0.0,,0.0,0.0,0.0,0.0,0.0,0,0.0,26,26
69343400,alidili/SesameCreditScore,Java,2020-10-01,0,0,0,0,0,0,0,0,0,False,False,49,4.083333333333333,50,0.0,0.0,0.0,27,0.0,0.0,0.0,,,27,0.0,0.0,0.0,,0.0,0.0,0.0,0.0,0.0,0,0.0,27,27
69343400,alidili/SesameCreditScore,Java,2020-11-01,0,0,0,0,0,0,0,0,0,False,False,50,4.166666666666667,51,0.0,0.0,0.0,28,0.0,0.0,0.0,,,28,0.0,0.0,0.0,,0.0,0.0,0.0,0.0,0.0,0,0.0,28,28
69343400,alidili/SesameCreditScore,Java,2020-12-01,0,0,0,0,0,0,0,0,0,False,False,51,4.25,52,0.0,0.0,0.0,29,0.0,0.0,0.0,,,29,0.0,0.0,0.0,,0.0,0.0,0.0,0.0,0.0,0,0.0,29,29
69343400,alidili/SesameCreditScore,Java,2021-01-01,0,0,0,0,0,0,0,0,0,False,False,52,4.333333333333333,53,0.0,0.0,0.0,30,0.0,0.0,0.0,,,30,0.0,0.0,0.0,,0.0,0.0,0.0,0.0,0.0,0,0.0,30,30
69343400,alidili/SesameCreditScore,Java,2021-02-01,0,0,0,0,0,0,0,0,0,False,False,53,4.416666666666667,54,0.0,0.0,0.0,31,0.0,0.0,0.0,,,31,0.0,0.0,0.0,,0.0,0.0,0.0,0.0,0.0,0,0.0,31,31
69343400,alidili/SesameCreditScore,Java,2021-03-01,0,0,0,0,0,0,0,0,0,False,False,54,4.5,55,0.0,0.0,0.0,32,0.0,0.0,0.0,,,32,0.0,0.0,0.0,,0.0,0.0,0.0,0.0,0.0,0,0.0,32,32
69343400,alidili/SesameCreditScore,Java,2021-04-01,0,0,0,0,0,0,0,0,0,False,False,55,4.583333333333333,56,0.0,0.0,0.0,33,0.0,0.0,0.0,,,33,0.0,0.0,0.0,,0.0,0.0,0.0,0.0,0.0,0,0.0,33,33
69343400,alidili/SesameCreditScore,Java,2021-05-01,0,0,0,0,0,0,0,0,0,False,False,56,4.666666666666667,57,0.0,0.0,0.0,34,0.0,0.0,0.0,,,34,0.0,0.0,0.0,,0.0,0.0,0.0,0.0,0.0,0,0.0,34,34
69343400,alidili/SesameCreditScore,Java,2021-06-01,0,0,0,0,0,0,0,0,0,False,False,57,4.75,58,0.0,0.0,0.0,35,0.0,0.0,0.0,,,35,0.0,0.0,0.0,,0.0,0.0,0.0,0.0,0.0,0,0.0,35,35
69343400,alidili/SesameCreditScore,Java,2021-07-01,0,0,0,0,0,0,0,0,0,False,False,58,4.833333333333333,59,0.0,0.0,0.0,36,0.0,0.0,0.0,,,36,0.0,0.0,0.0,,0.0,0.0,0.0,0.0,0.0,0,0.0,36,36
69343400,alidili/SesameCreditScore,Java,2021-08-01,0,0,0,0,0,0,0,0,0,False,False,59,4.916666666666667,60,0.0,0.0,0.0,37,0.0,0.0,0.0,,,37,0.0,0.0,0.0,,0.0,0.0,0.0,0.0,0.0,0,0.0,37,37
69343400,alidili/SesameCreditScore,Java,2021-09-01,0,0,0,0,0,0,0,0,0,False,False,60,5.0,61,0.0,0.0,0.0,38,0.0,0.0,0.0,,,38,0.0,0.0,0.0,,0.0,0.0,0.0,0.0,0.0,0,0.0,38,38
69343400,alidili/SesameCreditScore,Java,2021-10-01,0,0,0,0,0,0,0,0,0,False,False,61,5.083333333333333,62,0.0,0.0,0.0,39,0.0,0.0,0.0,,,39,0.0,0.0,0.0,,0.0,0.0,0.0,0.0,0.0,0,0.0,39,39
69343400,alidili/SesameCreditScore,Java,2021-11-01,1,1,0,1,0,0,0,0,0,False,True,62,5.166666666666667,63,0.16666666666666666,0.08333333333333333,0.4082482904638654,0,0.14285714285714277,0.16666666666666666,0.4082482904638623,0.0,1.0,0,0.14285714285714277,0.0,0.0,,0.0,0.0,0.0,0.0,0.0,2,,0,39
69343400,alidili/SesameCreditScore,Java,2021-12-01,0,0,0,0,0,0,0,0,0,False,False,63,5.25,64,0.16666666666666666,0.08333333333333333,0.4082482904638654,1,0.08571428571428572,0.16666666666666666,0.4082482904638623,0.0,1.0,1,0.08571428571428572,0.0,0.0,,0.0,0.0,0.0,0.0,0.0,0,0.0,1,39
69343400,alidili/SesameCreditScore,Java,2022-01-01,0,0,0,0,0,0,0,0,0,False,False,64,5.333333333333333,65,0.16666666666666666,0.08333333333333333,0.4082482904638654,2,0.028571428571428564,0.16666666666666666,0.4082482904638623,0.0,1.0,2,0.028571428571428564,0.0,0.0,,0.0,0.0,0.0,0.0,0.0,0,0.0,2,39
69343400,alidili/SesameCreditScore,Java,2022-02-01,0,0,0,0,0,0,0,0,0,False,False,65,5.416666666666667,66,0.16666666666666666,0.08333333333333333,0.4082482904638654,3,-0.028571428571428584,0.16666666666666666,0.4082482904638623,0.0,1.0,3,-0.028571428571428584,0.0,0.0,,0.0,0.0,0.0,0.0,0.0,0,-1.0,3,39
69343400,alidili/SesameCreditScore,Java,2022-03-01,0,0,0,0,0,0,0,0,0,False,False,66,5.5,67,0.16666666666666666,0.08333333333333333,0.4082482904638654,4,-0.08571428571428574,0.16666666666666666,0.4082482904638623,0.0,1.0,4,-0.08571428571428574,0.0,0.0,,0.0,0.0,0.0,0.0,0.0,0,0.0,4,39
69343400,alidili/SesameCreditScore,Java,2022-04-01,0,0,0,0,0,0,0,0,0,False,False,67,5.583333333333333,68,0.16666666666666666,0.08333333333333333,0.4082482904638654,5,-0.1428571428571428,0.16666666666666666,0.4082482904638623,0.0,1.0,5,-0.1428571428571428,0.0,0.0,,0.0,0.0,0.0,0.0,0.0,0,0.0,5,39
69343400,alidili/SesameCreditScore,Java,2022-05-01,0,0,0,0,0,0,0,0,0,False,False,68,5.666666666666667,69,0.0,0.08333333333333333,0.0,6,0.0,0.0,0.0,,,6,0.0,0.0,0.0,,0.0,0.0,0.0,0.0,0.0,0,0.0,6,39
69343400,alidili/SesameCreditScore,Java,2022-06-01,0,0,0,0,0,0,0,0,0,False,False,69,5.75,70,0.0,0.08333333333333333,0.0,7,0.0,0.0,0.0,,,7,0.0,0.0,0.0,,0.0,0.0,0.0,0.0,0.0,0,0.0,7,39
69343400,alidili/SesameCreditScore,Java,2022-07-01,0,0,0,0,0,0,0,0,0,False,False,70,5.833333333333333,71,0.0,0.08333333333333333,0.0,8,0.0,0.0,0.0,,,8,0.0,0.0,0.0,,0.0,0.0,0.0,0.0,0.0,0,0.0,8,39
69343400,alidili/SesameCreditScore,Java,2022-08-01,0,0,0,0,0,0,0,0,0,False,False,71,5.916666666666667,72,0.0,0.08333333333333333,0.0,9,0.0,0.0,0.0,,,9,0.0,0.0,0.0,,0.0,0.0,0.0,0.0,0.0,0,0.0,9,39
69343400,alidili/SesameCreditScore,Java,2022-09-01,0,0,0,0,0,0,0,0,0,False,False,72,6.0,73,0.0,0.08333333333333333,0.0,10,0.0,0.0,0.0,,,10,0.0,0.0,0.0,,0.0,0.0,0.0,0.0,0.0,0,0.0,10,39
69343400,alidili/SesameCreditScore,Java,2022-10-01,0,0,0,0,0,0,0,0,0,False,False,73,6.083333333333333,74,0.0,0.08333333333333333,0.0,11,0.0,0.0,0.0,,,11,0.0,0.0,0.0,,0.0,0.0,0.0,0.0,0.0,0,0.0,11,39
69343400,alidili/SesameCreditScore,Java,2022-11-01,0,0,0,0,0,0,0,0,0,False,False,74,6.166666666666667,75,0.0,0.0,0.0,12,0.0,0.0,0.0,,,12,0.0,0.0,0.0,,0.0,0.0,0.0,0.0,0.0,0,0.0,12,39
69343400,alidili/SesameCreditScore,Java,2022-12-01,0,0,0,0,0,0,0,0,0,False,False,75,6.25,76,0.0,0.0,0.0,13,0.0,0.0,0.0,,,13,0.0,0.0,0.0,,0.0,0.0,0.0,0.0,0.0,0,0.0,13,39
69343400,alidili/SesameCreditScore,Java,2023-01-01,0,0,0,0,0,0,0,0,0,False,False,76,6.333333333333333,77,0.0,0.0,0.0,14,0.0,0.0,0.0,,,14,0.0,0.0,0.0,,0.0,0.0,0.0,0.0,0.0,0,0.0,14,39
69343400,alidili/SesameCreditScore,Java,2023-02-01,0,0,0,0,0,0,0,0,0,False,False,77,6.416666666666667,78,0.0,0.0,0.0,15,0.0,0.0,0.0,,,15,0.0,0.0,0.0,,0.0,0.0,0.0,0.0,0.0,0,0.0,15,39
69343400,alidili/SesameCreditScore,Java,2023-03-01,0,0,0,0,0,0,0,0,0,False,False,78,6.5,79,0.0,0.0,0.0,16,0.0,0.0,0.0,,,16,0.0,0.0,0.0,,0.0,0.0,0.0,0.0,0.0,0,0.0,16,39
69343400,alidili/SesameCreditScore,Java,2023-04-01,0,0,0,0,0,0,0,0,0,False,False,79,6.583333333333333,80,0.0,0.0,0.0,17,0.0,0.0,0.0,,,17,0.0,0.0,0.0,,0.0,0.0,0.0,0.0,0.0,0,0.0,17,39
69343400,alidili/SesameCreditScore,Java,2023-05-01,0,0,0,0,0,0,0,0,0,False,False,80,6.666666666666667,81,0.0,0.0,0.0,18,0.0,0.0,0.0,,,18,0.0,0.0,0.0,,0.0,0.0,0.0,0.0,0.0,0,0.0,18,39
69343400,alidili/SesameCreditScore,Java,2023-06-01,0,0,0,0,0,0,0,0,0,False,False,81,6.75,82,0.0,0.0,0.0,19,0.0,0.0,0.0,,,19,0.0,0.0,0.0,,0.0,0.0,0.0,0.0,0.0,0,0.0,19,39
69343400,alidili/SesameCreditScore,Java,2023-07-01,0,0,0,0,0,0,0,0,0,False,False,82,6.833333333333333,83,0.0,0.0,0.0,20,0.0,0.0,0.0,,,20,0.0,0.0,0.0,,0.0,0.0,0.0,0.0,0.0,0,0.0,20,39
69343400,alidili/SesameCreditScore,Java,2023-08-01,0,0,0,0,0,0,0,0,0,False,False,83,6.916666666666667,84,0.0,0.0,0.0,21,0.0,0.0,0.0,,,21,0.0,0.0,0.0,,0.0,0.0,0.0,0.0,0.0,0,0.0,21,39
69343400,alidili/SesameCreditScore,Java,2023-09-01,0,0,0,0,0,0,0,0,0,False,False,84,7.0,85,0.0,0.0,0.0,22,0.0,0.0,0.0,,,22,0.0,0.0,0.0,,0.0,0.0,0.0,0.0,0.0,0,0.0,22,39
69343400,alidili/SesameCreditScore,Java,2023-10-01,0,0,0,0,0,0,0,0,0,False,False,85,7.083333333333333,86,0.0,0.0,0.0,23,0.0,0.0,0.0,,,23,0.0,0.0,0.0,,0.0,0.0,0.0,0.0,0.0,0,0.0,23,39
69343400,alidili/SesameCreditScore,Java,2023-11-01,0,0,0,0,0,0,0,0,0,False,False,86,7.166666666666667,87,0.0,0.0,0.0,24,0.0,0.0,0.0,,,24,0.0,0.0,0.0,,0.0,0.0,0.0,0.0,0.0,0,0.0,24,39
69343400,alidili/SesameCreditScore,Java,2023-12-01,0,0,0,0,0,0,0,0,0,False,False,87,7.25,88,0.0,0.0,0.0,25,0.0,0.0,0.0,,,25,0.0,0.0,0.0,,0.0,0.0,0.0,0.0,0.0,0,0.0,25,39
69343400,alidili/SesameCreditScore,Java,2024-01-01,0,0,0,0,0,0,0,0,0,False,False,88,7.333333333333333,89,0.0,0.0,0.0,26,0.0,0.0,0.0,,,26,0.0,0.0,0.0,,0.0,0.0,0.0,0.0,0.0,0,0.0,26,39
69343400,alidili/SesameCreditScore,Java,2024-02-01,0,0,0,0,0,0,0,0,0,False,False,89,7.416666666666667,90,0.0,0.0,0.0,27,0.0,0.0,0.0,,,27,0.0,0.0,0.0,,0.0,0.0,0.0,0.0,0.0,0,0.0,27,39
69343400,alidili/SesameCreditScore,Java,2024-03-01,0,0,0,0,0,0,0,0,0,False,False,90,7.5,91,0.0,0.0,0.0,28,0.0,0.0,0.0,,,28,0.0,0.0,0.0,,0.0,0.0,0.0,0.0,0.0,0,0.0,28,39
69343400,alidili/SesameCreditScore,Java,2024-04-01,0,0,0,0,0,0,0,0,0,False,False,91,7.583333333333333,92,0.0,0.0,0.0,29,0.0,0.0,0.0,,,29,0.0,0.0,0.0,,0.0,0.0,0.0,0.0,0.0,0,0.0,29,39
69343400,alidili/SesameCreditScore,Java,2024-05-01,0,0,0,0,0,0,0,0,0,False,False,92,7.666666666666667,93,0.0,0.0,0.0,30,0.0,0.0,0.0,,,30,0.0,0.0,0.0,,0.0,0.0,0.0,0.0,0.0,0,0.0,30,39
69343400,alidili/SesameCreditScore,Java,2024-06-01,0,0,0,0,0,0,0,0,0,False,False,93,7.75,94,0.0,0.0,0.0,31,0.0,0.0,0.0,,,31,0.0,0.0,0.0,,0.0,0.0,0.0,0.0,0.0,0,0.0,31,39
69343400,alidili/SesameCreditScore,Java,2024-07-01,0,0,0,0,0,0,0,0,0,False,False,94,7.833333333333333,95,0.0,0.0,0.0,32,0.0,0.0,0.0,,,32,0.0,0.0,0.0,,0.0,0.0,0.0,0.0,0.0,0,0.0,32,39
69343400,alidili/SesameCreditScore,Java,2024-08-01,0,0,0,0,0,0,0,0,0,False,False,95,7.916666666666667,96,0.0,0.0,0.0,33,0.0,0.0,0.0,,,33,0.0,0.0,0.0,,0.0,0.0,0.0,0.0,0.0,0,0.0,33,39
69343400,alidili/SesameCreditScore,Java,2024-09-01,0,0,0,0,0,0,0,0,0,False,False,96,8.0,97,0.0,0.0,0.0,34,0.0,0.0,0.0,,,34,0.0,0.0,0.0,,0.0,0.0,0.0,0.0,0.0,0,0.0,34,39
69343400,alidili/SesameCreditScore,Java,2024-10-01,0,0,0,0,0,0,0,0,0,False,False,97,8.083333333333334,98,0.0,0.0,0.0,35,0.0,0.0,0.0,,,35,0.0,0.0,0.0,,0.0,0.0,0.0,0.0,0.0,0,0.0,35,39
69343400,alidili/SesameCreditScore,Java,2024-11-01,0,0,0,0,0,0,0,0,0,False,False,98,8.166666666666666,99,0.0,0.0,0.0,36,0.0,0.0,0.0,,,36,0.0,0.0,0.0,,0.0,0.0,0.0,0.0,0.0,0,0.0,36,39
69343400,alidili/SesameCreditScore,Java,2024-12-01,0,0,0,0,0,0,0,0,0,False,False,99,8.25,100,0.0,0.0,0.0,37,0.0,0.0,0.0,,,37,0.0,0.0,0.0,,0.0,0.0,0.0,0.0,0.0,0,0.0,37,39
69343400,alidili/SesameCreditScore,Java,2025-01-01,0,0,0,0,0,0,0,0,0,False,False,100,8.333333333333334,101,0.0,0.0,0.0,38,0.0,0.0,0.0,,,38,0.0,0.0,0.0,,0.0,0.0,0.0,0.0,0.0,0,0.0,38,39
69343400,alidili/SesameCreditScore,Java,2025-02-01,0,0,0,0,0,0,0,0,0,False,False,101,8.416666666666666,102,0.0,0.0,0.0,39,0.0,0.0,0.0,,,39,0.0,0.0,0.0,,0.0,0.0,0.0,0.0,0.0,0,0.0,39,39
69343400,alidili/SesameCreditScore,Java,2025-03-01,0,0,0,0,0,0,0,0,0,False,False,102,8.5,103,0.0,0.0,0.0,40,0.0,0.0,0.0,,,40,0.0,0.0,0.0,,0.0,0.0,0.0,0.0,0.0,0,0.0,40,40
69343400,alidili/SesameCreditScore,Java,2025-04-01,0,0,0,0,0,0,0,0,0,False,False,103,8.583333333333334,104,0.0,0.0,0.0,41,0.0,0.0,0.0,,,41,0.0,0.0,0.0,,0.0,0.0,0.0,0.0,0.0,0,0.0,41,41
69343400,alidili/SesameCreditScore,Java,2025-05-01,0,0,0,0,0,0,0,0,0,False,False,104,8.666666666666666,105,0.0,0.0,0.0,42,0.0,0.0,0.0,,,42,0.0,0.0,0.0,,0.0,0.0,0.0,0.0,0.0,0,0.0,42,42
69343400,alidili/SesameCreditScore,Java,2025-06-01,0,0,0,0,0,0,0,0,0,False,False,105,8.75,106,0.0,0.0,0.0,43,0.0,0.0,0.0,,,43,0.0,0.0,0.0,,0.0,0.0,0.0,0.0,0.0,0,0.0,43,43
69343400,alidili/SesameCreditScore,Java,2025-07-01,0,0,0,0,0,0,0,0,0,False,False,106,8.833333333333334,107,0.0,0.0,0.0,44,0.0,0.0,0.0,,,44,0.0,0.0,0.0,,0.0,0.0,0.0,0.0,0.0,0,0.0,44,44
69343400,alidili/SesameCreditScore,Java,2025-08-01,0,0,0,0,0,0,0,0,0,False,False,107,8.916666666666666,108,0.0,0.0,0.0,45,0.0,0.0,0.0,,,45,0.0,0.0,0.0,,0.0,0.0,0.0,0.0,0.0,0,0.0,45,45
69343400,alidili/SesameCreditScore,Java,2025-09-01,0,0,0,0,0,0,0,0,0,False,False,108,9.0,109,0.0,0.0,0.0,46,0.0,0.0,0.0,,,46,0.0,0.0,0.0,,0.0,0.0,0.0,0.0,0.0,0,0.0,46,46
69343400,alidili/SesameCreditScore,Java,2025-10-01,0,0,0,0,0,0,0,0,0,False,False,109,9.083333333333334,110,0.0,0.0,0.0,47,0.0,0.0,0.0,,,47,0.0,0.0,0.0,,0.0,0.0,0.0,0.0,0.0,0,0.0,47,47
69343400,alidili/SesameCreditScore,Java,2025-11-01,0,0,0,0,0,0,0,0,0,False,False,110,9.166666666666666,111,0.0,0.0,0.0,48,0.0,0.0,0.0,,,48,0.0,0.0,0.0,,0.0,0.0,0.0,0.0,0.0,0,0.0,48,48
69343400,alidili/SesameCreditScore,Java,2025-12-01,0,0,0,0,0,0,0,0,0,False,False,111,9.25,112,0.0,0.0,0.0,49,0.0,0.0,0.0,,,49,0.0,0.0,0.0,,0.0,0.0,0.0,0.0,0.0,0,0.0,49,49
69343400,alidili/SesameCreditScore,Java,2026-01-01,0,0,0,0,0,0,0,0,0,False,False,112,9.333333333333334,113,0.0,0.0,0.0,50,0.0,0.0,0.0,,,50,0.0,0.0,0.0,,0.0,0.0,0.0,0.0,0.0,0,0.0,50,50
69343400,alidili/SesameCreditScore,Java,2026-02-01,0,0,0,0,0,0,0,0,0,False,False,113,9.416666666666666,114,0.0,0.0,0.0,51,0.0,0.0,0.0,,,51,0.0,0.0,0.0,,0.0,0.0,0.0,0.0,0.0,0,0.0,51,51
69343400,alidili/SesameCreditScore,Java,2026-03-01,0,0,0,0,0,0,0,0,0,False,False,114,9.5,115,0.0,0.0,0.0,52,0.0,0.0,0.0,,,52,0.0,0.0,0.0,,0.0,0.0,0.0,0.0,0.0,0,0.0,52,52
69343400,alidili/SesameCreditScore,Java,2026-04-01,0,0,0,0,0,0,0,0,0,False,False,115,9.583333333333334,116,0.0,0.0,0.0,53,0.0,0.0,0.0,,,53,0.0,0.0,0.0,,0.0,0.0,0.0,0.0,0.0,0,0.0,53,53
69343400,alidili/SesameCreditScore,Java,2026-05-01,0,0,0,0,0,0,0,0,0,False,False,116,9.666666666666666,117,0.0,0.0,0.0,54,0.0,0.0,0.0,,,54,0.0,0.0,0.0,,0.0,0.0,0.0,0.0,0.0,0,0.0,54,54
69343400,alidili/SesameCreditScore,Java,2026-06-01,0,0,0,0,0,0,0,0,0,False,False,117,9.75,118,0.0,0.0,0.0,55,0.0,0.0,0.0,,,55,0.0,0.0,0.0,,0.0,0.0,0.0,0.0,0.0,0,0.0,55,55
69343400,alidili/SesameCreditScore,Java,2026-07-01,0,0,0,0,0,0,0,0,0,False,False,118,9.833333333333334,119,0.0,0.0,0.0,56,0.0,0.0,0.0,,,56,0.0,0.0,0.0,,0.0,0.0,0.0,0.0,0.0,0,0.0,56,56
69343400,alidili/SesameCreditScore,Java,2026-08-01,0,0,0,0,0,0,0,0,0,False,False,119,9.916666666666666,120,0.0,0.0,0.0,57,0.0,0.0,0.0,,,57,0.0,0.0,0.0,,0.0,0.0,0.0,0.0,0.0,0,0.0,57,57
133442384,denoland/deno,Rust,2018-05-01,133,8,8,0,15,12,10,34,24,False,True,0,0.0,1,133.0,1.0,0.0,0,,8.0,0.0,1.0,0.0,0,,15.0,34.0,0.8333333333333334,3.0,10.0,,,,236,,0,0
133442384,denoland/deno,Rust,2018-06-01,123,27,22,5,134,133,52,106,92,False,True,1,0.08333333333333333,2,128.0,1.0,7.0710678118654755,0,,17.5,13.435028842544403,0.8571428571428571,0.14285714285714285,0,,74.5,70.0,0.42758620689655175,4.0,24.0,,,,667,,0,0
133442384,denoland/deno,Rust,2018-07-01,117,12,5,7,83,79,63,43,26,False,True,2,0.16666666666666666,3,124.33333333333333,1.0,8.08290376865476,0,-7.9999999999999885,15.666666666666666,10.016652800877813,0.7446808510638298,0.2553191489361702,0,2.0000000000000027,77.33333333333333,61.0,0.5580357142857143,8.0,41.0,93.99999999999999,5.500000000000009,99.50000000000004,423,,0,0
133442384,denoland/deno,Rust,2018-08-01,152,20,14,6,129,126,95,87,65,False,True,3,0.25,4,131.25,1.0,15.326991442115009,0,5.100000000000005,16.75,8.460693430998036,0.7313432835820896,0.26865671641791045,0,2.1000000000000023,90.25,67.5,0.6285714285714286,11.0,63.0,84.50000000000001,15.300000000000011,99.80000000000003,674,1.8559322033898304,0,0
133442384,denoland/deno,Rust,2018-09-01,161,24,13,11,159,162,120,60,49,False,True,4,0.3333333333333333,5,137.2,1.0,18.793615937333616,0,8.49999999999997,18.2,8.012490249604053,0.6813186813186813,0.31868131868131866,0,2.499999999999999,104.0,66.0,0.6640625,8.0,74.0,83.9,5.599999999999999,89.49999999999999,735,0.10194902548725637,0,0
133442384,denoland/deno,Rust,2018-10-01,196,21,11,10,192,186,136,75,47,False,True,5,0.4166666666666667,6,147.0,1.0,29.30528962491243,0,13.257142857142851,18.666666666666668,7.2571803523590805,0.6517857142857143,0.3482142857142857,0,1.8285714285714296,118.66666666666667,67.5,0.6819484240687679,14.0,102.0,82.17142857142855,3.885714285714293,86.05714285714284,853,1.016548463356974,0,0
133442384,denoland/deno,Rust,2018-11-01,101,14,6,8,84,84,66,37,23,False,True,6,0.5,7,141.66666666666666,1.0,34.765883660086466,0,3.8857142857142795,19.666666666666668,5.750362307426087,0.6016949152542372,0.3983050847457627,0,-0.9714285714285718,130.16666666666666,68.0,0.6909090909090909,11.0,106.0,15.228571428571398,-16.400000000000002,-1.1714285714285608,409,-0.39317507418397624,0,0
133442384,denoland/deno,Rust,2018-12-01,146,22,13,9,125,116,90,56,26,False,True,7,0.5833333333333334,8,145.5,1.0,33.54251034135639,0,0.7714285714285711,18.833333333333332,4.750438576243953,0.5486725663716814,0.45132743362831856,0,0.8285714285714291,128.66666666666666,59.666666666666664,0.7569721115537849,19.0,122.0,7.285714285714284,-5.6571428571428575,1.6285714285714434,581,-0.20952380952380953,0,0
133442384,denoland/deno,Rust,2019-01-01,189,40,26,14,139,147,107,57,34,False,True,8,0.6666666666666666,9,157.5,1.0,34.180403742495486,0,1.2857142857142738,23.5,8.75785361832453,0.5886524822695035,0.41134751773049644,0,2.4857142857142835,138.0,62.0,0.7478684531059683,7.0,128.0,-11.285714285714295,-12.799999999999997,-24.08571428571428,713,-0.16412661195779601,0,0
133442384,denoland/deno,Rust,2019-02-01,143,32,13,19,140,134,109,82,91,False,True,9,0.75,10,156.0,1.0,34.66410246926927,0,-1.885714285714285,25.5,9.159694318043591,0.5359477124183006,0.46405228758169936,0,2.999999999999999,139.83333333333334,61.166666666666664,0.7575392038600723,10.0,97.0,-15.885714285714306,7.1142857142857086,-8.771428571428547,731,0.7872860635696821,0,0
133442384,denoland/deno,Rust,2019-03-01,164,28,15,13,119,118,97,48,27,False,True,10,0.8333333333333334,11,156.5,1.0,34.77211526496482,0,0.2571428571428494,26.166666666666668,9.174239296348594,0.535031847133758,0.46496815286624205,0,3.0571428571428556,133.16666666666666,59.166666666666664,0.7707006369426752,14.0,107.0,-11.17142857142854,3.228571428571431,-7.942857142857176,601,0.03442340791738382,0,0
133442384,denoland/deno,Rust,2019-04-01,152,28,12,16,145,139,111,79,72,False,True,11,0.9166666666666666,12,149.16666666666666,1.0,28.92346221783738,0,7.514285714285709,27.333333333333332,8.824209124146297,0.5182926829268293,0.4817073170731707,0,2.2857142857142856,125.33333333333333,59.833333333333336,0.7859078590785907,14.0,86.0,22.971428571428564,14.742857142857135,37.7142857142857,726,0.0182328190743338,0,0
133442384,denoland/deno,Rust,2019-05-01,146,37,19,18,99,109,80,78,74,False,True,12,1.0,13,156.66666666666666,1.0,17.523317798484,0,-2.5714285714285743,31.166666666666668,6.5853372477548024,0.5240641711229946,0.47593582887700536,0,0.9999999999999981,127.83333333333333,66.66666666666667,0.7785058977719528,4.0,76.0,-7.371428571428561,12.342857142857145,4.971428571428555,623,-0.14774281805745554,0,0
133442384,denoland/deno,Rust,2019-06-01,120,31,12,19,109,98,88,58,57,False,True,13,1.0833333333333333,14,152.33333333333334,1.0,23.036203390894652,0,-9.942857142857143,32.666666666666664,4.885352256149686,0.49489795918367346,0.5051020408163265,0,-0.8571428571428579,125.16666666666667,67.0,0.7946308724832215,6.0,47.0,-20.40000000000001,3.79999999999999,-16.59999999999997,561,-0.06655574043261231,0,0
133442384,denoland/deno,Rust,2019-07-01,63,15,2,13,57,76,50,45,32,False,True,14,1.1666666666666667,15,131.33333333333334,1.0,36.45088019056147,0,-15.371428571428565,28.5,7.395944834840242,0.4269005847953216,0.5730994152046783,0,-1.9142857142857133,111.5,65.0,0.7937685459940653,-5.0,37.0,-34.971428571428554,-10.25714285714286,-45.228571428571385,338,-0.5344352617079889,0,0
133442384,denoland/deno,Rust,2019-08-01,99,17,7,10,88,81,72,49,42,False,True,15,1.25,16,124.0,1.0,38.02630668366309,0,-17.65714285714287,26.0,8.438009243891594,0.42948717948717946,0.5705128205128205,0,-2.8571428571428577,102.83333333333333,59.5,0.8019323671497585,-4.0,53.0,-31.257142857142853,-5.114285714285717,-36.37142857142857,448,-0.2808988764044944,0,0
133442384,denoland/deno,Rust,2019-09-01,133,20,8,12,128,122,96,65,59,False,True,16,1.3333333333333333,17,118.83333333333333,1.0,33.31916365496989,0,-8.37142857142857,24.666666666666668,8.687155268939689,0.40540540540540543,0.5945945945945946,0,-3.314285714285714,104.33333333333333,62.333333333333336,0.7952,1.0,38.0,-14.228571428571408,-10.171428571428558,-24.400000000000006,623,0.11051693404634581,0,0
133442384,denoland/deno,Rust,2019-10-01,109,32,15,17,127,139,98,83,49,False,True,17,1.4166666666666667,18,111.66666666666667,1.0,29.118150124392624,0,-3.1428571428571432,25.333333333333332,9.13600934033381,0.4144736842105263,0.5855263157894737,0,-1.6000000000000003,101.33333333333333,63.0,0.7744,-17.0,65.0,16.88571428571429,-1.6857142857142864,15.200000000000014,637,0.8846153846153846,0,0
133442384,denoland/deno,Rust,2019-11-01,85,21,5,16,106,100,85,70,48,False,True,18,1.5,19,101.5,1.0,25.105776227792663,0,-0.08571428571428186,22.666666666666668,7.1740272279011155,0.3602941176470588,0.6397058823529411,0,0.11428571428571489,102.5,61.666666666666664,0.7938311688311688,-1.0,83.0,17.942857142857132,6.085714285714284,24.028571428571425,515,0.14955357142857142,0,0
133442384,denoland/deno,Rust,2019-12-01,60,19,7,12,76,74,60,68,66,False,True,19,1.5833333333333333,20,91.5,1.0,28.04104135013532,0,-2.314285714285717,20.666666666666668,5.955389715767267,0.3548387096774194,0.6451612903225806,0,1.2571428571428571,97.0,63.333333333333336,0.7787162162162162,-10.0,84.0,8.657142857142855,10.68571428571428,19.34285714285714,423,-0.32102728731942215,0,0
133442384,denoland/deno,Rust,2020-01-01,135,30,15,15,165,162,136,108,86,False,True,20,1.6666666666666667,21,103.5,1.0,28.801041647829326,0,-1.8000000000000052,23.166666666666668,6.242328625334185,0.41007194244604317,0.5899280575539568,0,1.4571428571428557,115.0,73.83333333333333,0.8067846607669616,12.0,93.0,17.97142857142857,15.17142857142857,33.142857142857096,822,0.2904238618524333,0,0
133442384,denoland/deno,Rust,2020-02-01,154,31,17,14,198,198,151,145,118,False,True,21,1.75,22,112.66666666666667,1.0,35.13782387494516,0,4.514285714285711,25.5,6.090976933136422,0.43790849673202614,0.5620915032679739,0,1.3428571428571414,133.33333333333334,89.83333333333333,0.7874213836477988,5.0,113.0,34.88571428571429,25.628571428571423,60.51428571428566,995,0.9320388349514563,0,0
133442384,denoland/deno,Rust,2020-03-01,183,32,16,16,224,226,180,127,97,False,True,22,1.8333333333333333,23,121.0,1.0,45.36518488885502,0,18.628571428571426,27.5,5.8906705900092575,0.45454545454545453,0.5454545454545454,0,1.1714285714285713,149.33333333333334,100.16666666666667,0.7897664071190211,-3.0,137.0,67.17142857142855,27.28571428571427,94.45714285714286,1069,1.5271867612293144,0,0
133442384,denoland/deno,Rust,2020-04-01,241,45,27,18,314,288,243,150,117,False,True,23,1.9166666666666667,24,143.0,1.0,65.79057683285656,0,33.37142857142855,29.666666666666668,9.287985070329665,0.4887640449438202,0.5112359550561798,0,4.571428571428569,180.5,111.33333333333333,0.8158396946564885,35.0,136.0,117.5428571428571,30.97142857142855,148.51428571428565,1398,0.7007299270072993,0,0
133442384,denoland/deno,Rust,2020-05-01,303,109,80,29,436,401,299,538,362,False,True,24,2.0,25,179.33333333333334,1.0,84.80251568595516,0,44.62857142857141,44.333333333333336,32.73937486676658,0.6090225563909775,0.39097744360902253,0,14.171428571428569,235.5,189.33333333333334,0.7924388435878429,64.0,290.0,167.39999999999995,114.57142857142851,281.9714285714285,2448,1.4603015075376884,0,0
133442384,denoland/deno,Rust,2020-06-01,256,81,50,31,292,307,250,275,241,False,True,25,2.0833333333333335,26,212.0,1.0,65.10299532279605,0,31.714285714285708,54.666666666666664,32.92820472887442,0.625,0.375,0,14.342857142857138,271.5,223.83333333333334,0.7958280657395702,47.0,322.0,111.77142857142857,101.82857142857142,213.60000000000002,1702,0.5921421889616464,0,0
133442384,denoland/deno,Rust,2020-07-01,154,51,26,25,188,191,154,149,141,False,True,26,2.1666666666666665,27,215.16666666666666,1.0,60.937399572566854,0,8.02857142857144,58.166666666666664,30.831261191632553,0.6189111747851003,0.38108882521489973,0,8.885714285714284,275.3333333333333,230.66666666666666,0.792675356921167,41.0,308.0,25.085714285714268,46.971428571428575,72.0571428571429,1028,-0.2646638054363376,0,0
133442384,denoland/deno,Rust,2020-08-01,165,54,26,28,196,211,161,163,192,False,True,27,2.25,28,217.0,1.0,58.85915391848582,0,-11.371428571428588,62.0,28.085583490467148,0.6048387096774194,0.3951612903225806,0,2.857142857142851,275.0,233.66666666666666,0.7924876847290641,26.0,252.0,-43.79999999999998,9.714285714285706,-34.08571428571431,1142,-0.5334967320261438,0,0
133442384,denoland/deno,Rust,2020-09-01,235,47,20,27,286,274,230,178,173,False,True,28,2.3333333333333335,29,225.66666666666666,1.0,56.63803198087546,0,-15.59999999999998,64.5,25.422431040323445,0.5917312661498708,0.4082687338501292,0,-5.285714285714286,285.3333333333333,242.16666666666666,0.7996411483253588,40.0,227.0,-65.57142857142854,-41.171428571428585,-106.74285714285718,1423,-0.16392479435957696,0,0
133442384,denoland/deno,Rust,2020-10-01,199,56,28,28,257,253,198,179,155,False,True,29,2.4166666666666665,30,218.66666666666666,1.0,56.958464398776336,0,-16.34285714285715,66.33333333333333,24.09702609590378,0.5778894472361809,0.4221105527638191,0,-10.399999999999995,275.8333333333333,247.0,0.7892486255345144,18.0,218.0,-65.20000000000003,-93.14285714285714,-158.34285714285707,1297,0.2616731517509728,0,0
133442384,denoland/deno,Rust,2020-11-01,178,54,26,28,195,217,178,143,188,False,True,30,2.5,31,197.83333333333334,1.0,40.395131719882684,0,-5.285714285714297,57.166666666666664,12.089940722214783,0.5131195335276968,0.4868804664723032,0,-3.628571428571428,235.66666666666666,181.16666666666666,0.8059187887130076,-39.0,-3.0,-15.657142857142857,-22.77142857142856,-38.42857142857141,1153,0.009632224168126095,0,0
133442384,denoland/deno,Rust,2020-12-01,149,44,23,21,207,178,149,149,123,False,True,31,2.5833333333333335,32,180.0,1.0,32.40987503832753,0,-0.6285714285714232,51.0,4.647580015448931,0.4869281045751634,0.5130718954248366,0,-0.7428571428571449,221.5,160.16666666666666,0.8081570996978852,5.0,-11.0,-0.3142857142857193,-5.114285714285702,-5.428571428571437,999,-0.29796205200281095,0,0
133442384,denoland/deno,Rust,2021-01-01,184,46,19,27,210,211,178,161,282,False,True,32,2.6666666666666665,33,185.0,1.0,29.806039656418726,0,-5.257142857142862,50.166666666666664,5.0760877323650435,0.4717607973421927,0.5282392026578073,0,-1.4571428571428577,225.16666666666666,162.16666666666666,0.8139880952380952,7.0,-140.0,-20.88571428571427,5.714285714285702,-15.171428571428613,1272,-0.01927525057825752,0,0
133442384,denoland/deno,Rust,2021-02-01,126,37,14,23,139,159,116,111,113,False,True,33,2.75,34,178.5,1.0,38.13004065038491,0,-17.68571428571426,47.333333333333336,6.918574034197125,0.45774647887323944,0.5422535211267606,0,-2.5714285714285707,215.66666666666666,153.5,0.8119195046439629,2.0,-113.0,-64.65714285714276,-10.4857142857143,-75.14285714285698,801,-0.30529054640069386,0,0
133442384,denoland/deno,Rust,2021-03-01,135,24,7,17,150,135,106,139,111,False,True,34,2.8333333333333335,35,161.83333333333334,1.0,29.33541659269001,0,-12.600000000000012,43.5,11.794066304714407,0.4482758620689655,0.5517241379310345,0,-5.971428571428571,193.0,147.0,0.8022549869904597,5.0,-90.0,-58.5142857142857,-16.285714285714295,-74.80000000000005,800,-0.1991991991991992,0,0
133442384,denoland/deno,Rust,2021-04-01,239,42,18,24,274,272,221,195,161,False,True,35,2.9166666666666665,36,168.5,1.0,41.4957829182678,0,5.857142857142862,41.166666666666664,10.087946603083614,0.4331983805668016,0.5668016194331984,0,-3.6857142857142837,195.83333333333334,149.66666666666666,0.8088737201365188,3.0,-80.0,7.742857142857151,-4.571428571428588,3.1714285714286166,1404,0.10377358490566038,0,0
133442384,denoland/deno,Rust,2021-05-01,231,35,12,23,193,201,166,139,109,False,True,36,3.0,37,177.33333333333334,1.0,48.90262433312422,0,16.68571428571429,38.0,8.02496105909551,0.40789473684210525,0.5921052631578947,0,-1.9999999999999991,195.5,149.0,0.8096885813148789,17.0,-5.0,17.457142857142887,-10.142857142857112,7.314285714285768,1074,0.3408239700374532,0,0
133442384,denoland/deno,Rust,2021-06-01,194,38,16,22,184,193,169,175,158,False,True,37,3.0833333333333335,38,184.83333333333334,1.0,47.105909041930964,0,13.399999999999999,37.0,7.483314773547834,0.38738738738738737,0.6126126126126126,0,-0.7999999999999994,191.66666666666666,153.33333333333334,0.816396242527754,-21.0,-14.0,15.685714285714266,-10.62857142857144,5.057142857142901,1111,0.38875,0,0
133442384,denoland/deno,Rust,2021-07-01,180,30,9,21,190,201,175,143,135,False,True,38,3.1666666666666665,39,184.16666666666666,1.0,47.14834744364507,0,12.542857142857141,34.333333333333336,6.408327915038817,0.36893203883495146,0.6310679611650486,0,-9.580956294474307e-16,188.33333333333334,150.33333333333334,0.8208440999138673,-31.0,115.0,29.085714285714285,11.742857142857147,40.828571428571394,1054,-0.2492877492877493,0,0
133442384,denoland/deno,Rust,2021-08-01,152,31,9,22,187,173,152,116,105,False,True,39,3.25,40,188.5,1.0,41.60168265827726,0,-3.6857142857142846,33.333333333333336,6.377042156569587,0.355,0.645,0,0.057142857142858404,196.33333333333334,151.16666666666666,0.8417021276595744,3.0,128.0,-0.34285714285715807,-8.400000000000006,-8.742857142857094,916,-0.14711359404096835,0,0
133442384,denoland/deno,Rust,2021-09-01,175,30,10,20,194,180,157,131,94,False,True,40,3.3333333333333335,41,195.16666666666666,1.0,33.78411855689999,0,-16.314285714285717,34.333333333333336,4.9261208538428845,0.3592233009708738,0.6407766990291263,0,-2.285714285714285,203.66666666666666,149.83333333333334,0.8524590163934426,2.0,137.0,-37.25714285714287,-22.59999999999999,-59.857142857142875,961,-0.135013501350135,0,0
133442384,denoland/deno,Rust,2021-10-01,180,25,5,20,167,171,153,141,105,False,True,41,3.4166666666666665,42,185.33333333333334,1.0,26.211956559300816,0,-9.714285714285706,31.5,4.505552130427403,0.32275132275132273,0.6772486772486772,0,-2.0857142857142827,185.83333333333334,140.83333333333334,0.868632707774799,-4.0,139.0,-12.685714285714328,-11.171428571428562,-23.857142857142907,942,-0.1062618595825427,0,0
133442384,denoland/deno,Rust,2021-11-01,144,25,6,19,141,148,120,151,127,False,True,42,3.5,43,170.83333333333334,1.0,18.956968815363684,0,-6.485714285714285,29.833333333333332,4.792355023020047,0.30726256983240224,0.6927374301675978,0,-2.3142857142857145,177.16666666666666,142.83333333333334,0.8686679174484052,-3.0,133.0,-25.457142857142895,-10.485714285714286,-35.94285714285709,856,-0.06550218340611354,0,0
133442384,denoland/deno,Rust,2021-12-01,137,25,8,17,145,152,120,129,137,False,True,43,3.5833333333333335,44,161.33333333333334,1.0,19.304576314093765,0,-6.685714285714295,27.666666666666668,2.9439202887757223,0.28313253012048195,0.7168674698795181,0,-1.3714285714285719,170.66666666666666,135.16666666666666,0.855609756097561,-1.0,108.0,-31.2571428571429,3.771428571428555,-27.485714285714266,845,-0.12070759625390219,0,0
133442384,denoland/deno,Rust,2022-01-01,203,25,7,18,139,147,130,133,125,False,True,44,3.6666666666666665,45,165.16666666666666,1.0,25.15087804961629,0,2.999999999999999,26.833333333333332,2.857738033246798,0.2795031055900621,0.7204968944099379,0,-1.2857142857142834,162.16666666666666,133.5,0.8568486096807415,2.0,108.0,-25.828571428571415,9.71428571428571,-16.11428571428571,902,-0.04246284501061571,0,0
133442384,denoland/deno,Rust,2022-02-01,113,22,6,16,107,99,85,122,72,False,True,45,3.75,46,158.66666666666666,1.0,33.03735259772898,0,-7.085714285714296,25.333333333333332,2.581988897471324,0.27631578947368424,0.7236842105263158,0,-1.1428571428571446,148.83333333333334,134.5,0.8528428093645485,-4.0,147.0,-40.48571428571434,-3.742857142857162,-44.22857142857146,620,-0.2757009345794392,0,0
133442384,denoland/deno,Rust,2022-03-01,260,33,14,19,203,185,162,143,102,False,True,46,3.8333333333333335,47,172.83333333333334,1.0,53.394444155423805,0,10.65714285714284,25.833333333333332,3.7103458958249718,0.2967741935483871,0.7032258064516129,0,0.8857142857142856,150.33333333333334,136.5,0.8536585365853658,0.0,151.0,-1.7142857142857137,-7.571428571428594,-9.285714285714308,1088,0.2875739644970414,0,0
133442384,denoland/deno,Rust,2022-04-01,185,27,10,17,141,134,113,130,80,False,True,47,3.9166666666666665,48,173.66666666666666,1.0,53.567403023356206,0,13.828571428571427,26.166666666666668,3.710345895824975,0.3248407643312102,0.6751592356687898,0,0.8857142857142866,146.0,134.66666666666666,0.8439306358381503,11.0,165.0,4.828571428571445,-13.342857142857136,-8.514285714285721,810,-0.10199556541019955,0,0
133442384,denoland/deno,Rust,2022-05-01,174,26,9,17,161,146,118,145,101,False,True,48,4.0,49,178.66666666666666,1.0,51.60878478192131,0,7.942857142857126,26.333333333333332,3.6696957185392423,0.34177215189873417,0.6582278481012658,0,0.6285714285714276,149.33333333333334,133.66666666666666,0.8435689455388181,33.0,185.0,6.142857142857116,-5.514285714285715,0.6285714285714386,871,0.40483870967741936,0,0
133442384,denoland/deno,Rust,2022-06-01,169,37,15,22,136,151,119,104,110,False,True,49,4.083333333333333,50,184.0,1.0,47.96665508454812,0,-1.7714285714285836,28.333333333333332,5.5737479909541445,0.3588235294117647,0.6411764705882353,0,1.8857142857142857,147.83333333333334,129.5,0.8433874709976799,25.0,187.0,5.428571428571407,-2.8285714285714354,2.6000000000000707,826,-0.24080882352941177,0,0
133442384,denoland/deno,Rust,2022-07-01,213,39,14,25,169,173,139,138,133,False,True,50,4.166666666666667,51,185.66666666666666,1.0,48.92306885986071,0,6.171428571428547,30.666666666666668,6.713171133426103,0.3695652173913043,0.6304347826086957,0,2.7428571428571424,152.83333333333334,130.33333333333334,0.8288288288288288,29.0,184.0,15.857142857142875,9.371428571428586,25.228571428571446,1004,0.23950617283950618,0,0
133442384,denoland/deno,Rust,2022-08-01,163,32,11,21,152,137,126,160,87,False,True,51,4.25,52,194.0,1.0,36.834766186308386,0,-11.599999999999987,32.333333333333336,5.202563470700345,0.37628865979381443,0.6237113402061856,0,1.1999999999999986,160.33333333333334,136.66666666666666,0.8390928725701944,36.0,207.0,-11.857142857142833,4.599999999999988,-7.257142857142845,857,-0.016073478760045924,0,0
133442384,denoland/deno,Rust,2022-09-01,252,42,14,28,190,201,161,177,171,False,True,52,4.333333333333333,53,192.66666666666666,1.0,34.003921342496284,0,9.885714285714274,33.833333333333336,6.5548963887056,0.35960591133004927,0.6403940886699507,0,2.714285714285712,158.16666666666666,142.33333333333334,0.8237791932059448,7.0,172.0,24.7142857142857,21.428571428571427,46.14285714285714,1194,0.44552058111380144,0,0
133442384,denoland/deno,Rust,2022-10-01,256,43,11,32,231,229,195,134,99,False,True,53,4.416666666666667,54,204.5,1.0,42.1746369278979,0,17.39999999999999,36.5,6.473020933072843,0.3378995433789954,0.6621004566210046,0,2.6571428571428592,173.16666666666666,143.0,0.8273866923818708,2.0,157.0,43.485714285714266,8.94285714285715,52.4285714285714,1187,0.18227091633466136,0,0
133442384,denoland/deno,Rust,2022-11-01,235,21,2,19,172,170,145,187,135,False,True,54,4.5,55,214.66666666666666,1.0,40.677594160258266,0,15.65714285714285,35.666666666666664,8.189424074174315,0.3130841121495327,0.6869158878504673,0,-1.6571428571428581,175.0,150.0,0.8341187558906692,-11.0,165.0,30.399999999999995,15.057142857142853,45.45714285714282,1065,0.2427071178529755,0,0
133442384,denoland/deno,Rust,2022-12-01,199,23,5,18,156,150,134,164,129,False,True,55,4.583333333333333,56,219.66666666666666,1.0,35.44949458972127,0,4.285714285714277,33.333333333333336,9.605553948974814,0.285,0.715,0,-3.1999999999999975,178.33333333333334,160.0,0.8490566037735849,10.0,206.0,3.2571428571428562,6.2857142857142865,9.542857142857166,955,-0.20016750418760468,0,0
133442384,denoland/deno,Rust,2023-01-01,273,32,11,21,189,191,169,169,173,False,True,56,4.666666666666667,57,229.66666666666666,1.0,41.19061381755167,0,10.571428571428562,32.166666666666664,9.196013629103948,0.27979274611398963,0.7202072538860104,0,-2.257142857142857,181.66666666666666,165.16666666666666,0.862708719851577,12.0,197.0,4.742857142857137,11.399999999999997,16.142857142857086,1196,0.007582139848357203,0,0
133442384,denoland/deno,Rust,2023-02-01,186,26,9,17,186,178,158,164,88,False,True,57,4.75,58,233.5,1.0,34.22718218024984,0,-8.99999999999999,31.166666666666668,9.537644712750915,0.27807486631016043,0.7219251336898396,0,-3.1714285714285695,187.33333333333334,165.83333333333334,0.8596961572832886,5.0,200.0,-14.7142857142857,-5.199999999999996,-19.914285714285704,986,-0.07417840375586854,0,0
133442384,denoland/deno,Rust,2023-03-01,478,51,23,28,322,318,290,191,113,False,True,58,4.833333333333333,59,271.1666666666667,1.0,106.56719320065947,0,29.628571428571412,32.666666666666664,11.977757163453667,0.3112244897959184,0.6887755102040817,0,1.8285714285714263,209.33333333333334,168.16666666666666,0.8826860841423948,20.0,272.0,45.39999999999999,5.542857142857115,50.94285714285712,1763,0.8460732984293193,0,0
133442384,denoland/deno,Rust,2023-04-01,322,30,10,20,228,232,204,148,153,False,True,59,4.916666666666667,60,282.1666666666667,1.0,108.08407221541333,0,33.85714285714287,30.5,10.858176642512257,0.32786885245901637,0.6721311475409836,0,3.514285714285714,208.83333333333334,170.5,0.8878127522195319,14.0,232.0,66.51428571428568,-4.628571428571465,61.88571428571428,1317,0.10117056856187291,0,0
133442384,denoland/deno,Rust,2023-05-01,312,29,9,20,220,212,195,163,128,False,True,60,5.0,61,295.0,1.0,105.91317198535798,0,28.685714285714276,31.833333333333332,9.907909298467844,0.3507853403141361,0.6492146596858639,0,1.4000000000000001,216.83333333333334,166.5,0.897736143637783,20.0,215.0,48.228571428571385,-2.3142857142857287,45.914285714285754,1259,0.2768762677484787,0,0
133442384,denoland/deno,Rust,2023-06-01,283,40,14,26,202,185,166,129,83,False,True,61,5.083333333333333,62,309.0,1.0,95.74967362868668,0,7.771428571428566,34.666666666666664,9.287985070329613,0.36538461538461536,0.6346153846153846,0,0.8000000000000004,224.5,160.66666666666666,0.898176291793313,31.0,226.0,1.9714285714285709,-15.314285714285722,-13.342857142857113,1088,-0.3828701077708451,0,0
133442384,denoland/deno,Rust,2023-07-01,192,30,11,19,141,150,139,174,104,False,True,62,5.166666666666667,63,295.5,1.0,106.90135639925258,0,-16.14285714285713,34.333333333333336,9.43751379689936,0.36893203883495146,0.6310679611650486,0,-0.40000000000000213,216.5,161.5,0.9035294117647059,24.0,300.0,-46.51428571428572,-4.457142857142871,-50.971428571428575,930,-0.2938496583143508,0,0
133442384,denoland/deno,Rust,2023-08-01,293,34,9,25,174,175,156,157,125,False,True,63,5.25,64,313.3333333333333,1.0,93.00250892673104,0,-38.400000000000034,35.666666666666664,8.547904226573078,0.35514018691588783,0.6448598130841121,0,-2.114285714285712,214.5,160.33333333333334,0.9040880503144654,15.0,256.0,-82.8857142857143,-7.371428571428576,-90.25714285714281,1114,-0.11517077045274027,0,0
133442384,denoland/deno,Rust,2023-09-01,183,34,17,17,186,188,165,192,133,False,True,64,5.333333333333333,65,264.1666666666667,1.0,61.01611808913021,0,-24.085714285714285,32.833333333333336,4.119061381755028,0.3553299492385787,0.6446700507614214,0,0.7142857142857147,191.83333333333334,160.5,0.8975481611208407,9.0,237.0,-31.828571428571475,4.542857142857149,-27.285714285714302,1081,-0.006433823529411764,0,0
133442384,denoland/deno,Rust,2023-10-01,167,21,3,18,129,121,111,150,118,False,True,65,5.416666666666667,66,238.33333333333334,1.0,64.35422804032912,0,-26.39999999999999,31.333333333333332,6.37704215656957,0.3351063829787234,0.6648936170212766,0,-1.5428571428571443,175.33333333333334,160.83333333333334,0.903976721629486,21.0,274.0,-37.05714285714282,6.51428571428572,-30.5428571428571,817,-0.12150537634408602,0,0
133442384,denoland/deno,Rust,2023-11-01,292,33,10,23,209,212,198,156,106,False,True,66,5.5,67,235.0,1.0,60.15646266196189,0,-3.9999999999999885,32.0,6.292853089020821,0.3333333333333333,0.6666666666666666,0,-1.771428571428575,173.5,159.66666666666666,0.906886517943744,10.0,289.0,4.4857142857142485,7.514285714285709,11.999999999999934,1206,0.08258527827648116,0,0
133442384,denoland/deno,Rust,2023-12-01,196,31,10,21,175,169,154,158,81,False,True,67,5.583333333333333,68,220.5,1.0,56.65597938435107,0,0.028571428571423453,30.5,4.9295030175463666,0.32786885245901637,0.6721311475409836,0,-0.31428571428571545,169.0,164.5,0.90935960591133,-1.0,320.0,14.39999999999998,-8.91428571428572,5.485714285714284,964,-0.10823311748381129,0,0
133442384,denoland/deno,Rust,2024-01-01,343,25,6,19,265,249,230,181,106,False,True,68,5.666666666666667,69,245.66666666666666,1.0,72.72321958402752,0,11.82857142857141,29.666666666666668,5.42832079621915,0.3089887640449438,0.6910112359550562,0,-1.2000000000000015,189.66666666666666,165.66666666666666,0.9102333931777379,24.0,325.0,38.0,-6.828571428571439,31.17142857142852,1399,0.7123623011015912,0,0
133442384,denoland/deno,Rust,2024-02-01,292,27,7,20,229,216,196,187,93,False,True,69,5.75,70,245.5,1.0,72.59407689336656,0,27.91428571428571,28.5,5.049752469180892,0.30994152046783624,0.6900584795321637,0,-0.7142857142857147,198.83333333333334,170.66666666666666,0.9125541125541126,38.0,387.0,43.942857142857186,-5.457142857142845,38.48571428571429,1240,0.028192371475953566,0,0
133442384,denoland/deno,Rust,2024-03-01,344,30,14,16,249,245,215,256,180,False,True,70,5.833333333333333,71,272.3333333333333,1.0,74.59937443884289,0,29.485714285714284,27.833333333333332,4.400757510550328,0.2994011976047904,0.7005988023952096,0,0.5999999999999989,209.33333333333334,181.33333333333334,0.9108910891089109,44.0,404.0,58.62857142857141,26.914285714285704,85.54285714285712,1519,0.5757261410788381,0,0
133442384,denoland/deno,Rust,2024-04-01,316,26,8,18,239,233,213,204,142,False,True,71,5.916666666666667,72,297.1666666666667,1.0,54.65680805413622,0,14.657142857142853,28.666666666666668,3.141125063837033,0.31976744186046513,0.6802325581395349,0,-1.0285714285714282,227.66666666666666,190.33333333333334,0.9108761329305136,42.0,434.0,24.57142857142855,28.685714285714294,53.25714285714284,1373,-0.01858470335954253,0,0
133442384,denoland/deno,Rust,2024-05-01,274,38,14,24,219,228,205,220,155,False,True,72,6.0,73,294.1666666666667,1.0,55.48483276235669,0,10.314285714285699,29.5,4.764451699828493,0.3333333333333333,0.6666666666666666,0,1.17142857142857,229.33333333333334,201.0,0.905223880597015,36.0,449.0,18.88571428571429,28.94285714285714,47.82857142857134,1339,0.07983870967741935,0,0
133442384,denoland/deno,Rust,2024-06-01,232,25,6,19,173,180,142,123,243,False,True,73,6.083333333333333,74,300.1666666666667,1.0,43.37011259688739,0,-18.200000000000003,28.5,5.009990019949992,0.3216374269005848,0.6783625730994152,0,0.8285714285714286,229.0,195.16666666666666,0.8889711324944486,23.0,252.0,-35.31428571428572,16.857142857142872,-18.45714285714289,1118,-0.26398946675444374,0,0
133442384,denoland/deno,Rust,2024-07-01,316,38,16,22,224,221,190,215,187,False,True,74,6.166666666666667,75,295.6666666666667,1.0,39.24113487995333,0,-7.371428571428569,30.666666666666668,5.9217114643205475,0.3532608695652174,0.6467391304347826,0,1.4857142857142849,222.16666666666666,200.83333333333334,0.8775510204081632,10.0,205.0,-20.142857142857135,12.257142857142846,-7.8857142857142835,1391,0.013109978150036417,0,0
133442384,denoland/deno,Rust,2024-08-01,318,40,8,32,279,278,259,211,222,False,True,75,6.25,76,300.0,1.0,40.17959681231288,0,-4.914285714285692,32.833333333333336,6.64580067912555,0.3350253807106599,0.6649746192893401,0,2.0857142857142863,230.5,204.83333333333334,0.8837545126353791,-2.0,100.0,6.5142857142856965,4.114285714285705,10.628571428571425,1607,0.20014936519790888,0,0
133442384,denoland/deno,Rust,2024-09-01,332,35,6,29,339,342,323,260,394,False,True,76,6.333333333333333,77,298.0,1.0,37.778300649976615,0,8.457142857142852,33.666666666666664,6.531972647421735,0.2871287128712871,0.7128712871287128,0,1.8285714285714287,245.5,205.5,0.8987854251012146,-9.0,-110.0,63.62857142857143,49.99999999999997,113.62857142857136,2025,0.8112701252236136,0,0
133442384,denoland/deno,Rust,2024-10-01,351,40,17,23,279,292,226,397,267,False,True,77,6.416666666666667,78,303.8333333333333,1.0,43.397772600292406,0,19.62857142857141,36.0,5.69209978830302,0.3101851851851852,0.6898148148148148,0,1.2000000000000006,252.16666666666666,237.66666666666666,0.872809863724854,-28.0,-42.0,69.51428571428565,66.85714285714285,136.3714285714285,1852,0.33141624730409774,0,0
133442384,denoland/deno,Rust,2024-11-01,291,40,17,23,200,212,185,284,192,False,True,78,6.5,79,306.6666666666667,1.0,41.57723736212749,0,11.828571428571433,36.333333333333336,5.88784057755184,0.3211009174311927,0.6788990825688074,0,2.1714285714285677,249.0,248.33333333333334,0.8688524590163934,-31.0,-15.0,33.82857142857142,44.48571428571429,78.31428571428576,1404,-0.12632233976353455,0,0
133442384,denoland/deno,Rust,2024-12-01,377,23,5,18,145,129,120,177,162,False,True,79,6.583333333333333,80,330.8333333333333,1.0,30.036089403693886,0,6.94285714285714,36.0,6.663332499583018,0.3194444444444444,0.6805555555555556,0,-1.9999999999999991,244.33333333333334,257.3333333333333,0.8839891451831751,-8.0,120.0,-59.114285714285714,-5.028571428571447,-64.14285714285703,1133,-0.44049382716049384,0,0
133442384,denoland/deno,Rust,2025-01-01,398,36,14,22,178,173,163,194,176,False,True,80,6.666666666666667,81,344.5,1.0,39.195663025391305,0,13.571428571428562,35.666666666666664,6.592925501373871,0.3130841121495327,0.6869158878504673,0,-1.6000000000000008,236.66666666666666,253.83333333333334,0.8948106591865358,-6.0,110.0,-101.14285714285718,-41.37142857142857,-142.51428571428573,1318,-0.28833693304535635,0,0
133442384,denoland/deno,Rust,2025-02-01,305,24,4,20,191,183,165,243,276,False,True,81,6.75,82,342.3333333333333,1.0,41.258534470660656,0,2.62857142857141,33.0,7.641989269817055,0.3181818181818182,0.6818181818181818,0,-2.400000000000002,222.0,259.1666666666667,0.8880540946656649,1.0,88.0,-96.48571428571432,-48.39999999999999,-144.88571428571422,1387,-0.012108262108262107,0,0
133442384,denoland/deno,Rust,2025-03-01,227,30,10,20,146,150,99,182,135,False,True,82,6.833333333333333,83,324.8333333333333,1.0,63.03781933622619,0,-15.914285714285691,32.166666666666664,7.652886165798208,0.3471502590673575,0.6528497409326425,0,-2.4285714285714284,189.83333333333334,246.16666666666666,0.8410886742756805,0.0,269.0,-58.97142857142854,-45.000000000000014,-103.97142857142859,969,-0.14474845542806708,0,0
133442384,denoland/deno,Rust,2025-04-01,361,44,17,27,221,254,222,195,175,False,True,83,6.916666666666667,84,326.5,1.0,63.99296836371967,0,-5.514285714285684,32.833333333333336,8.588752334691323,0.3401015228426396,0.6598984771573604,0,0.8285714285714296,180.16666666666666,212.5,0.8664850136239782,-20.0,159.0,15.085714285714266,-12.771428571428576,2.314285714285698,1472,0.11684370257966616,0,0
133442384,denoland/deno,Rust,2025-05-01,205,42,13,29,217,250,198,205,133,False,True,84,7.0,85,312.1666666666667,1.0,80.92568607473584,0,-29.97142857142856,33.166666666666664,8.953584012375474,0.3165829145728643,0.6834170854271356,0,3.571428571428573,183.0,199.33333333333334,0.848990342405619,-41.0,139.0,50.28571428571429,-5.914285714285713,44.371428571428595,1250,-0.09877433309300648,0,0
133442384,denoland/deno,Rust,2025-06-01,217,34,11,23,230,231,214,165,98,False,True,85,7.083333333333333,86,285.5,1.0,81.6474126963006,0,-30.60000000000002,35.0,7.456540752922845,0.32857142857142857,0.6714285714285714,0,1.6571428571428573,197.16666666666666,197.33333333333334,0.854955680902498,-58.0,191.0,42.428571428571416,-29.285714285714274,13.142857142857117,1189,0.22703818369453044,0,0
133442384,denoland/deno,Rust,2025-07-01,129,22,7,15,145,136,127,169,106,False,True,86,7.166666666666667,87,240.66666666666666,1.0,81.37239499158606,0,-30.45714285714285,32.666666666666664,9.092121131323845,0.3163265306122449,0.6836734693877551,0,1.9161912588948613e-15,191.66666666666666,193.16666666666666,0.8513289036544851,-54.0,236.0,4.3714285714286,-40.399999999999984,-36.028571428571475,834,-0.43342391304347827,0,0
133442384,denoland/deno,Rust,2025-08-01,143,28,11,17,153,139,118,138,102,False,True,87,7.25,88,213.66666666666666,1.0,82.62364471909179,0,-31.542857142857144,33.333333333333336,8.4537959915452,0.345,0.655,0,-2.4000000000000012,185.33333333333334,175.66666666666666,0.843103448275862,-48.0,305.0,-22.34285714285714,-21.28571428571429,-43.628571428571476,821,-0.3432,0,0
133442384,denoland/deno,Rust,2025-09-01,197,30,5,25,152,149,138,156,110,False,True,88,7.333333333333333,89,208.66666666666666,1.0,82.56310717667247,0,-31.257142857142853,33.333333333333336,8.4537959915452,0.32,0.68,0,-3.5428571428571414,186.33333333333334,171.33333333333334,0.8774805867126834,-41.0,304.0,-66.34285714285718,-22.914285714285725,-89.25714285714278,932,-0.216148023549201,0,0
133442384,denoland/deno,Rust,2025-10-01,113,25,10,15,114,120,103,138,89,False,True,89,7.416666666666667,90,167.33333333333334,1.0,44.225181363864515,0,-14.45714285714286,30.166666666666668,7.11102430502564,0.3149171270718232,0.6850828729281768,0,-2.5999999999999988,168.5,161.83333333333334,0.8760975609756098,-14.0,333.0,-67.02857142857142,-16.59999999999999,-83.62857142857139,702,-0.15827338129496402,0,0
133442384,denoland/deno,Rust,2025-11-01,143,28,13,15,188,144,118,116,88,False,True,90,7.5,91,157.0,1.0,40.77253977863095,0,-10.400000000000004,27.833333333333332,4.119061381754971,0.3413173652694611,0.6586826347305389,0,-0.5428571428571443,163.66666666666666,147.0,0.8900979325353645,63.0,289.0,-37.399999999999984,-11.799999999999986,-49.20000000000002,825,0.0048721071863581,0,0
133442384,denoland/deno,Rust,2025-12-01,135,28,13,15,155,159,120,120,86,False,True,91,7.583333333333333,92,143.33333333333334,1.0,28.549372439104697,0,-1.5428571428571385,26.833333333333332,2.857738033246764,0.36645962732919257,0.6335403726708074,0,0.7142857142857142,151.16666666666666,139.5,0.8547815820543093,60.0,256.0,4.228571428571453,-14.057142857142845,-9.828571428571445,803,-0.13841201716738197,0,0
133442384,denoland/deno,Rust,2026-01-01,209,43,16,27,160,154,136,92,82,False,True,92,7.666666666666667,93,156.66666666666666,1.0,37.723555859259996,0,4.97142857142857,30.333333333333332,6.4083279150387895,0.37362637362637363,0.6263736263736264,0,2.0571428571428556,153.66666666666666,126.66666666666667,0.8473988439306358,57.0,203.0,8.514285714285691,-15.22857142857143,-6.714285714285707,876,0.24786324786324787,0,0
133442384,denoland/deno,Rust,2026-02-01,242,43,19,24,263,240,206,100,118,False,True,93,7.75,94,173.16666666666666,1.0,50.15343125516645,0,14.42857142857142,32.833333333333336,8.035338615557258,0.38578680203045684,0.6142131979695431,0,3.4,172.0,120.33333333333333,0.849896480331263,66.0,149.0,47.79999999999999,-11.342857142857142,36.45714285714284,1212,0.4690909090909091,0,0
133442384,denoland/deno,Rust,2026-03-01,687,37,9,28,523,491,390,170,499,False,True,94,7.833333333333333,95,254.83333333333334,1.0,217.2633578555452,0,92.59999999999998,34.0,8.049844718999186,0.39215686274509803,0.6078431372549019,0,3.428571428571427,233.83333333333334,122.66666666666667,0.8203363914373089,95.0,-226.0,175.08571428571426,63.42857142857141,238.51428571428562,2797,2.4831880448318806,0,0
133442384,denoland/deno,Rust,2026-04-01,607,30,16,14,506,426,353,120,183,False,True,95,7.916666666666667,96,337.1666666666667,1.0,244.64211956788367,0,114.54285714285713,34.833333333333336,7.13909424693818,0.41148325358851673,0.5885167464114832,0,1.0571428571428574,299.1666666666667,119.66666666666667,0.8197026022304833,181.0,-338.0,209.82857142857137,55.08571428571428,264.91428571428565,2225,1.5399543378995433,0,0
133442384,denoland/deno,Rust,2026-05-01,968,40,18,22,720,662,509,155,343,False,True,96,8.0,97,474.6666666666667,1.0,330.47279262696753,0,165.82857142857137,36.833333333333336,6.493586579592671,0.4117647058823529,0.5882352941176471,0,0.4285714285714303,387.8333333333333,126.16666666666667,0.8039399624765479,195.0,-554.0,299.5714285714285,65.65714285714282,365.2285714285713,3397,1.8028052805280528,0,0
133442384,denoland/deno,Rust,2026-06-01,961,62,34,28,746,785,589,271,1055,False,True,97,8.083333333333334,98,612.3333333333334,1.0,332.7146925921166,0,167.37142857142857,42.5,10.70980858839223,0.4392156862745098,0.5607843137254902,0,2.2571428571428553,486.3333333333333,151.33333333333334,0.7915155910079767,160.0,-1372.0,336.48571428571415,178.11428571428567,514.5999999999999,4469,0.5977833392920987,0,0
133442384,denoland/deno,Rust,2026-07-01,692,44,20,24,468,426,311,235,180,False,True,98,8.166666666666666,99,692.8333333333334,1.0,267.6874421161117,0,98.08571428571427,42.666666666666664,10.726913193769523,0.453125,0.546875,0,2.5714285714285725,537.6666666666666,175.16666666666666,0.7782178217821782,196.0,-1327.0,149.5428571428572,90.02857142857141,239.5714285714285,2356,0.05887640449438202,0,0
133442384,denoland/deno,Rust,2026-08-01,332,27,13,14,198,199,152,163,90,False,True,99,8.25,100,707.8333333333334,1.0,238.27833864341642,0,-43.62857142857137,40.0,12.473972903610129,0.4583333333333333,0.5416666666666666,0,0.4000000000000002,526.8333333333334,185.66666666666666,0.7708263633322181,172.0,-1236.0,-122.45714285714277,-26.171428571428542,-148.62857142857135,1161,-0.6582278481012658,0,0
137451403,alibaba/nacos,Java,2018-06-01,0,0,0,0,0,0,0,0,0,False,False,0,0.0,1,0.0,0.0,0.0,1,,0.0,0.0,,,1,,0.0,0.0,,0.0,0.0,,,,0,,1,1
137451403,alibaba/nacos,Java,2018-07-01,16,6,6,0,2,1,0,18,8,False,True,1,0.08333333333333333,2,8.0,0.5,11.313708498984761,0,,3.0,4.242640687119285,1.0,0.0,0,,1.0,9.0,0.0,1.0,10.0,,,,51,,0,1
137451403,alibaba/nacos,Java,2018-08-01,20,10,8,2,6,5,3,12,10,False,True,2,0.16666666666666666,3,12.0,0.6666666666666666,10.583005244258363,0,9.999999999999998,5.333333333333333,5.033222956847166,0.875,0.125,0,4.999999999999999,2.6666666666666665,10.0,0.5,2.0,12.0,6.999999999999998,11.000000000000004,18.0,66,,0,1
137451403,alibaba/nacos,Java,2018-09-01,136,14,7,7,14,12,9,47,21,False,True,3,0.25,4,43.0,0.75,62.59925452165278,0,41.2,7.5,5.972157622389639,0.7,0.3,0,4.6,5.5,19.25,0.6666666666666666,4.0,38.0,11.599999999999998,19.999999999999996,31.6,253,,0,1
137451403,alibaba/nacos,Java,2018-10-01,174,24,11,13,30,30,25,74,55,False,True,4,0.3333333333333333,5,69.2,0.8,79.81979704308951,0,46.800000000000004,10.8,9.011104260855047,0.5925925925925926,0.4074074074074074,0,5.6,10.4,30.2,0.7708333333333334,4.0,57.0,20.200000000000003,30.000000000000004,50.20000000000001,412,7.078431372549019,0,1
137451403,alibaba/nacos,Java,2018-11-01,182,24,10,14,58,57,49,113,78,False,True,5,0.4166666666666667,6,88.0,0.8333333333333334,84.95645943658434,0,42.85714285714286,13.0,9.695359714832657,0.5384615384615384,0.46153846153846156,0,5.0857142857142845,18.333333333333332,44.0,0.819047619047619,5.0,92.0,31.05714285714285,37.42857142857142,68.48571428571427,561,7.5,0,1
137451403,alibaba/nacos,Java,2018-12-01,174,24,9,15,66,62,42,104,80,False,True,6,0.5,7,117.0,0.8571428571428571,78.35049457406124,0,37.54285714285713,17.0,8.07465169527454,0.5,0.5,0,4.057142857142856,29.333333333333332,61.333333333333336,0.7664670658682635,9.0,116.0,38.14285714285713,38.79999999999999,76.94285714285712,552,1.1818181818181819,0,1
137451403,alibaba/nacos,Java,2019-01-01,235,26,10,16,65,69,54,124,107,False,True,7,0.5833333333333334,8,153.5,0.875,72.69594211508645,0,34.199999999999996,20.333333333333332,6.623191577077222,0.45081967213114754,0.5491803278688525,0,3.142857142857141,39.833333333333336,79.0,0.774468085106383,4.0,123.0,38.68571428571427,41.571428571428555,80.25714285714284,680,0.6504854368932039,0,1
137451403,alibaba/nacos,Java,2019-02-01,109,21,7,14,26,26,23,88,60,False,True,8,0.6666666666666666,9,168.33333333333334,0.8888888888888888,43.03796773392846,0,1.1428571428571412,22.166666666666668,4.308905506815701,0.40601503759398494,0.5939849624060151,0,1.1714285714285724,43.166666666666664,91.66666666666667,0.7890625,3.0,149.0,14.714285714285715,19.97142857142856,34.68571428571429,353,-0.37076648841354726,0,1
137451403,alibaba/nacos,Java,2019-03-01,163,23,4,19,33,32,30,97,87,False,True,9,0.75,10,172.83333333333334,0.9,40.30591354462354,0,-6.085714285714299,23.666666666666668,1.6329931618554552,0.3591549295774648,0.6408450704225352,0,-0.3428571428571442,46.333333333333336,100.0,0.8079710144927537,2.0,133.0,-5.685714285714282,5.514285714285712,-0.17142857142857904,465,-0.15760869565217392,0,1
137451403,alibaba/nacos,Java,2019-04-01,115,27,12,15,58,52,34,124,116,False,True,10,0.8333333333333334,11,163.0,0.9090909090909091,46.66047577982891,0,-14.11428571428572,24.166666666666668,2.1369760566432836,0.3586206896551724,0.6413793103448275,0,0.2000000000000001,51.0,108.33333333333333,0.7785234899328859,8.0,122.0,-12.514285714285707,4.628571428571427,-7.8857142857142986,526,-0.22647058823529412,0,1
137451403,alibaba/nacos,Java,2019-05-01,107,30,12,18,41,36,22,108,86,False,True,11,0.9166666666666666,12,150.5,0.9166666666666666,50.445019575771795,0,-18.314285714285703,25.166666666666668,3.1885210782848348,0.3576158940397351,0.6423841059602649,0,0.9999999999999981,48.166666666666664,107.5,0.740072202166065,12.0,109.0,-13.34285714285714,3.2285714285714366,-10.114285714285696,430,0.21813031161473087,0,1
137451403,alibaba/nacos,Java,2019-06-01,177,20,5,15,36,45,40,102,116,False,True,12,1.0,13,151.0,1.0,50.738545505365046,0,-9.828571428571431,24.5,3.8340579025361654,0.3401360544217687,0.6598639455782312,0,0.028571428571428244,43.166666666666664,107.16666666666667,0.7807692307692308,-1.0,71.0,-6.114285714285715,3.685714285714292,-2.42857142857143,536,0.15268817204301074,0,1
137451403,alibaba/nacos,Java,2019-07-01,150,19,3,16,52,42,33,125,122,False,True,13,1.0833333333333333,14,136.83333333333334,1.0,30.373782554477227,0,6.828571428571422,23.333333333333332,4.320493798938576,0.30714285714285716,0.6928571428571428,0,-0.4571428571428572,41.0,107.33333333333333,0.7811158798283262,13.0,57.0,8.371428571428558,15.742857142857147,24.114285714285703,543,0.03231939163498099,0,1
137451403,alibaba/nacos,Java,2019-08-01,78,16,7,9,24,16,11,136,61,False,True,14,1.1666666666666667,15,131.66666666666666,1.0,37.787123027119506,0,-7.142857142857147,22.5,5.244044240850759,0.31851851851851853,0.6814814814814815,0,-1.971428571428573,40.666666666666664,115.33333333333333,0.7623318385650224,21.0,104.0,-7.114285714285722,3.1428571428571317,-3.971428571428588,342,-0.20465116279069767,0,1
137451403,alibaba/nacos,Java,2019-09-01,59,14,2,12,20,24,17,87,97,False,True,15,1.25,16,114.33333333333333,1.0,43.89836747154346,0,-11.257142857142856,21.0,6.260990336999411,0.3253968253968254,0.6746031746031746,0,-3.0857142857142885,38.5,113.66666666666667,0.7302325581395349,16.0,84.0,-15.799999999999986,-6.914285714285732,-22.714285714285744,318,-0.40671641791044777,0,1
137451403,alibaba/nacos,Java,2019-10-01,39,11,5,6,19,20,11,81,48,False,True,16,1.3333333333333333,17,101.66666666666667,1.0,53.56740302335614,0,-21.88571428571429,18.333333333333332,6.592925501373927,0.3090909090909091,0.6909090909090909,0,-3.3142857142857136,32.0,106.5,0.73224043715847,9.0,109.0,-14.314285714285704,-13.628571428571444,-27.942857142857143,229,-0.578268876611418,0,1
137451403,alibaba/nacos,Java,2019-11-01,54,20,11,9,23,26,20,105,112,False,True,17,1.4166666666666667,18,92.83333333333333,1.0,56.78526804257125,0,-27.628571428571423,16.666666666666668,3.6696957185394323,0.33,0.67,0,-0.7428571428571449,29.0,106.0,0.7630057803468208,1.0,80.0,-13.742857142857137,-10.62857142857143,-24.371428571428567,360,0.05263157894736842,0,1
137451403,alibaba/nacos,Java,2019-12-01,54,12,5,7,23,21,11,91,78,False,True,18,1.5,19,72.33333333333333,1.0,40.063283273674216,0,-16.34285714285714,15.333333333333334,3.669695718539431,0.358695652173913,0.6413043478260869,0,-0.7428571428571416,26.833333333333332,104.16666666666667,0.6912751677852349,12.0,107.0,-9.057142857142853,-10.999999999999988,-20.057142857142868,290,-0.0880503144654088,0,1
137451403,alibaba/nacos,Java,2020-01-01,75,12,5,7,23,21,17,59,55,False,True,19,1.5833333333333333,20,59.833333333333336,1.0,14.579666205598262,0,-0.4285714285714303,14.166666666666666,3.3714487489307357,0.4117647058823529,0.5882352941176471,0,-0.48571428571428443,22.0,93.16666666666667,0.6796875,4.0,108.0,1.4571428571428557,-10.628571428571437,-9.171428571428569,262,0.14410480349344978,0,1
137451403,alibaba/nacos,Java,2020-02-01,33,7,3,4,15,14,10,52,27,False,True,20,1.6666666666666667,21,52.333333333333336,1.0,14.935416521365045,0,-0.62857142857143,12.666666666666666,4.273952113286556,0.40789473684210525,0.5921052631578947,0,-1.1428571428571412,20.5,79.16666666666667,0.6825396825396826,-3.0,58.0,-2.5999999999999996,-17.657142857142844,-20.257142857142853,158,-0.5611111111111111,0,1
137451403,alibaba/nacos,Java,2020-03-01,87,14,4,10,27,26,21,130,75,False,True,21,1.75,22,57.0,1.0,20.69782597279234,0,5.657142857142852,12.666666666666666,4.273952113286556,0.4342105263157895,0.5657894736842105,0,-0.6857142857142874,21.666666666666668,86.33333333333333,0.703125,2.0,123.0,1.0285714285714262,-2.542857142857151,-1.5142857142857267,380,0.3103448275862069,0,1
137451403,alibaba/nacos,Java,2020-04-01,42,11,4,7,21,9,6,135,54,False,True,22,1.8333333333333333,23,57.5,1.0,20.206434618704936,0,-0.0857142857142876,12.666666666666666,4.273952113286556,0.42105263157894735,0.5789473684210527,0,-1.257142857142857,22.0,95.33333333333333,0.7264957264957265,15.0,171.0,-3.7142857142857135,-1.9142857142857277,-5.628571428571417,278,0.061068702290076333,0,1
137451403,alibaba/nacos,Java,2020-05-01,190,19,10,9,57,58,32,142,140,False,True,23,1.9166666666666667,24,80.16666666666667,1.0,57.45055845391465,0,18.142857142857135,12.5,3.937003937005899,0.41333333333333333,0.5866666666666667,0,1.1142857142857134,27.666666666666668,101.5,0.6510067114093959,17.0,180.0,11.999999999999993,26.171428571428557,38.17142857142856,638,3.037974683544304,0,1
137451403,alibaba/nacos,Java,2020-06-01,176,33,19,14,85,114,74,194,313,False,True,24,2.0,25,100.5,1.0,67.11408197986468,0,26.599999999999994,16.0,9.208691546577068,0.46875,0.53125,0,3.9428571428571417,38.0,118.66666666666667,0.6611570247933884,-14.0,48.0,38.45714285714285,73.08571428571425,111.54285714285712,989,1.6026315789473684,0,1
137451403,alibaba/nacos,Java,2020-07-01,99,24,11,13,97,97,85,181,162,False,True,25,2.0833333333333335,26,104.5,1.0,65.9962120125087,0,21.285714285714285,18.0,9.465727652959384,0.4722222222222222,0.5277777777777778,0,4.285714285714285,50.333333333333336,139.0,0.7169811320754716,-16.0,63.0,54.5142857142857,66.25714285714284,120.77142857142854,745,1.6798561151079137,0,1
137451403,alibaba/nacos,Java,2020-08-01,63,17,8,9,75,71,48,154,175,False,True,26,2.1666666666666665,27,109.5,1.0,60.39453617671054,0,1.0571428571428594,19.666666666666668,7.890923055426827,0.4745762711864407,0.5254237288135594,0,1.9428571428571426,60.333333333333336,156.0,0.7093333333333334,-13.0,17.0,41.57142857142856,37.34285714285711,78.91428571428571,603,-0.054858934169279,0,1
137451403,alibaba/nacos,Java,2020-09-01,86,17,5,12,74,70,50,143,155,False,True,27,2.25,28,109.33333333333333,1.0,60.47037842337903,0,-6.799999999999996,20.166666666666668,7.547626558506101,0.47107438016528924,0.5289256198347108,0,0.42857142857142794,68.16666666666667,158.16666666666666,0.7040572792362768,-10.0,-50.0,26.771428571428565,14.91428571428571,41.685714285714255,595,-0.39838220424671383,0,1
137451403,alibaba/nacos,Java,2020-10-01,52,15,7,8,47,48,31,118,157,False,True,28,2.3333333333333335,29,111.0,1.0,58.34380858325927,0,-28.45714285714284,20.833333333333332,6.705718952257592,0.48,0.52,0,-2.1428571428571432,72.5,155.33333333333334,0.6986899563318777,-23.0,-170.0,-12.2,-19.314285714285734,-31.514285714285755,468,-0.3718120805369127,0,1
137451403,alibaba/nacos,Java,2020-11-01,83,16,4,12,104,107,81,159,195,False,True,29,2.4166666666666665,30,93.16666666666667,1.0,43.942765805837304,0,-16.657142857142855,20.333333333333332,6.976149845485449,0.4426229508196721,0.5573770491803278,0,-3.2,80.33333333333333,158.16666666666666,0.727810650887574,-25.0,-208.0,-10.399999999999968,-28.571428571428594,-38.97142857142858,745,0.23548922056384744,0,1
137451403,alibaba/nacos,Java,2020-12-01,77,17,9,8,85,86,71,157,157,False,True,30,2.5,31,76.66666666666667,1.0,16.860209567697094,0,-2.399999999999999,17.666666666666668,3.204163957519437,0.41509433962264153,0.5849056603773585,0,-1.1428571428571437,80.33333333333333,152.0,0.7640918580375783,3.0,-89.0,1.1714285714285761,-2.6571428571428486,-1.4857142857143262,650,0.09243697478991597,0,1
137451403,alibaba/nacos,Java,2021-01-01,82,18,7,11,75,71,61,156,150,False,True,31,2.5833333333333335,32,73.83333333333333,1.0,13.437509689918912,0,2.828571428571424,16.666666666666668,1.032795558988615,0.4,0.6,0,0.17142857142857137,76.66666666666667,147.83333333333334,0.7549668874172185,7.0,-102.0,10.714285714285715,0.3428571428571504,11.057142857142837,613,0.30982905982905984,0,1
137451403,alibaba/nacos,Java,2021-02-01,29,7,0,7,39,38,31,91,76,False,True,32,2.6666666666666665,33,68.16666666666667,1.0,22.815930107419792,0,-5.742857142857141,15.0,4.049691346263307,0.35555555555555557,0.6444444444444445,0,-1.1428571428571426,70.66666666666667,137.33333333333334,0.7738095238095238,4.0,-66.0,-6.771428571428562,-17.199999999999992,-23.971428571428568,311,-0.5825503355704698,0,1
137451403,alibaba/nacos,Java,2021-03-01,94,16,5,11,110,113,81,172,195,False,True,33,2.75,34,69.5,1.0,24.25489641288946,0,1.5142857142857151,14.833333333333334,3.970726214015086,0.3595505617977528,0.6404494382022472,0,-0.5999999999999989,76.66666666666667,142.16666666666666,0.7688984881209503,-3.0,-77.0,8.657142857142851,-3.1142857142857157,5.542857142857161,781,0.20153846153846153,0,1
137451403,alibaba/nacos,Java,2021-04-01,85,28,18,10,91,96,74,206,205,False,True,34,2.8333333333333335,35,75.0,1.0,23.212065827926605,0,0.22857142857142787,17.0,6.6932802122726,0.4215686274509804,0.5784313725490197,0,1.3142857142857118,84.0,156.83333333333334,0.7808219178082192,-7.0,-37.0,-1.9428571428571397,8.714285714285701,6.771428571428585,785,0.2805872756933116,0,1
137451403,alibaba/nacos,Java,2021-05-01,105,22,9,13,125,121,104,197,179,False,True,35,2.9166666666666665,36,78.66666666666667,1.0,26.265312993883484,0,6.1142857142857165,18.0,6.9570108523704315,0.4444444444444444,0.5555555555555556,0,1.8285714285714276,87.5,163.16666666666666,0.8038095238095239,0.0,17.0,25.65714285714285,23.57142857142859,49.22857142857145,853,1.742765273311897,0,1
137451403,alibaba/nacos,Java,2021-06-01,96,21,7,14,127,130,91,181,194,False,True,36,3.0,37,81.83333333333333,1.0,27.154496251388355,0,8.257142857142853,18.666666666666668,7.033254343948229,0.4107142857142857,0.5892857142857143,0,2.0571428571428556,94.5,167.16666666666666,0.7768014059753954,-2.0,4.0,39.657142857142865,29.028571428571414,68.68571428571425,840,0.07554417413572344,0,1
137451403,alibaba/nacos,Java,2021-07-01,76,18,7,11,95,92,76,194,196,False,True,37,3.0833333333333335,38,80.83333333333333,1.0,27.257414893321496,0,7.457142857142853,18.666666666666668,7.033254343948229,0.4107142857142857,0.5892857142857143,0,1.828571428571428,97.83333333333333,173.5,0.7745762711864407,-3.0,-4.0,28.457142857142856,31.542857142857113,60.000000000000014,747,-0.048407643312101914,0,1
137451403,alibaba/nacos,Java,2021-08-01,52,16,7,9,90,92,53,171,167,False,True,38,3.1666666666666665,39,84.66666666666667,1.0,18.821972974868075,0,-7.028571428571444,20.166666666666668,4.578937285731991,0.4380165289256198,0.5619834710743802,0,-0.8857142857142866,106.33333333333333,186.83333333333334,0.7437888198757764,-6.0,-15.0,-9.74285714285716,-5.971428571428559,-15.714285714285735,641,-0.2485345838218054,0,1
137451403,alibaba/nacos,Java,2021-09-01,24,10,1,9,77,76,41,132,79,False,True,39,3.25,40,73.0,1.0,30.159575593830862,0,-13.828571428571433,19.166666666666668,6.08002192978501,0.4260869565217391,0.5739130434782609,0,-3.1714285714285704,100.83333333333333,180.16666666666666,0.7232289950576606,-2.0,61.0,-21.857142857142843,-31.40000000000001,-53.25714285714297,439,-0.4773809523809524,0,1
137451403,alibaba/nacos,Java,2021-10-01,18,8,1,7,26,24,15,99,32,False,True,40,3.3333333333333335,41,61.833333333333336,1.0,36.55361359245712,0,-19.285714285714285,15.833333333333334,5.741660619251768,0.3368421052631579,0.6631578947368421,0,-2.999999999999999,90.0,162.33333333333334,0.7102803738317757,5.0,127.0,-54.71428571428572,-50.5428571428571,-105.2571428571428,222,-0.7028112449799196,0,1
137451403,alibaba/nacos,Java,2021-11-01,42,14,4,10,59,51,42,109,42,False,True,41,3.4166666666666665,42,51.333333333333336,1.0,30.163996198558745,0,-13.48571428571428,14.5,4.8887626246321165,0.3103448275862069,0.6896551724137931,0,-2.028571428571427,79.0,147.66666666666666,0.6838709677419355,9.0,176.0,-46.14285714285711,-57.82857142857143,-103.97142857142855,359,-0.43993759750390016,0,1
137451403,alibaba/nacos,Java,2021-12-01,53,20,13,7,77,49,27,134,41,False,True,42,3.5,43,44.166666666666664,1.0,21.20770300307572,0,-4.314285714285711,14.333333333333334,4.63321342770507,0.38372093023255816,0.6162790697674418,0,0.057142857142857925,70.66666666666667,139.83333333333334,0.6614583333333334,40.0,282.0,-26.514285714285712,-49.02857142857141,-75.54285714285712,401,-0.08656036446469248,0,1
137451403,alibaba/nacos,Java,2022-01-01,70,19,7,12,58,53,35,130,65,False,True,43,3.5833333333333335,44,43.166666666666664,1.0,19.47733725812302,0,5.742857142857142,14.5,4.806245936279156,0.3793103448275862,0.6206896551724138,0,1.4571428571428569,64.5,129.16666666666666,0.6173913043478261,42.0,349.0,-13.742857142857137,-22.94285714285714,-36.685714285714305,430,0.9369369369369369,0,1
137451403,alibaba/nacos,Java,2022-02-01,50,15,5,10,64,61,35,73,44,False,True,44,3.6666666666666665,45,42.833333333333336,1.0,19.312344929258774,0,8.485714285714284,14.333333333333334,4.760952285695223,0.36046511627906974,0.6395348837209303,0,1.8285714285714292,60.166666666666664,112.83333333333333,0.6210191082802548,47.0,374.0,2.114285714285703,-7.257142857142856,-5.1428571428571415,342,-0.04735376044568245,0,1
137451403,alibaba/nacos,Java,2022-03-01,68,22,8,14,68,81,52,128,113,False,True,45,3.75,46,50.166666666666664,1.0,19.083151381956455,0,8.314285714285711,16.333333333333332,5.085928299402833,0.3877551020408163,0.6122448979591837,0,2.057142857142856,58.666666666666664,112.16666666666667,0.64576802507837,33.0,336.0,19.914285714285704,13.371428571428567,33.285714285714285,532,0.3266832917705736,0,1
137451403,alibaba/nacos,Java,2022-04-01,61,19,7,12,87,83,59,140,234,False,True,46,3.8333333333333335,47,57.333333333333336,1.0,10.911767348448462,0,3.4285714285714266,18.166666666666668,3.0605010483034665,0.4036697247706422,0.5963302752293578,0,0.7714285714285707,68.83333333333333,119.0,0.6613756613756614,35.0,175.0,15.514285714285712,35.28571428571427,50.79999999999999,683,0.5883720930232558,0,1
137451403,alibaba/nacos,Java,2022-05-01,50,23,9,14,69,85,49,130,124,False,True,47,3.9166666666666665,48,58.666666666666664,1.0,8.981462390204943,0,-0.6857142857142874,19.666666666666668,2.8047578623950122,0.4152542372881356,0.5847457627118644,0,0.628571428571429,70.5,122.5,0.6237864077669902,11.0,114.0,15.428571428571425,30.171428571428557,45.59999999999999,530,0.5497076023391813,0,1
137451403,alibaba/nacos,Java,2022-06-01,50,22,9,13,65,72,50,111,118,False,True,48,4.0,49,58.166666666666664,1.0,9.43221430347434,0,-3.057142857142859,20.0,2.966479394838261,0.375,0.625,0,1.0285714285714287,68.5,118.66666666666667,0.6436781609195402,-24.0,14.0,10.342857142857156,20.399999999999984,30.742857142857176,488,-0.08270676691729323,0,1
137451403,alibaba/nacos,Java,2022-07-01,41,19,6,13,40,44,35,133,117,False,True,49,4.083333333333333,50,53.333333333333336,1.0,9.58471004604032,0,-3.142857142857141,20.0,2.966479394838261,0.36666666666666664,0.6333333333333333,0,0.6857142857142845,65.5,119.16666666666667,0.6572769953051644,-33.0,-35.0,-7.799999999999982,14.542857142857148,6.7428571428571615,429,-0.3718887262079063,0,1
137451403,alibaba/nacos,Java,2022-08-01,81,24,11,13,83,77,42,135,281,False,True,50,4.166666666666667,51,58.5,1.0,14.51550894732938,0,0.14285714285714027,21.5,2.073644135332769,0.3875968992248062,0.6124031007751938,0,0.25714285714285756,68.66666666666667,129.5,0.6493212669683258,-30.0,-210.0,-9.74285714285714,13.657142857142848,3.9142857142856875,723,0.3641509433962264,0,1
137451403,alibaba/nacos,Java,2022-09-01,87,22,7,15,65,73,53,122,251,False,True,51,4.25,52,61.666666666666664,1.0,18.522058920829124,0,6.114285714285711,21.5,2.073644135332769,0.3798449612403101,0.6201550387596899,0,0.42857142857142894,68.16666666666667,128.5,0.663594470046083,-25.0,-354.0,-7.457142857142858,14.342857142857149,6.885714285714294,673,0.3790983606557377,0,1
137451403,alibaba/nacos,Java,2022-10-01,64,22,8,14,77,77,50,109,174,False,True,52,4.333333333333333,53,62.166666666666664,1.0,18.540945678866162,0,6.314285714285713,22.0,1.673320053068148,0.3787878787878788,0.6212121212121212,0,9.580956294474307e-16,66.5,123.33333333333333,0.6518691588785047,-29.0,-325.0,2.8571428571428434,21.228571428571435,24.085714285714246,573,0.3356643356643357,0,1
137451403,alibaba/nacos,Java,2022-11-01,70,24,14,10,85,85,66,126,161,False,True,53,4.416666666666667,54,65.5,1.0,17.69463195435268,0,4.9999999999999964,22.166666666666668,1.8348478592697155,0.41353383458646614,0.5864661654135338,0,0.4857142857142854,69.16666666666667,122.66666666666667,0.6915887850467289,-13.0,-366.0,13.971428571428563,9.885714285714254,23.85714285714285,617,-0.14661134163208853,0,1
137451403,alibaba/nacos,Java,2022-12-01,25,14,4,10,37,32,22,87,71,False,True,54,4.5,55,61.333333333333336,1.0,23.92209578332688,0,-3.885714285714289,20.833333333333332,3.816630276391289,0.4,0.6,0,-0.7142857142857147,64.5,118.66666666666667,0.6907216494845361,-1.0,-343.0,-0.714285714285709,-26.771428571428572,-27.48571428571428,288,-0.5720653789004457,0,1
137451403,alibaba/nacos,Java,2023-01-01,24,15,10,5,32,40,22,69,78,False,True,55,4.583333333333333,56,58.5,1.0,27.544509434731257,0,-13.28571428571428,20.166666666666668,4.49073119510249,0.4462809917355372,0.5537190082644629,0,-1.914285714285712,63.166666666666664,108.0,0.6640625,-5.0,-368.0,-23.085714285714285,-56.742857142857105,-79.82857142857145,280,-0.5113438045375218,0,1
137451403,alibaba/nacos,Java,2023-02-01,32,18,6,12,43,41,32,97,88,False,True,56,4.666666666666667,57,50.333333333333336,1.0,26.793033920529908,0,-12.571428571428571,19.166666666666668,4.119061381755149,0.4260869565217391,0.5739130434782609,0,-1.4571428571428595,56.5,101.66666666666667,0.7040229885057471,-9.0,-213.0,-24.285714285714292,-42.199999999999996,-66.4857142857143,351,-0.43111831442463533,0,1
137451403,alibaba/nacos,Java,2023-03-01,53,24,12,12,60,63,46,164,149,False,True,57,4.75,58,44.666666666666664,1.0,20.294498433483554,0,-4.857142857142857,19.5,4.460941604639088,0.46153846153846156,0.5384615384615384,0,-0.19999999999999962,55.666666666666664,108.66666666666667,0.7041420118343196,-4.0,-69.0,-15.20000000000001,-4.771428571428575,-19.971428571428604,559,0.9409722222222222,0,1
137451403,alibaba/nacos,Java,2023-04-01,50,18,7,11,44,37,26,132,136,False,True,58,4.833333333333333,59,42.333333333333336,1.0,18.337575266830303,0,-0.22857142857142881,18.833333333333332,4.308905506815696,0.4690265486725664,0.5309734513274337,0,0.08571428571428713,50.166666666666664,112.5,0.7181208053691275,3.0,-8.0,-11.114285714285716,11.657142857142853,0.5428571428571376,443,0.5821428571428572,0,1
137451403,alibaba/nacos,Java,2023-05-01,75,16,5,11,36,44,29,125,115,False,True,59,4.916666666666667,60,43.166666666666664,1.0,19.893885157672607,0,9.97142857142857,17.5,3.5637059362410866,0.41904761904761906,0.580952380952381,0,0.7142857142857142,42.0,112.33333333333333,0.688715953307393,-5.0,37.0,5.199999999999992,25.74285714285714,30.942857142857143,440,0.2535612535612536,0,1
137451403,alibaba/nacos,Java,2023-06-01,42,14,4,10,32,32,18,96,114,False,True,60,5.0,61,46.0,1.0,17.89972066821155,0,6.171428571428569,17.5,3.5637059362410866,0.41904761904761906,0.580952380952381,0,-0.4857142857142868,41.166666666666664,113.83333333333333,0.6731517509727627,-10.0,3.0,-4.085714285714293,12.42857142857144,8.342857142857174,348,-0.3774597495527728,0,1
137451403,alibaba/nacos,Java,2023-07-01,54,16,9,7,56,56,37,115,94,False,True,61,5.083333333333333,62,51.0,1.0,14.366627996854364,0,2.9142857142857115,17.666666666666668,3.444802848737011,0.4056603773584906,0.5943396226415094,0,-1.200000000000001,45.166666666666664,121.5,0.6886446886446886,-2.0,33.0,-2.6857142857142837,-6.200000000000023,-8.885714285714304,428,-0.033860045146726865,0,1
137451403,alibaba/nacos,Java,2023-08-01,46,23,12,11,63,54,34,117,114,False,True,62,5.166666666666667,63,53.333333333333336,1.0,11.518101695447312,0,-1.6000000000000008,18.5,4.086563348340506,0.44144144144144143,0.5585585585585585,0,-0.371428571428571,48.5,124.83333333333333,0.6643356643356644,5.0,27.0,0.25714285714285706,-17.628571428571444,-17.37142857142857,451,0.025,0,1
137451403,alibaba/nacos,Java,2023-09-01,56,19,6,13,44,43,35,97,99,False,True,63,5.25,64,53.833333333333336,1.0,11.565754046609596,0,-1.2857142857142834,17.666666666666668,3.14112506383726,0.4056603773584906,0.5943396226415094,0,0.7999999999999994,45.833333333333336,113.66666666666667,0.6729323308270677,9.0,10.0,7.657142857142859,-11.085714285714285,-3.42857142857142,393,0.12931034482758622,0,1
137451403,alibaba/nacos,Java,2023-10-01,24,14,6,8,35,38,24,64,69,False,True,64,5.333333333333333,65,49.5,1.0,16.920401886480107,0,-6.3142857142857105,17.0,3.464101615137749,0.4117647058823529,0.5882352941176471,0,0.34285714285714275,44.333333333333336,102.33333333333333,0.6629213483146067,-1.0,9.0,1.7714285714285645,-15.857142857142867,-14.08571428571429,268,-0.37383177570093457,0,1
137451403,alibaba/nacos,Java,2023-11-01,33,20,6,14,47,48,32,99,100,False,True,65,5.416666666666667,66,42.5,1.0,12.324771803161296,0,-3.57142857142857,17.666666666666668,3.6147844564602507,0.4056603773584906,0.5943396226415094,0,0.5714285714285711,46.166666666666664,98.0,0.6642066420664207,6.0,-2.0,1.1428571428571375,-9.085714285714287,-7.942857142857146,379,-0.15964523281596452,0,1
137451403,alibaba/nacos,Java,2023-12-01,33,16,3,13,31,36,30,88,82,False,True,66,5.5,67,41.0,1.0,12.930583900195682,0,-5.028571428571431,18.0,3.2863353450309916,0.3888888888888889,0.6111111111111112,0,-0.4000000000000007,46.0,96.66666666666667,0.6981818181818182,1.0,22.0,-10.200000000000001,-10.11428571428572,-20.314285714285678,316,-0.19592875318066158,0,1
137451403,alibaba/nacos,Java,2024-01-01,29,13,4,9,41,42,29,104,102,False,True,67,5.583333333333333,68,36.833333333333336,1.0,11.889771514485318,0,-4.142857142857146,17.5,3.8340579025361583,0.3523809523809524,0.6476190476190476,0,-1.5142857142857131,43.5,94.83333333333333,0.7049808429118773,0.0,3.0,-6.857142857142855,-3.9142857142857066,-10.771428571428581,360,0.34328358208955223,0,1
137451403,alibaba/nacos,Java,2024-02-01,19,16,6,10,25,27,19,39,50,False,True,68,5.666666666666667,69,32.333333333333336,1.0,12.801041624284585,0,-4.857142857142856,16.333333333333332,2.732520204255886,0.3163265306122449,0.6836734693877551,0,-0.6285714285714286,37.166666666666664,81.83333333333333,0.7222222222222222,-11.0,-11.0,-6.8571428571428585,-9.857142857142854,-16.7142857142857,195,-0.48548812664907653,0,1
137451403,alibaba/nacos,Java,2024-03-01,24,17,5,12,39,34,24,76,65,False,True,69,5.75,70,27.0,1.0,5.62138772902207,0,-1.3142857142857145,16.0,2.4494897427831703,0.3125,0.6875,0,-9.580956294474307e-16,36.333333333333336,78.33333333333333,0.7022222222222222,-7.0,2.0,-4.371428571428572,-7.25714285714286,-11.628571428571453,279,-0.11708860759493671,0,1
137451403,alibaba/nacos,Java,2024-04-01,28,16,6,10,47,46,27,104,122,False,True,70,5.833333333333333,71,27.666666666666668,1.0,5.428320796219266,0,-1.7714285714285702,16.333333333333332,2.2509257354845427,0.30612244897959184,0.6938775510204082,0,-0.4000000000000007,38.333333333333336,85.0,0.6909871244635193,-3.0,-11.0,-2.1714285714285695,-1.971428571428563,-4.142857142857106,390,0.08333333333333333,0,1
137451403,alibaba/nacos,Java,2024-05-01,32,14,6,8,34,37,30,79,85,False,True,71,5.916666666666667,72,27.5,1.0,5.244044240850748,0,-0.08571428571428569,15.333333333333334,1.5055453054181487,0.32608695652173914,0.6739130434782609,0,-4.790478147237153e-16,36.166666666666664,81.66666666666667,0.7162162162162162,-5.0,-16.0,2.0000000000000075,2.3428571428571447,4.342857142857147,311,0.5948717948717949,0,1
137451403,alibaba/nacos,Java,2024-06-01,32,11,6,5,38,34,25,97,80,False,True,72,6.0,73,27.333333333333332,1.0,5.046450898073473,0,1.6571428571428564,14.5,2.258317958127234,0.3793103448275862,0.6206896551724138,0,-0.4857142857142859,37.333333333333336,83.16666666666667,0.7,4.0,-5.0,1.0857142857142867,4.714285714285709,5.799999999999988,317,0.13620071684587814,0,1
137451403,alibaba/nacos,Java,2024-07-01,43,21,10,11,55,53,39,91,100,False,True,73,6.083333333333333,74,29.666666666666668,1.0,8.213809510006094,0,4.228571428571429,15.833333333333334,3.3115957885386047,0.4105263157894737,0.5894736842105263,0,0.1428571428571436,39.666666666666664,81.0,0.70995670995671,7.0,-16.0,10.314285714285713,15.88571428571428,26.199999999999996,402,0.03076923076923077,0,1
137451403,alibaba/nacos,Java,2024-08-01,19,8,4,4,39,33,19,85,70,False,True,74,6.166666666666667,75,29.666666666666668,1.0,8.213809510006094,0,0.5714285714285725,14.5,4.593473631142336,0.42528735632183906,0.5747126436781609,0,-0.9428571428571425,42.0,88.66666666666667,0.6919831223628692,15.0,10.0,1.3428571428571419,-0.6285714285714232,0.7142857142857243,273,-0.12218649517684887,0,1
137451403,alibaba/nacos,Java,2024-09-01,27,12,4,8,48,44,27,85,91,False,True,75,6.25,76,30.166666666666668,1.0,7.884584115009907,0,-0.9428571428571435,13.666666666666666,4.501851470969097,0.43902439024390244,0.5609756097560976,0,-0.8000000000000014,43.5,90.16666666666667,0.6761133603238867,14.0,-7.0,0.4285714285714208,-7.514285714285732,-7.085714285714258,334,0.05362776025236593,0,1
137451403,alibaba/nacos,Java,2024-10-01,30,11,4,7,41,49,30,58,53,False,True,76,6.333333333333333,77,30.5,1.0,7.816648898345115,0,-1.4000000000000021,12.833333333333334,4.445971959725637,0.44155844155844154,0.5584415584415584,0,-0.7142857142857142,42.5,82.5,0.68,5.0,16.0,3.000000000000001,-8.685714285714294,-5.685714285714271,272,-0.32338308457711445,0,1
137451403,alibaba/nacos,Java,2024-11-01,38,13,6,7,35,32,25,65,64,False,True,77,6.416666666666667,78,31.5,1.0,8.408329203831157,0,-0.028571428571428244,12.666666666666666,4.412104562073141,0.4473684210526316,0.5526315789473685,0,-0.45714285714285835,42.666666666666664,80.16666666666667,0.673469387755102,11.0,23.0,-2.2285714285714278,-13.114285714285714,-15.342857142857154,272,-0.003663003663003663,0,1
137451403,alibaba/nacos,Java,2024-12-01,35,16,5,11,36,40,29,60,60,False,True,78,6.5,79,32.0,1.0,8.53229160308061,0,0.5714285714285735,13.5,4.50555213042752,0.4074074074074074,0.5925925925925926,0,-0.314285714285714,42.333333333333336,74.0,0.6733067729083665,3.0,6.0,-5.885714285714282,-14.228571428571424,-20.114285714285714,276,-0.17365269461077845,0,1
137451403,alibaba/nacos,Java,2025-01-01,56,18,5,13,38,43,35,33,42,False,True,79,6.583333333333333,80,34.166666666666664,1.0,12.576432986608983,0,6.1999999999999975,13.0,3.5777087639996576,0.358974358974359,0.6410256410256411,0,1.8285714285714274,39.5,64.33333333333333,0.6846473029045643,-4.0,6.0,1.5714285714285774,-15.714285714285708,-14.142857142857146,265,-0.025735294117647058,0,1
137451403,alibaba/nacos,Java,2025-02-01,24,8,1,7,26,27,24,40,35,False,True,80,6.666666666666667,81,35.0,1.0,11.489125293076055,0,1.7142857142857157,13.0,3.5777087639996576,0.32051282051282054,0.6794871794871795,0,0.11428571428571441,37.333333333333336,56.833333333333336,0.723404255319149,-11.0,-4.0,-5.971428571428572,-17.771428571428576,-23.74285714285715,184,-0.3235294117647059,0,1
137451403,alibaba/nacos,Java,2025-03-01,44,9,2,7,39,43,41,32,39,False,True,81,6.75,82,37.833333333333336,1.0,11.21457385131805,0,1.3999999999999984,12.5,3.9370039370059,0.30666666666666664,0.6933333333333334,0,-0.6571428571428568,35.833333333333336,48.0,0.7863247863247863,-19.0,-5.0,-0.5428571428571414,-11.62857142857143,-12.171428571428567,247,-0.10507246376811594,0,1
137451403,alibaba/nacos,Java,2025-04-01,54,12,5,7,57,54,44,69,55,False,True,82,6.833333333333333,83,41.833333333333336,1.0,12.10647209828968,0,2.1428571428571392,12.666666666666666,3.8815804341358975,0.3157894736842105,0.6842105263157895,0,-1.0285714285714282,38.5,49.833333333333336,0.8284518828451883,-8.0,4.0,9.428571428571423,-4.914285714285719,4.514285714285706,345,0.3018867924528302,0,1
137451403,alibaba/nacos,Java,2025-05-01,38,13,8,5,49,46,40,63,51,False,True,83,6.916666666666667,84,41.833333333333336,1.0,12.10647209828968,0,0.8285714285714305,12.666666666666666,3.8815804341358975,0.34210526315789475,0.6578947368421053,0,-0.9142857142857148,40.833333333333336,49.5,0.841897233201581,-8.0,15.0,8.942857142857145,3.2285714285714326,12.171428571428557,300,0.6304347826086957,0,1
137451403,alibaba/nacos,Java,2025-06-01,29,15,7,8,32,27,23,88,70,False,True,84,7.0,85,40.833333333333336,1.0,12.99871788549419,0,-2.371428571428572,12.5,3.7282703764614435,0.37333333333333335,0.6266666666666667,0,0.08571428571428616,40.166666666666664,54.166666666666664,0.8625,1.0,33.0,1.0285714285714282,16.71428571428571,17.742857142857137,284,0.14979757085020243,0,1
137451403,alibaba/nacos,Java,2025-07-01,39,17,8,9,39,42,37,51,66,False,True,85,7.083333333333333,86,38.0,1.0,10.677078252031308,0,0.3999999999999983,12.333333333333334,3.44480284873701,0.4189189189189189,0.581081081081081,0,1.8285714285714272,40.333333333333336,57.166666666666664,0.8744769874476988,3.0,27.0,1.7714285714285722,13.17142857142857,14.942857142857129,291,-0.1565217391304348,0,1
137451403,alibaba/nacos,Java,2025-08-01,30,10,2,8,45,40,28,52,49,False,True,86,7.166666666666667,87,39.0,1.0,9.295160030897796,0,-3.5428571428571405,12.666666666666666,3.011090610836317,0.42105263157894735,0.5789473684210527,0,0.6285714285714288,43.5,59.166666666666664,0.8452380952380952,9.0,25.0,-6.114285714285718,4.942857142857142,-1.171428571428584,254,-0.15333333333333332,0,1
137451403,alibaba/nacos,Java,2025-09-01,53,18,10,8,50,54,46,64,74,False,True,87,7.25,88,40.5,1.0,10.85817664251231,0,-0.5428571428571434,14.166666666666666,3.0605010483034705,0.47058823529411764,0.5294117647058824,0,0.6571428571428556,45.333333333333336,64.5,0.8288973384030418,9.0,22.0,-1.5714285714285774,-0.28571428571429586,-1.8571428571428616,359,0.2640845070422535,0,1
137451403,alibaba/nacos,Java,2025-10-01,6,5,1,4,9,8,6,30,13,False,True,88,7.333333333333333,89,32.5,1.0,15.578831791889915,0,-2.771428571428569,13.0,4.857983120596443,0.46153846153846156,0.5384615384615384,0,-1.0857142857142859,37.333333333333336,58.0,0.8294930875576036,7.0,25.0,-10.31428571428571,-12.314285714285711,-22.6285714285714,77,-0.7353951890034365,0,1
137451403,alibaba/nacos,Java,2025-11-01,20,10,4,6,23,26,20,48,55,False,True,89,7.416666666666667,90,29.5,1.0,16.03433815285183,0,-3.4571428571428555,12.5,5.009990019950134,0.4266666666666667,0.5733333333333334,0,-1.5142857142857147,33.0,55.5,0.8121827411167513,1.0,6.0,-8.94285714285714,-13.142857142857135,-22.085714285714285,202,-0.2047244094488189,0,1
137451403,alibaba/nacos,Java,2025-12-01,41,14,6,8,32,26,19,64,69,False,True,90,7.5,91,31.5,1.0,16.694310408040216,0,-1.9142857142857133,12.333333333333334,4.926120853842972,0.4189189189189189,0.581081081081081,0,-0.7999999999999997,33.0,51.5,0.7959183673469388,2.0,-17.0,-13.257142857142862,-0.2571428571428609,-13.5142857142857,265,-0.2618384401114206,0,1
137451403,alibaba/nacos,Java,2026-01-01,32,14,6,8,31,27,22,49,84,False,True,91,7.583333333333333,92,30.333333333333332,1.0,16.305418322345076,0,-0.3428571428571437,11.833333333333334,4.490731195102486,0.4084507042253521,0.5915492957746479,0,0.371428571428571,31.666666666666668,51.166666666666664,0.7790055248618785,9.0,-37.0,-9.657142857142862,5.857142857142858,-3.800000000000009,259,2.3636363636363638,0,1
137451403,alibaba/nacos,Java,2026-02-01,28,14,8,6,32,45,22,39,47,False,True,92,7.666666666666667,93,30.0,1.0,16.334013591276328,0,-0.7428571428571439,12.5,4.460941604639086,0.4666666666666667,0.5333333333333333,0,0.3142857142857138,29.5,49.0,0.7258064516129032,-9.0,-48.0,-2.1714285714285677,1.142857142857145,-1.028571428571432,227,0.12376237623762376,0,1
137451403,alibaba/nacos,Java,2026-03-01,178,23,7,16,198,188,160,74,68,False,True,93,7.75,94,50.833333333333336,1.0,63.41109261530404,0,24.99999999999999,13.333333333333334,5.9217114643206505,0.4,0.6,0,2.9142857142857137,54.166666666666664,50.666666666666664,0.778125,5.0,-32.0,77.37142857142855,12.685714285714278,90.05714285714282,889,2.3547169811320754,0,1
137451403,alibaba/nacos,Java,2026-04-01,90,19,6,13,118,119,84,65,51,False,True,94,7.833333333333333,95,64.83333333333333,1.0,60.75003429354314,0,21.628571428571423,15.666666666666666,4.589843860815601,0.39361702127659576,0.6063829787234043,0,2.057142857142856,72.33333333333333,56.5,0.7587006960556845,3.0,-35.0,76.74285714285713,1.2857142857142854,78.02857142857142,546,1.1081081081081081,0,1
137451403,alibaba/nacos,Java,2026-05-01,139,21,10,11,156,168,131,69,80,False,True,95,7.916666666666667,96,84.66666666666667,1.0,62.583277851728624,0,23.25714285714285,17.5,4.037325847637272,0.4095238095238095,0.5904761904761905,0,1.6857142857142844,94.5,60.0,0.7643979057591623,-6.0,-39.0,87.4285714285714,2.428571428571415,89.85714285714282,764,2.3656387665198237,0,1
137451403,alibaba/nacos,Java,2026-06-01,96,14,8,6,97,96,80,43,51,False,True,96,8.0,97,93.83333333333333,1.0,58.82318137151941,0,16.14285714285714,17.5,4.037325847637272,0.42857142857142855,0.5714285714285714,0,0.4857142857142859,105.33333333333333,56.5,0.776049766718507,-11.0,-42.0,51.65714285714286,-0.9142857142857115,50.74285714285714,477,-0.4634420697412823,0,1
137451403,alibaba/nacos,Java,2026-07-01,95,15,5,10,117,98,84,50,82,False,True,97,8.083333333333334,98,104.33333333333333,1.0,50.63068898076213,0,3.9428571428571377,17.666666666666668,3.8815804341359064,0.41509433962264153,0.5849056603773585,0,-0.5714285714285711,119.66666666666667,56.666666666666664,0.7857142857142857,4.0,-39.0,8.999999999999996,3.399999999999998,12.399999999999986,541,-0.009157509157509158,0,1
137451403,alibaba/nacos,Java,2026-08-01,100,17,6,11,99,115,86,38,53,False,True,98,8.166666666666666,99,116.33333333333333,1.0,35.05804710286453,0,-11.942857142857145,18.166666666666668,3.48807492274273,0.3853211009174312,0.6146788990825688,0,-1.3999999999999997,130.83333333333334,56.5,0.7971938775510204,1.0,-46.0,-42.228571428571406,-7.485714285714278,-49.71428571428573,508,-0.33507853403141363,0,1
178597005,FyroxEngine/Fyrox,Rust,2019-03-01,7,1,1,0,0,0,0,0,0,False,True,0,0.0,1,7.0,1.0,0.0,0,,1.0,0.0,1.0,0.0,0,,0.0,0.0,,0.0,0.0,,,,8,,0,0
178597005,FyroxEngine/Fyrox,Rust,2019-04-01,0,0,0,0,0,0,0,0,0,False,False,1,0.08333333333333333,2,3.5,0.5,4.949747468305833,1,,0.5,0.7071067811865476,1.0,0.0,1,,0.0,0.0,,0.0,0.0,,,,0,,1,1
178597005,FyroxEngine/Fyrox,Rust,2019-05-01,0,0,0,0,0,0,0,0,0,False,False,2,0.16666666666666666,3,2.3333333333333335,0.3333333333333333,4.041451884327381,2,-3.5000000000000004,0.3333333333333333,0.5773502691896258,1.0,0.0,2,-0.5000000000000001,0.0,0.0,,0.0,0.0,0.0,0.0,0.0,0,,2,2
178597005,FyroxEngine/Fyrox,Rust,2019-06-01,5,1,0,1,0,0,0,0,0,False,True,3,0.25,4,3.0,0.5,3.559026084010437,0,-0.6000000000000009,0.5,0.5773502691896257,0.5,0.5,0,-5.93439168722175e-17,0.0,0.0,,0.0,0.0,0.0,0.0,0.0,6,-0.25,0,2
178597005,FyroxEngine/Fyrox,Rust,2019-07-01,10,2,1,1,0,0,0,0,0,False,True,4,0.3333333333333333,5,4.4,0.6,4.393176527297759,0,1.0999999999999999,0.8,0.8366600265340756,0.5,0.5,0,0.3,0.0,0.0,,0.0,0.0,0.0,0.0,0.0,12,,0,2
178597005,FyroxEngine/Fyrox,Rust,2019-08-01,29,1,0,1,0,0,0,0,0,False,True,5,0.4166666666666667,6,8.5,0.6666666666666666,10.784247771634329,0,4.1428571428571415,0.8333333333333334,0.752772652709081,0.4,0.6,0,0.20000000000000004,0.0,0.0,,0.0,0.0,0.0,0.0,0.0,30,,0,2
178597005,FyroxEngine/Fyrox,Rust,2019-09-01,37,2,1,1,0,0,0,0,0,False,True,6,0.5,7,13.5,0.7142857142857143,15.757537878742351,0,7.914285714285713,1.0,0.8944271909999159,0.3333333333333333,0.6666666666666666,0,0.39999999999999986,0.0,0.0,,0.0,0.0,0.0,0.0,0.0,39,5.5,0,2
178597005,FyroxEngine/Fyrox,Rust,2019-10-01,32,1,0,1,0,0,0,0,0,False,True,7,0.5833333333333334,8,18.833333333333332,0.75,15.689699381016409,0,7.857142857142856,1.1666666666666667,0.752772652709081,0.2857142857142857,0.7142857142857143,0,0.2,0.0,0.0,,0.0,0.0,0.0,0.0,0.0,33,1.75,0,2
178597005,FyroxEngine/Fyrox,Rust,2019-11-01,32,2,1,1,0,0,0,0,0,False,True,8,0.6666666666666666,9,24.166666666666668,0.7777777777777778,13.257702163899545,0,5.971428571428571,1.5,0.5477225575051661,0.3333333333333333,0.6666666666666666,0,0.08571428571428572,0.0,0.0,,0.0,0.0,0.0,0.0,0.0,34,0.13333333333333333,0,2
178597005,FyroxEngine/Fyrox,Rust,2019-12-01,21,2,0,2,0,0,0,0,0,False,True,9,0.75,10,26.833333333333332,0.8,9.786044485218053,0,1.6857142857142846,1.6666666666666667,0.5163977794943222,0.3,0.7,0,0.057142857142857176,0.0,0.0,,0.0,0.0,0.0,0.0,0.0,23,-0.41025641025641024,0,2
178597005,FyroxEngine/Fyrox,Rust,2020-01-01,40,2,0,2,0,0,0,1,0,False,True,10,0.8333333333333334,11,31.833333333333332,0.8181818181818182,6.615638039272307,0,0.19999999999999962,1.6666666666666667,0.5163977794943222,0.2,0.8,0,0.17142857142857137,0.0,0.16666666666666666,,0.0,1.0,0.0,0.14285714285714277,0.14285714285714277,43,0.30303030303030304,0,2
178597005,FyroxEngine/Fyrox,Rust,2020-02-01,32,1,0,1,0,0,0,0,0,False,True,11,0.9166666666666666,12,32.333333333333336,0.8333333333333334,6.470445631227167,0,-0.3428571428571437,1.6666666666666667,0.5163977794943222,0.2,0.8,0,-0.057142857142857086,0.0,0.16666666666666666,,0.0,1.0,0.0,0.08571428571428572,0.08571428571428572,33,-0.029411764705882353,0,2
178597005,FyroxEngine/Fyrox,Rust,2020-03-01,44,2,0,2,0,0,0,14,6,False,True,12,1.0,13,33.5,0.8333333333333334,7.943550843294206,0,2.2571428571428562,1.6666666666666667,0.5163977794943222,0.1,0.9,0,0.057142857142857176,0.0,2.5,,0.0,9.0,0.0,2.8857142857142843,2.8857142857142843,66,1.8695652173913044,0,2
178597005,FyroxEngine/Fyrox,Rust,2020-04-01,44,2,0,2,1,0,0,7,2,False,True,13,1.0833333333333333,14,35.5,0.9166666666666666,8.938679992034626,0,3.4571428571428564,1.8333333333333333,0.40824829046386296,0.09090909090909091,0.9090909090909091,0,-0.028571428571428543,0.16666666666666666,3.6666666666666665,,1.0,14.0,0.14285714285714277,2.971428571428571,3.114285714285713,56,0.3023255813953488,0,2
178597005,FyroxEngine/Fyrox,Rust,2020-05-01,46,1,0,1,0,0,0,1,0,False,True,14,1.1666666666666667,15,37.833333333333336,1.0,9.64192235327929,0,4.257142857142855,1.6666666666666667,0.5163977794943223,0.0,1.0,0,-0.11428571428571414,0.16666666666666666,3.8333333333333335,,1.0,15.0,0.08571428571428572,1.3999999999999997,1.4857142857142853,48,0.45454545454545453,0,2
178597005,FyroxEngine/Fyrox,Rust,2020-06-01,24,1,0,1,0,0,0,1,0,False,True,15,1.25,16,38.333333333333336,1.0,8.61781101363141,0,-1.0857142857142885,1.5,0.5477225575051663,0.0,1.0,0,-0.14285714285714274,0.16666666666666666,4.0,,1.0,16.0,0.028571428571428564,-0.2285714285714286,-0.2000000000000001,26,-0.6060606060606061,0,2
178597005,FyroxEngine/Fyrox,Rust,2020-07-01,27,3,0,3,0,1,0,1,3,False,True,16,1.3333333333333333,17,36.166666666666664,1.0,9.683318990236085,0,-2.37142857142857,1.6666666666666667,0.816496580927726,0.0,1.0,0,0.17142857142857132,0.16666666666666666,4.0,0.0,0.0,13.0,0.11428571428571423,-1.285714285714285,-1.1714285714285713,35,-0.375,0,2
178597005,FyroxEngine/Fyrox,Rust,2020-08-01,25,1,0,1,0,0,0,0,0,False,True,17,1.4166666666666667,18,35.0,1.0,10.658330075579387,0,-4.800000000000002,1.6666666666666667,0.816496580927726,0.0,1.0,0,-0.057142857142857086,0.16666666666666666,4.0,0.0,0.0,13.0,2.994048842023221e-17,-3.285714285714285,-3.2857142857142843,26,-0.4583333333333333,0,2
178597005,FyroxEngine/Fyrox,Rust,2020-09-01,151,8,6,2,6,5,5,2,0,False,True,18,1.5,19,52.833333333333336,1.0,49.06084657511188,0,13.571428571428562,2.6666666666666665,2.7325202042558927,0.375,0.625,0,0.9142857142857139,1.1666666666666667,2.0,0.8333333333333334,1.0,7.0,2.1714285714285704,-0.9999999999999996,1.1714285714285708,177,5.8076923076923075,0,2
178597005,FyroxEngine/Fyrox,Rust,2020-10-01,123,5,1,4,3,2,2,10,12,False,True,19,1.5833333333333333,20,66.0,1.0,56.28498911788116,0,21.828571428571426,3.1666666666666665,2.857738033247041,0.3684210526315789,0.631578947368421,0,1.1142857142857139,1.5,2.5,0.875,1.0,0.0,2.3428571428571425,2.97142857142857,5.314285714285713,157,3.4857142857142858,0,2
178597005,FyroxEngine/Fyrox,Rust,2020-11-01,69,5,1,4,7,8,7,10,9,False,True,20,1.6666666666666667,21,69.83333333333333,1.0,55.4271293381379,0,18.257142857142856,3.8333333333333335,2.7141603981096374,0.34782608695652173,0.6521739130434783,0,0.9428571428571427,2.6666666666666665,4.0,0.875,0.0,0.0,4.114285714285714,4.171428571428571,8.285714285714285,115,3.423076923076923,0,2
178597005,FyroxEngine/Fyrox,Rust,2020-12-01,133,5,1,4,2,1,1,2,3,False,True,21,1.75,22,88.0,1.0,55.26300751859242,0,18.114285714285707,4.5,2.3452078799117144,0.3333333333333333,0.6666666666666666,0,0.5428571428571426,3.0,4.166666666666667,0.8823529411764706,1.0,-2.0,2.057142857142857,2.3428571428571425,4.3999999999999995,147,-0.1694915254237288,0,2
178597005,FyroxEngine/Fyrox,Rust,2021-01-01,52,2,0,2,0,1,1,1,1,False,True,22,1.8333333333333333,23,92.16666666666667,1.0,50.479368722941345,0,0.7714285714285711,4.333333333333333,2.5033311140691445,0.34615384615384615,0.6538461538461539,0,-0.11428571428571441,3.0,4.166666666666667,0.9411764705882353,1.0,0.0,-0.3142857142857147,0.4571428571428568,0.14285714285714218,58,-0.6305732484076433,0,2
178597005,FyroxEngine/Fyrox,Rust,2021-02-01,51,3,0,3,1,1,1,2,0,False,True,23,1.9166666666666667,24,96.5,1.0,44.29785547856694,0,-18.54285714285713,4.666666666666667,2.065591117977289,0.32142857142857145,0.6785714285714286,0,-0.9714285714285712,3.1666666666666665,4.5,0.9444444444444444,1.0,2.0,-2.8000000000000003,-2.114285714285715,-4.914285714285714,59,-0.48695652173913045,0,2
178597005,FyroxEngine/Fyrox,Rust,2021-03-01,67,4,2,2,6,6,6,14,7,False,True,24,2.0,25,82.5,1.0,36.15383797053919,0,-11.857142857142852,4.0,1.2649110640673513,0.20833333333333334,0.7916666666666666,0,-0.39999999999999986,3.1666666666666665,6.5,0.9473684210526315,0.0,7.0,-0.11428571428571464,-1.6857142857142853,-1.800000000000001,110,-0.25170068027210885,0,2
178597005,FyroxEngine/Fyrox,Rust,2021-04-01,62,3,0,3,2,1,1,3,2,False,True,25,2.0833333333333335,26,72.33333333333333,1.0,30.64419466500412,0,-6.685714285714283,3.6666666666666665,1.2110601416389963,0.18181818181818182,0.8181818181818182,0,-0.34285714285714275,3.0,5.333333333333333,0.9444444444444444,0.0,10.0,-1.3428571428571419,-0.6285714285714288,-1.9714285714285709,74,0.27586206896551724,0,2
178597005,FyroxEngine/Fyrox,Rust,2021-05-01,118,6,3,3,6,7,6,14,5,False,True,26,2.1666666666666665,27,80.5,1.0,35.69173573812293,0,-0.8285714285714239,3.8333333333333335,1.4719601443879742,0.2608695652173913,0.7391304347826086,0,0.257142857142857,2.8333333333333335,6.0,0.9411764705882353,0.0,18.0,2.742857142857142,2.7999999999999994,5.54285714285714,162,1.7457627118644068,0,2
178597005,FyroxEngine/Fyrox,Rust,2021-06-01,86,6,4,2,2,2,2,14,13,False,True,27,2.25,28,72.66666666666667,1.0,25.594270192108766,0,10.457142857142852,4.0,1.673320053068151,0.375,0.625,0,0.8,2.8333333333333335,8.0,0.9444444444444444,-1.0,20.0,1.5428571428571423,4.57142857142857,6.114285714285713,125,0.13636363636363635,0,2
178597005,FyroxEngine/Fyrox,Rust,2021-07-01,87,4,2,2,3,3,3,7,9,False,True,28,2.3333333333333335,29,78.5,1.0,23.872578411223227,0,8.371428571428561,4.333333333333333,1.3662601021279464,0.4230769230769231,0.5769230769230769,0,0.40000000000000024,3.3333333333333335,9.0,0.95,0.0,18.0,0.25714285714285656,2.914285714285714,3.171428571428569,116,0.5675675675675675,0,2
178597005,FyroxEngine/Fyrox,Rust,2021-08-01,107,6,4,2,6,5,5,20,10,False,True,29,2.4166666666666665,30,87.83333333333333,1.0,21.83040692856341,0,6.942857142857137,4.833333333333333,1.3291601358251257,0.5172413793103449,0.4827586206896552,0,0.3714285714285712,4.166666666666667,12.0,0.9583333333333334,1.0,26.0,-0.2285714285714286,2.4571428571428564,2.228571428571428,159,-0.018518518518518517,0,2
178597005,FyroxEngine/Fyrox,Rust,2021-09-01,189,8,4,4,12,12,11,7,8,False,True,30,2.5,31,108.16666666666667,1.0,44.05186337337698,0,17.228571428571424,5.5,1.760681686165901,0.5151515151515151,0.48484848484848486,0,0.6571428571428573,5.166666666666667,10.833333333333334,0.9333333333333333,1.0,18.0,4.257142857142856,2.0571428571428556,6.314285714285711,247,0.976,0,2
178597005,FyroxEngine/Fyrox,Rust,2021-10-01,276,7,2,5,11,11,11,16,16,False,True,31,2.5833333333333335,32,143.83333333333334,1.0,74.97577386507376,0,31.97142857142856,6.166666666666667,1.3291601358251257,0.5135135135135135,0.4864864864864865,0,0.3714285714285711,6.666666666666667,13.0,0.95,0.0,17.0,4.685714285714284,1.2285714285714278,5.914285714285713,348,2.0,0,2
178597005,FyroxEngine/Fyrox,Rust,2021-11-01,131,3,1,2,14,14,14,17,8,False,True,32,2.6666666666666665,33,146.0,1.0,74.26439254447594,0,24.971428571428575,5.666666666666667,1.8618986725025257,0.5,0.5,0,-0.1142857142857143,8.0,13.5,0.9787234042553191,1.0,17.0,7.742857142857139,0.6571428571428582,8.399999999999997,201,0.2641509433962264,0,2
178597005,FyroxEngine/Fyrox,Rust,2021-12-01,142,5,2,3,11,10,9,6,3,False,True,33,2.75,34,155.33333333333334,1.0,68.51179947035898,0,12.399999999999984,5.5,1.8708286933869709,0.45454545454545453,0.5454545454545454,0,-0.14285714285714277,9.5,12.166666666666666,0.9636363636363636,2.0,19.0,5.171428571428571,-0.9428571428571435,4.228571428571426,186,-0.24696356275303644,0,2
178597005,FyroxEngine/Fyrox,Rust,2022-01-01,128,5,2,3,8,8,7,10,11,False,True,34,2.8333333333333335,35,162.16666666666666,1.0,62.075491674788054,0,-5.171428571428568,5.666666666666667,1.7511900715418265,0.4411764705882353,0.5588235294117647,0,-0.514285714285714,10.333333333333334,12.666666666666666,0.95,2.0,20.0,0.8285714285714296,-1.9999999999999991,-1.1714285714285704,177,-0.49137931034482757,0,2
178597005,FyroxEngine/Fyrox,Rust,2022-02-01,97,4,2,2,6,5,5,9,7,False,True,35,2.9166666666666665,36,160.5,1.0,63.958580346971544,0,-25.51428571428569,5.333333333333333,1.8618986725025257,0.40625,0.59375,0,-0.6857142857142859,10.333333333333334,10.833333333333334,0.95,2.0,12.0,-3.9142857142857124,-1.2571428571428571,-5.171428571428571,133,-0.3383084577114428,0,2
178597005,FyroxEngine/Fyrox,Rust,2022-03-01,87,3,1,2,2,4,3,3,3,False,True,36,3.0,37,143.5,1.0,68.27810776522746,0,-30.314285714285706,4.5,1.51657508881031,0.37037037037037035,0.6296296296296297,0,-0.48571428571428554,8.666666666666666,10.166666666666666,0.9423076923076923,0.0,13.0,-5.857142857142856,-4.142857142857142,-10.000000000000002,105,-0.43548387096774194,0,2
178597005,FyroxEngine/Fyrox,Rust,2022-04-01,107,6,1,5,3,2,2,4,2,False,True,37,3.0833333333333335,38,115.33333333333333,1.0,21.565404393766396,0,-9.028571428571425,4.333333333333333,1.2110601416389968,0.34615384615384615,0.6538461538461539,0,0.22857142857142823,7.333333333333333,8.166666666666666,0.9302325581395349,1.0,15.0,-6.999999999999997,-3.114285714285714,-10.114285714285716,126,-0.288135593220339,0,2
178597005,FyroxEngine/Fyrox,Rust,2022-05-01,56,4,1,3,1,2,2,4,2,False,True,38,3.1666666666666665,39,102.83333333333333,1.0,30.537954526567074,0,-14.371428571428568,4.5,1.0488088481701516,0.3333333333333333,0.6666666666666666,0,-0.08571428571428581,5.166666666666667,6.0,0.9032258064516129,0.0,8.0,-5.142857142857142,-1.9999999999999998,-7.142857142857137,71,-0.46616541353383456,0,2
178597005,FyroxEngine/Fyrox,Rust,2022-06-01,58,2,1,1,1,1,0,5,0,False,True,39,3.25,40,88.83333333333333,1.0,28.15256057034027,0,-12.94285714285715,4.0,1.4142135623730951,0.3333333333333333,0.6666666666666666,0,-0.34285714285714264,3.5,5.833333333333333,0.8636363636363636,-1.0,10.0,-4.000000000000001,-3.1428571428571432,-7.142857142857141,67,-0.3619047619047619,0,2
178597005,FyroxEngine/Fyrox,Rust,2022-07-01,121,3,0,3,5,4,4,6,4,False,True,40,3.3333333333333335,41,87.66666666666667,1.0,26.288146885367894,0,-0.514285714285716,3.6666666666666665,1.3662601021279464,0.2727272727272727,0.7272727272727273,0,-0.28571428571428553,3.0,5.166666666666667,0.8888888888888888,0.0,13.0,-1.0857142857142856,-0.9428571428571425,-2.0285714285714307,147,0.16666666666666666,0,2
178597005,FyroxEngine/Fyrox,Rust,2022-08-01,128,4,0,4,2,4,4,8,18,False,True,41,3.4166666666666665,42,92.83333333333333,1.0,31.096087642445923,0,7.114285714285714,3.6666666666666665,1.3662601021279464,0.18181818181818182,0.8181818181818182,0,-0.17142857142857185,2.3333333333333335,5.0,0.8823529411764706,-3.0,1.0,0.5714285714285723,3.1714285714285704,3.742857142857142,168,1.3661971830985915,0,2
178597005,FyroxEngine/Fyrox,Rust,2022-09-01,120,4,1,3,3,3,3,12,3,False,True,42,3.5,43,98.33333333333333,1.0,32.73326544460052,0,9.828571428571419,3.8333333333333335,1.3291601358251257,0.17391304347826086,0.8260869565217391,0,-0.25714285714285684,2.5,6.5,0.9375,-1.0,10.0,1.0285714285714285,3.1428571428571423,4.171428571428571,148,1.208955223880597,0,2
178597005,FyroxEngine/Fyrox,Rust,2022-10-01,126,6,3,3,3,3,3,11,5,False,True,43,3.5833333333333335,44,101.5,1.0,34.60491294599672,0,15.514285714285705,3.8333333333333335,1.3291601358251257,0.2608695652173913,0.7391304347826086,0,0.48571428571428554,2.5,7.666666666666667,0.9411764705882353,-2.0,14.0,1.0857142857142852,2.742857142857142,3.8285714285714283,157,0.06802721088435375,0,2
178597005,FyroxEngine/Fyrox,Rust,2022-11-01,151,5,3,2,5,5,5,10,7,False,True,44,3.6666666666666665,45,117.33333333333333,1.0,31.187604375243044,0,13.48571428571428,4.0,1.4142135623730951,0.3333333333333333,0.6666666666666666,0,0.6857142857142855,3.1666666666666665,8.666666666666666,0.95,-1.0,15.0,1.4857142857142855,1.914285714285714,3.399999999999998,188,0.11904761904761904,0,2
178597005,FyroxEngine/Fyrox,Rust,2022-12-01,142,6,2,4,6,6,6,2,1,False,True,45,3.75,46,131.33333333333334,1.0,12.452576707921928,0,5.142857142857143,4.666666666666667,1.2110601416389966,0.32142857142857145,0.6785714285714286,0,0.5714285714285712,4.0,8.166666666666666,1.0,-1.0,11.0,1.1428571428571426,-1.7428571428571416,-0.6000000000000018,169,0.14189189189189189,0,2
178597005,FyroxEngine/Fyrox,Rust,2023-01-01,111,3,1,2,2,2,2,3,10,False,True,46,3.8333333333333335,47,129.66666666666666,1.0,14.596803303007123,0,0.17142857142856754,4.666666666666667,1.2110601416389966,0.35714285714285715,0.6428571428571429,0,0.0,3.5,7.666666666666667,1.0,-2.0,2.0,0.3714285714285715,-2.8571428571428577,-2.4857142857142853,133,-0.15286624203821655,0,2
178597005,FyroxEngine/Fyrox,Rust,2023-02-01,125,2,0,2,3,4,3,6,5,False,True,47,3.9166666666666665,48,129.16666666666666,1.0,14.716204220745228,0,-0.8285714285714296,4.333333333333333,1.632993161855452,0.38461538461538464,0.6153846153846154,0,-0.5142857142857139,3.6666666666666665,7.333333333333333,0.9565217391304348,-1.0,13.0,-0.02857142857142968,-1.2285714285714278,-1.2571428571428567,148,-0.2127659574468085,0,2
178597005,FyroxEngine/Fyrox,Rust,2023-03-01,75,3,1,2,4,4,4,9,12,False,True,48,4.0,49,121.66666666666667,1.0,26.815418450337106,0,-10.400000000000004,4.166666666666667,1.7224014243685086,0.4,0.6,0,-0.771428571428571,3.8333333333333335,6.833333333333333,0.9583333333333334,-1.0,1.0,-0.34285714285714275,0.4857142857142854,0.14285714285714218,111,-0.3431952662721893,0,2
178597005,FyroxEngine/Fyrox,Rust,2023-04-01,125,4,1,3,5,5,5,1,4,False,True,49,4.083333333333333,50,121.5,1.0,26.78619047195799,0,-9.057142857142859,3.8333333333333335,1.4719601443879746,0.34782608695652173,0.6521739130434783,0,-0.42857142857142855,4.166666666666667,5.166666666666667,0.9615384615384616,-1.0,-8.0,-0.39999999999999997,-0.22857142857142762,-0.6285714285714271,149,0.12030075187969924,0,2
178597005,FyroxEngine/Fyrox,Rust,2023-05-01,82,2,0,2,1,1,1,7,4,False,True,50,4.166666666666667,51,110.0,1.0,26.396969523034524,0,-8.799999999999986,3.3333333333333335,1.5055453054181624,0.25,0.75,0,-0.457142857142857,3.5,4.666666666666667,0.9545454545454546,-1.0,-8.0,-1.3142857142857147,0.742857142857142,-0.5714285714285721,98,-0.33783783783783783,0,2
178597005,FyroxEngine/Fyrox,Rust,2023-06-01,97,4,2,2,4,4,3,6,3,False,True,51,4.25,52,102.5,1.0,21.407942451343,0,-4.257142857142855,3.0,0.8944271909999166,0.2777777777777778,0.7222222222222222,0,0.17142857142857137,3.1666666666666665,5.333333333333333,0.9,-1.0,-6.0,0.19999999999999962,-1.0285714285714276,-0.8285714285714301,121,0.09009009009009009,0,2
178597005,FyroxEngine/Fyrox,Rust,2023-07-01,83,3,1,2,2,2,2,3,6,False,True,52,4.333333333333333,53,97.83333333333333,1.0,22.220861069424842,0,-5.34285714285714,3.0,0.8944271909999166,0.2777777777777778,0.7222222222222222,0,0.17142857142857143,3.1666666666666665,5.333333333333333,0.9,-1.0,-2.0,-0.9999999999999996,-1.1428571428571426,-2.1428571428571423,101,-0.3221476510067114,0,2
178597005,FyroxEngine/Fyrox,Rust,2023-08-01,132,5,2,3,32,32,31,10,11,False,True,53,4.416666666666667,54,99.0,1.0,24.041630560342906,0,4.97142857142857,3.5,1.0488088481701523,0.3333333333333333,0.6666666666666666,0,0.25714285714285706,8.0,6.0,0.9583333333333334,0.0,-4.0,11.314285714285711,0.2857142857142848,11.6,253,1.5816326530612246,0,2
178597005,FyroxEngine/Fyrox,Rust,2023-09-01,162,5,2,3,16,15,15,7,6,False,True,54,4.5,55,113.5,1.0,31.690692639953674,0,9.171428571428567,3.8333333333333335,1.1690451944500126,0.34782608695652173,0.6521739130434783,0,0.37142857142857133,10.0,5.666666666666667,0.9661016949152542,1.0,0.0,12.17142857142857,2.0000000000000004,14.171428571428569,226,0.8677685950413223,0,2
178597005,FyroxEngine/Fyrox,Rust,2023-10-01,145,6,3,3,9,6,4,6,10,False,True,55,4.583333333333333,56,116.83333333333333,1.0,34.10229708783091,0,15.971428571428572,4.166666666666667,1.4719601443879748,0.4,0.6,0,0.7142857142857141,10.666666666666666,6.5,0.9333333333333333,4.0,-1.0,7.8285714285714265,1.4000000000000001,9.228571428571422,186,0.8415841584158416,0,2
178597005,FyroxEngine/Fyrox,Rust,2023-11-01,206,7,2,5,11,14,11,4,5,False,True,56,4.666666666666667,57,137.5,1.0,44.697874669832046,0,21.74285714285713,5.0,1.4142135623730954,0.4,0.6,0,0.6857142857142856,12.333333333333334,6.0,0.9041095890410958,1.0,-5.0,3.2857142857142843,0.37142857142857194,3.6571428571428575,258,0.019762845849802372,0,2
178597005,FyroxEngine/Fyrox,Rust,2023-12-01,169,2,0,2,3,4,3,4,3,False,True,57,4.75,58,149.5,1.0,41.17644957982674,0,18.142857142857135,4.666666666666667,1.8618986725025257,0.35714285714285715,0.6428571428571429,0,0.057142857142857086,12.166666666666666,5.666666666666667,0.9041095890410958,0.0,-7.0,-5.257142857142855,-1.228571428571429,-6.485714285714282,188,-0.168141592920354,0,2
178597005,FyroxEngine/Fyrox,Rust,2024-01-01,123,4,2,2,3,3,3,11,7,False,True,58,4.833333333333333,59,156.16666666666666,1.0,29.969428867876015,0,1.0571428571428478,4.833333333333333,1.7224014243685086,0.3793103448275862,0.6206896551724138,0,-0.37142857142857133,12.333333333333334,7.0,0.9054054054054054,0.0,0.0,-14.885714285714284,-1.1428571428571437,-16.028571428571432,154,-0.17204301075268819,0,2
178597005,FyroxEngine/Fyrox,Rust,2024-02-01,207,9,8,1,13,13,12,2,5,False,True,59,4.916666666666667,60,168.66666666666666,1.0,33.326665999866826,0,3.4857142857142707,5.5,2.428991560298224,0.5151515151515151,0.48484848484848486,0,0.25714285714285645,9.166666666666666,5.666666666666667,0.8727272727272727,0.0,-2.0,-2.742857142857143,-0.742857142857143,-3.485714285714282,261,0.011627906976744186,0,2
178597005,FyroxEngine/Fyrox,Rust,2024-03-01,116,3,1,2,2,2,2,4,7,False,True,60,5.0,61,161.0,1.0,39.82461550347992,0,-5.3714285714285515,5.166666666666667,2.6394443859772205,0.5161290322580645,0.4838709677419355,0,-0.19999999999999984,6.833333333333333,5.166666666666667,0.8333333333333334,-1.0,-6.0,-1.7142857142857129,-0.5714285714285718,-2.2857142857142825,136,-0.2765957446808511,0,2
178597005,FyroxEngine/Fyrox,Rust,2024-04-01,163,6,5,1,16,16,15,2,8,False,True,61,5.083333333333333,62,164.0,1.0,39.048687557970666,0,-8.285714285714281,5.166666666666667,2.6394443859772205,0.5806451612903226,0.41935483870967744,0,0.08571428571428569,8.0,4.5,0.8846153846153846,-4.0,-8.0,2.0571428571428547,0.17142857142856993,2.228571428571426,226,0.4675324675324675,0,2
178597005,FyroxEngine/Fyrox,Rust,2024-05-01,90,3,0,3,6,6,5,1,1,False,True,62,5.166666666666667,63,144.66666666666666,1.0,42.64582824458543,0,-10.45714285714285,4.5,2.5884358211089564,0.5925925925925926,0.4074074074074074,0,0.14285714285714302,7.166666666666667,4.0,0.9090909090909091,-1.0,-7.0,3.3428571428571425,-1.2857142857142863,2.057142857142858,112,-0.5708812260536399,0,2
178597005,FyroxEngine/Fyrox,Rust,2024-06-01,85,7,3,4,5,3,3,7,9,False,True,63,5.25,64,130.66666666666666,1.0,46.659046996983136,0,-14.114285714285723,5.333333333333333,2.422120283277993,0.59375,0.40625,0,-2.3952390736185767e-16,7.5,4.5,0.9302325581395349,2.0,-10.0,-0.34285714285714275,-0.7428571428571434,-1.0857142857142867,119,-0.125,0,2
178597005,FyroxEngine/Fyrox,Rust,2024-07-01,90,4,2,2,5,6,5,3,3,False,True,64,5.333333333333333,65,125.16666666666667,1.0,49.59603478773965,0,-21.45714285714286,5.333333333333333,2.422120283277993,0.59375,0.40625,0,-0.4571428571428574,7.833333333333333,3.1666666666666665,0.9130434782608695,1.0,-14.0,-3.571428571428572,0.057142857142856725,-3.5142857142857133,116,-0.48672566371681414,0,2
178597005,FyroxEngine/Fyrox,Rust,2024-08-01,85,3,0,3,6,7,5,0,4,False,True,65,5.416666666666667,66,104.83333333333333,1.0,30.772823508197657,0,-10.82857142857142,4.333333333333333,1.7511900715418254,0.4230769230769231,0.5769230769230769,0,-0.057142857142857204,6.666666666666667,2.8333333333333335,0.875,0.0,-15.0,-1.1142857142857134,-0.9428571428571421,-2.0571428571428574,110,-0.017857142857142856,0,2
178597005,FyroxEngine/Fyrox,Rust,2024-09-01,83,1,0,1,0,0,0,1,1,False,True,66,5.5,67,99.33333333333333,1.0,31.32198376007948,0,-11.714285714285712,4.0,2.1908902300206634,0.4166666666666667,0.5833333333333334,0,-0.7999999999999998,6.333333333333333,2.3333333333333335,0.868421052631579,0.0,-12.0,-6.485714285714283,-1.2571428571428567,-7.742857142857139,86,-0.2773109243697479,0,2
178597005,FyroxEngine/Fyrox,Rust,2024-10-01,134,8,5,3,12,11,10,3,3,False,True,67,5.583333333333333,68,94.5,1.0,19.562719647329615,0,5.971428571428571,4.333333333333333,2.658320271650251,0.38461538461538464,0.6153846153846154,0,0.17142857142857112,5.666666666666667,2.5,0.8484848484848485,1.0,-6.0,1.3999999999999975,-0.6857142857142856,0.7142857142857123,181,0.5603448275862069,0,2
178597005,FyroxEngine/Fyrox,Rust,2024-11-01,89,3,0,3,4,4,3,3,2,False,True,68,5.666666666666667,69,94.33333333333333,1.0,19.612920911141277,0,4.28571428571428,4.333333333333333,2.658320271650251,0.38461538461538464,0.6153846153846154,0,-0.2857142857142854,5.333333333333333,2.8333333333333335,0.8387096774193549,1.0,-5.0,0.9428571428571437,-1.628571428571428,-0.6857142857142845,108,-0.01818181818181818,0,2
178597005,FyroxEngine/Fyrox,Rust,2024-12-01,113,4,1,3,2,1,1,7,2,False,True,69,5.75,70,99.0,1.0,20.268201696253566,0,5.085714285714289,3.8333333333333335,2.31660671385254,0.34782608695652173,0.6521739130434783,0,0.19999999999999973,4.833333333333333,2.8333333333333335,0.8275862068965517,0.0,2.0,-1.3714285714285708,0.6285714285714286,-0.742857142857143,130,0.5116279069767442,0,2
178597005,FyroxEngine/Fyrox,Rust,2025-01-01,112,3,0,3,3,4,4,1,1,False,True,70,5.833333333333333,71,102.66666666666667,1.0,20.30435092946048,0,5.142857142857143,3.6666666666666665,2.3380903889000235,0.2727272727272727,0.7272727272727273,0,0.11428571428571405,4.5,2.5,0.8518518518518519,0.0,2.0,-1.2857142857142858,0.2857142857142854,-0.9999999999999996,128,-0.292817679558011,0,2
178597005,FyroxEngine/Fyrox,Rust,2025-02-01,156,9,5,4,8,7,7,8,5,False,True,71,5.916666666666667,72,114.5,1.0,27.398905087612825,0,9.22857142857142,4.666666666666667,3.1411250638372654,0.39285714285714285,0.6071428571428571,0,0.7428571428571424,4.833333333333333,3.8333333333333335,0.9259259259259259,2.0,9.0,1.0571428571428558,1.3428571428571423,2.399999999999999,200,0.8518518518518519,0,2
178597005,FyroxEngine/Fyrox,Rust,2025-03-01,126,3,0,3,19,19,17,3,4,False,True,72,6.0,73,121.66666666666667,1.0,22.73909995287154,0,4.571428571428578,5.0,2.756809750418044,0.36666666666666664,0.6333333333333333,0,-0.2285714285714287,8.0,4.166666666666667,0.9130434782608695,2.0,8.0,4.285714285714285,0.6285714285714282,4.914285714285711,191,0.46923076923076923,0,2
178597005,FyroxEngine/Fyrox,Rust,2025-04-01,144,7,3,4,31,29,25,8,7,False,True,73,6.083333333333333,74,123.33333333333333,1.0,24.146773421446653,0,10.22857142857142,4.833333333333333,2.5625508125043424,0.3103448275862069,0.6896551724137931,0,0.6571428571428568,11.166666666666666,5.0,0.890625,3.0,9.0,15.257142857142854,1.5714285714285703,16.828571428571422,251,0.9609375,0,2
178597005,FyroxEngine/Fyrox,Rust,2025-05-01,89,6,0,6,8,11,8,1,12,False,True,74,6.166666666666667,75,123.33333333333333,1.0,24.146773421446653,0,-1.5428571428571423,5.333333333333333,2.4221202832779936,0.28125,0.71875,0,0.4571428571428571,11.833333333333334,4.666666666666667,0.8732394366197183,0.0,-3.0,10.571428571428571,1.514285714285714,12.085714285714287,135,-0.325,0,2
178597005,FyroxEngine/Fyrox,Rust,2025-06-01,120,3,0,3,7,8,8,1,3,False,True,75,6.25,76,124.5,1.0,23.712865706194513,0,-4.08571428571429,5.166666666666667,2.562550812504343,0.25806451612903225,0.7419354838709677,0,-0.1428571428571429,12.666666666666666,3.6666666666666665,0.8846153846153846,-2.0,-10.0,2.9999999999999987,0.5142857142857139,3.5142857142857133,150,-0.21465968586387435,0,2
178597005,FyroxEngine/Fyrox,Rust,2025-07-01,97,4,1,3,2,2,2,8,4,False,True,76,6.333333333333333,77,122.0,1.0,25.976912826585377,0,-10.51428571428572,5.333333333333333,2.4221202832779936,0.28125,0.71875,0,-0.742857142857143,12.5,4.833333333333333,0.881578947368421,-1.0,-6.0,-6.685714285714285,-0.4571428571428572,-7.1428571428571415,119,-0.5258964143426295,0,2
178597005,FyroxEngine/Fyrox,Rust,2025-08-01,91,4,1,3,2,2,2,0,1,False,True,77,6.416666666666667,78,111.16666666666667,1.0,22.247846337717334,0,-8.14285714285714,4.5,1.6431676725154984,0.18518518518518517,0.8148148148148148,0,-0.2000000000000002,11.5,3.5,0.8732394366197183,-2.0,-10.0,-13.885714285714284,-1.3714285714285708,-15.257142857142851,102,-0.24444444444444444,0,2
178597005,FyroxEngine/Fyrox,Rust,2025-09-01,91,7,2,5,10,9,7,7,5,False,True,78,6.5,79,105.33333333333333,1.0,22.169047491191016,0,-8.057142857142857,5.166666666666667,1.7224014243685086,0.22580645161290322,0.7741935483870968,0,-0.14285714285714302,10.0,4.166666666666667,0.8524590163934426,-1.0,-7.0,-10.714285714285712,-1.228571428571429,-11.942857142857141,136,-0.09333333333333334,0,2
178597005,FyroxEngine/Fyrox,Rust,2025-10-01,132,6,1,5,15,15,13,4,3,False,True,79,6.583333333333333,80,103.33333333333333,1.0,18.162231874598525,0,3.48571428571428,5.0,1.5491933384829668,0.16666666666666666,0.8333333333333334,0,0.34285714285714297,7.333333333333333,3.5,0.851063829787234,-3.0,-7.0,2.542857142857142,-0.4857142857142859,2.0571428571428587,188,0.5798319327731093,0,2
178597005,FyroxEngine/Fyrox,Rust,2025-11-01,135,4,0,4,4,5,5,4,5,False,True,80,6.666666666666667,81,111.0,1.0,20.464603587658758,0,5.142857142857147,4.666666666666667,1.5055453054181618,0.17857142857142858,0.8214285714285714,0,0.3999999999999999,6.666666666666667,4.0,0.9024390243902439,-1.0,3.0,2.4571428571428586,0.5999999999999996,3.0571428571428574,162,0.5882352941176471,0,2
178597005,FyroxEngine/Fyrox,Rust,2025-12-01,105,3,0,3,3,2,2,1,0,False,True,81,6.75,82,108.5,1.0,20.05741758053653,0,6.08571428571428,4.666666666666667,1.5055453054181618,0.17857142857142858,0.8214285714285714,0,-0.17142857142857149,6.0,4.0,0.8857142857142857,1.0,6.0,1.3142857142857136,-1.0285714285714274,0.2857142857142853,116,-0.14705882352941177,0,2
178597005,FyroxEngine/Fyrox,Rust,2026-01-01,106,4,0,4,2,2,2,3,2,False,True,82,6.833333333333333,83,110.0,1.0,19.349418595916926,0,3.4285714285714333,4.666666666666667,1.5055453054181618,0.14285714285714285,0.8571428571428571,0,-0.3999999999999997,6.0,3.1666666666666665,0.8857142857142857,1.0,3.0,-2.4571428571428564,-0.3142857142857144,-2.7714285714285722,121,-0.35638297872340424,0,2
178597005,FyroxEngine/Fyrox,Rust,2026-02-01,141,3,1,2,2,2,2,14,8,False,True,83,6.916666666666667,84,118.33333333333333,1.0,20.274779078122705,0,4.0571428571428605,4.5,1.6431676725154982,0.14814814814814814,0.8518518518518519,0,-0.7714285714285714,6.0,5.5,0.8857142857142857,1.0,10.0,-6.228571428571426,1.0285714285714278,-5.1999999999999975,172,0.06172839506172839,0,2
178597005,FyroxEngine/Fyrox,Rust,2026-03-01,87,2,0,2,0,0,0,2,2,False,True,84,7.0,85,117.66666666666667,1.0,21.388470414377046,0,-5.885714285714285,3.6666666666666665,1.3662601021279455,0.09090909090909091,0.9090909090909091,0,-0.6285714285714287,4.333333333333333,4.666666666666667,0.9230769230769231,0.0,8.0,-6.857142857142855,0.8,-6.0571428571428525,93,-0.19827586206896552,0,2
178597005,FyroxEngine/Fyrox,Rust,2026-04-01,31,4,2,2,4,3,3,4,2,False,True,85,7.083333333333333,86,100.83333333333333,1.0,39.7311800311378,0,-15.399999999999999,3.3333333333333335,0.8164965809277243,0.15,0.85,0,-0.11428571428571417,2.5,4.666666666666667,1.0,1.0,9.0,-1.1714285714285713,0.31428571428571417,-0.8571428571428569,51,-0.5785123966942148,0,2
178597005,FyroxEngine/Fyrox,Rust,2026-05-01,53,4,1,3,4,2,2,1,2,False,True,86,7.166666666666667,87,87.16666666666667,1.0,39.731180031137804,0,-15.400000000000006,3.3333333333333335,0.8164965809277243,0.2,0.8,0,0.11428571428571459,2.5,4.166666666666667,1.0,4.0,9.0,0.3142857142857144,-0.14285714285714338,0.17142857142857137,68,-0.6046511627906976,0,2
178597005,FyroxEngine/Fyrox,Rust,2026-06-01,35,2,0,2,1,2,1,0,0,False,True,87,7.25,88,75.5,1.0,43.54193381098292,0,-19.285714285714292,3.1666666666666665,0.9831920802501735,0.21052631578947367,0.7894736842105263,0,-0.14285714285714296,2.1666666666666665,4.0,0.9090909090909091,2.0,8.0,0.17142857142857112,-2.285714285714285,-2.114285714285714,41,-0.5591397849462365,0,2
178597005,FyroxEngine/Fyrox,Rust,2026-07-01,44,3,1,2,4,5,1,1,0,False,True,88,7.333333333333333,89,65.16666666666667,1.0,42.19202136265439,0,-17.685714285714287,3.0,0.894427190999914,0.2777777777777778,0.7222222222222222,0,-1.7964293052139324e-16,2.5,3.6666666666666665,0.6428571428571429,1.0,8.0,0.8571428571428568,-3.4285714285714284,-2.57142857142857,58,0.13725490196078433,0,2
178597005,FyroxEngine/Fyrox,Rust,2026-08-01,40,3,1,2,0,1,1,1,1,False,True,89,7.416666666666667,90,48.333333333333336,1.0,20.4124145231936,0,-6.114285714285715,3.0,0.894427190999914,0.2777777777777778,0.7222222222222222,0,-1.7964293052139324e-16,2.1666666666666665,1.5,0.6153846153846154,0.0,2.0,0.17142857142857137,-0.8000000000000003,-0.6285714285714283,47,-0.3088235294117647,0,2
178597005,FyroxEngine/Fyrox,Rust,2026-09-01,13,1,0,1,0,0,0,0,1,True,True,90,7.5,91,36.0,1.0,13.59411637437384,0,-3.4285714285714275,2.8333333333333335,1.1690451944500104,0.29411764705882354,0.7058823529411765,0,-0.4857142857142857,2.1666666666666665,1.1666666666666667,0.6153846153846154,0.0,1.0,-1.7714285714285716,-0.7714285714285711,-2.542857142857143,15,-0.6341463414634146,0,2
231283452,excalidraw/excalidraw,TypeScript,2020-01-01,414,54,54,0,369,364,327,272,202,False,True,0,0.0,1,414.0,1.0,0.0,0,,54.0,0.0,1.0,0.0,0,,369.0,272.0,0.8983516483516484,5.0,70.0,,,,2002,,0,0
231283452,excalidraw/excalidraw,TypeScript,2020-02-01,119,20,8,12,128,122,117,92,73,False,True,1,0.08333333333333333,2,266.5,1.0,208.59650045003153,0,,37.0,24.041630560342615,0.8378378378378378,0.16216216216216217,0,,248.5,182.0,0.9135802469135802,11.0,89.0,,,,671,,0,0
231283452,excalidraw/excalidraw,TypeScript,2020-03-01,165,25,15,10,176,176,153,110,90,False,True,2,0.16666666666666666,3,232.66666666666666,1.0,158.71462860534731,0,-124.50000000000004,33.0,18.35755975068582,0.7777777777777778,0.2222222222222222,0,-14.500000000000009,224.33333333333334,158.0,0.9018126888217523,11.0,109.0,-277.50000000000017,-137.00000000000003,-414.5000000000002,895,,0,0
231283452,excalidraw/excalidraw,TypeScript,2020-04-01,198,36,22,14,223,221,201,147,106,False,True,3,0.25,4,224.0,1.0,130.7440247200613,0,-60.20000000000004,33.75,15.063753405664428,0.7333333333333333,0.26666666666666666,0,-4.899999999999999,224.0,155.25,0.9037372593431483,13.0,150.0,-110.70000000000006,-62.80000000000001,-173.50000000000028,1132,-0.43456543456543456,0,0
231283452,excalidraw/excalidraw,TypeScript,2020-05-01,77,23,11,12,87,84,76,82,51,False,True,4,0.3333333333333333,5,194.6,1.0,130.92860649987838,0,-59.50000000000004,31.6,13.903237033151669,0.6962025316455697,0.3037974683544304,0,-4.600000000000006,196.6,140.6,0.9038262668045501,16.0,181.0,-134.8000000000001,-59.400000000000006,-194.2000000000001,480,-0.2846497764530551,0,0
231283452,excalidraw/excalidraw,TypeScript,2020-06-01,67,18,7,11,98,80,66,62,50,False,True,5,0.4166666666666667,6,173.33333333333334,1.0,128.16967920169992,0,-52.22857142857142,29.333333333333332,13.61861471173433,0.6647727272727273,0.3352272727272727,0,-4.5714285714285685,180.16666666666666,127.5,0.897803247373448,34.0,193.0,-122.85714285714282,-52.942857142857115,-175.79999999999998,441,-0.5072625698324023,0,0
231283452,excalidraw/excalidraw,TypeScript,2020-07-01,83,18,4,14,86,93,83,58,35,False,True,6,0.5,7,118.16666666666667,1.0,53.13536173459878,0,-16.999999999999993,23.333333333333332,6.801960501698516,0.4785714285714286,0.5214285714285715,0,-1.2571428571428596,133.0,91.83333333333333,0.8969072164948454,22.0,146.0,-48.74285714285715,-21.257142857142867,-70.00000000000001,456,-0.5971731448763251,0,0
231283452,excalidraw/excalidraw,TypeScript,2020-08-01,75,16,7,9,86,89,74,48,68,False,True,7,0.5833333333333334,8,110.83333333333333,1.0,55.95861566074221,0,-22.999999999999996,22.666666666666668,7.366591251499348,0.4852941176470588,0.5147058823529411,0,-2.971428571428572,126.0,84.5,0.8788694481830417,13.0,107.0,-69.48571428571428,-26.314285714285695,-95.80000000000001,456,-0.05,0,0
231283452,excalidraw/excalidraw,TypeScript,2020-09-01,39,14,4,10,37,41,37,30,21,False,True,8,0.6666666666666666,9,89.83333333333333,1.0,55.20295885789694,0,-22.42857142857143,20.833333333333332,8.010409893798617,0.44,0.56,0,-3.74285714285714,102.83333333333333,71.16666666666667,0.8832236842105263,9.0,96.0,-75.02857142857138,-30.857142857142858,-105.88571428571426,219,-0.5034013605442177,0,0
231283452,excalidraw/excalidraw,TypeScript,2020-10-01,77,14,6,8,91,91,77,38,27,False,True,9,0.75,10,69.66666666666667,1.0,15.882904856060238,0,-2.628571428571431,17.166666666666668,3.3714487489307623,0.3786407766990291,0.6213592233009708,0,-1.6857142857142846,80.83333333333333,53.0,0.8640167364016736,7.0,66.0,-9.71428571428572,-14.285714285714283,-24.000000000000007,415,-0.08991228070175439,0,0
231283452,excalidraw/excalidraw,TypeScript,2020-11-01,61,12,5,7,79,74,61,33,44,False,True,10,0.8333333333333334,11,67.0,1.0,15.748015748023464,0,-2.400000000000003,15.333333333333334,2.4221202832780264,0.358695652173913,0.6413043478260869,0,-1.2571428571428567,79.5,44.833333333333336,0.8504273504273504,9.0,24.0,-8.371428571428567,-9.25714285714285,-17.628571428571437,364,-0.20175438596491227,0,0
231283452,excalidraw/excalidraw,TypeScript,2020-12-01,153,24,10,14,183,179,131,64,85,False,True,11,0.9166666666666666,12,81.33333333333333,1.0,38.47943173523568,0,9.88571428571428,16.333333333333332,4.273952113286579,0.3673469387755102,0.6326530612244898,0,0.5142857142857137,93.66666666666667,45.166666666666664,0.8165784832451499,-5.0,-9.0,34.11428571428571,5.057142857142858,39.17142857142856,819,2.73972602739726,0,0
231283452,excalidraw/excalidraw,TypeScript,2021-01-01,119,18,9,9,119,112,99,69,40,False,True,12,1.0,13,87.33333333333333,1.0,41.48091930835987,0,15.6,16.333333333333332,4.273952113286579,0.41836734693877553,0.5816326530612245,0,1.0857142857142863,99.16666666666667,47.0,0.8174061433447098,9.0,-3.0,42.68571428571427,7.7428571428571376,50.42857142857142,576,0.38795180722891565,0,0
231283452,excalidraw/excalidraw,TypeScript,2021-02-01,229,15,5,10,179,178,160,73,45,False,True,13,1.0833333333333333,14,113.0,1.0,70.09707554527505,0,33.37142857142857,16.166666666666668,4.308905506815717,0.4020618556701031,0.5979381443298969,0,0.8285714285714291,114.66666666666667,51.166666666666664,0.837037037037037,13.0,45.0,71.48571428571427,15.399999999999991,86.88571428571427,879,1.414835164835165,0,0
231283452,excalidraw/excalidraw,TypeScript,2021-03-01,153,21,10,11,140,140,127,82,51,False,True,14,1.1666666666666667,15,132.0,1.0,60.8703540321559,0,24.285714285714285,17.333333333333332,4.546060565661967,0.4326923076923077,0.5673076923076923,0,1.0857142857142845,131.83333333333334,59.833333333333336,0.8462532299741602,17.0,67.0,42.45714285714284,12.085714285714278,54.54285714285712,714,-0.1282051282051282,0,0
231283452,excalidraw/excalidraw,TypeScript,2021-04-01,100,11,5,6,97,90,85,46,26,False,True,15,1.25,16,135.83333333333334,1.0,57.335561972188465,0,8.714285714285703,16.833333333333332,5.115336417740949,0.43564356435643564,0.5643564356435643,0,-0.4857142857142864,132.83333333333334,61.166666666666664,0.8576972833117723,24.0,76.0,6.257142857142878,-1.828571428571419,4.428571428571432,455,-0.21006944444444445,0,0
231283452,excalidraw/excalidraw,TypeScript,2021-05-01,86,12,3,9,113,96,75,53,26,False,True,16,1.3333333333333333,17,140.0,1.0,51.41206084179078,0,-13.37142857142857,16.833333333333332,5.115336417740949,0.4158415841584158,0.5841584158415841,0,-2.1428571428571437,138.5,64.5,0.8515723270440252,36.0,114.0,-37.971428571428575,-12.742857142857142,-50.71428571428563,461,-0.47554038680318544,0,0
231283452,excalidraw/excalidraw,TypeScript,2021-06-01,39,12,6,6,50,62,37,32,23,False,True,17,1.4166666666666667,18,121.0,1.0,64.93381245545342,0,-25.199999999999996,14.833333333333334,3.9707262140151154,0.42696629213483145,0.5730337078651685,0,-1.3999999999999984,116.33333333333333,59.166666666666664,0.859882005899705,20.0,144.0,-49.68571428571427,-12.8,-62.48571428571427,255,-0.6428571428571429,0,0
231283452,excalidraw/excalidraw,TypeScript,2021-07-01,25,10,4,6,56,43,24,32,20,False,True,18,1.5,19,105.33333333333333,1.0,75.92276777532985,0,-39.31428571428571,13.5,4.037325847637288,0.4074074074074074,0.5925925925925926,0,-1.457142857142858,105.83333333333333,53.0,0.8341543513957307,26.0,127.0,-78.05714285714284,-15.914285714285711,-93.97142857142853,210,-0.5384615384615384,0,0
231283452,excalidraw/excalidraw,TypeScript,2021-08-01,22,5,1,4,39,34,21,22,9,False,True,19,1.5833333333333333,20,70.83333333333333,1.0,51.63493649329557,0,-26.485714285714284,11.833333333333334,5.192943930629988,0.4084507042253521,0.5915492957746479,0,-2.3714285714285706,82.5,44.5,0.7935483870967742,30.0,112.0,-61.34285714285712,-16.971428571428575,-78.31428571428573,152,-0.6702819956616052,0,0
231283452,excalidraw/excalidraw,TypeScript,2021-09-01,5,5,3,2,30,24,5,25,9,False,True,20,1.6666666666666667,21,46.166666666666664,1.0,38.11255261284223,0,-19.45714285714286,9.166666666666666,3.3115957885386385,0.4,0.6,0,-1.5142857142857138,64.16666666666667,35.0,0.7077363896848138,36.0,97.0,-47.457142857142856,-9.628571428571432,-57.08571428571428,103,-0.596078431372549,0,0
231283452,excalidraw/excalidraw,TypeScript,2021-10-01,71,11,3,8,87,83,62,47,22,False,True,21,1.75,22,41.333333333333336,1.0,31.116983572747966,0,-5.142857142857144,9.166666666666666,3.3115957885386385,0.36363636363636365,0.6363636363636364,0,-0.8857142857142849,62.5,35.166666666666664,0.6549707602339181,33.0,102.0,-15.971428571428591,-3.8285714285714265,-19.80000000000001,383,0.8238095238095238,0,0
231283452,excalidraw/excalidraw,TypeScript,2021-11-01,103,8,0,8,122,122,100,56,28,False,True,22,1.8333333333333333,23,44.166666666666664,1.0,36.33409785128381,0,12.599999999999996,8.5,3.0166206257997015,0.3333333333333333,0.6666666666666666,0,-0.4857142857142854,64.0,35.666666666666664,0.6766304347826086,16.0,103.0,36.19999999999998,5.685714285714288,41.88571428571428,539,2.5460526315789473,0,0
231283452,excalidraw/excalidraw,TypeScript,2021-12-01,76,7,1,6,107,101,74,60,33,False,True,23,1.9166666666666667,24,50.333333333333336,1.0,38.36491452703454,0,16.11428571428571,7.666666666666667,2.5033311140691827,0.2608695652173913,0.7391304347826086,0,0.0,73.5,40.333333333333336,0.7027027027027027,34.0,121.0,49.085714285714275,11.399999999999999,60.48571428571428,458,3.4466019417475726,0,0
231283452,excalidraw/excalidraw,TypeScript,2022-01-01,52,10,2,8,107,78,48,45,26,False,True,24,2.0,25,54.833333333333336,1.0,36.328592962935765,0,11.285714285714281,7.666666666666667,2.5033311140691827,0.21739130434782608,0.782608695652174,0,0.7999999999999999,82.0,42.5,0.7013574660633484,50.0,128.0,42.17142857142856,11.199999999999996,53.37142857142857,366,-0.044386422976501305,0,0
231283452,excalidraw/excalidraw,TypeScript,2022-02-01,68,10,5,5,110,107,67,52,32,False,True,25,2.0833333333333335,26,62.5,1.0,32.68485887991563,0,6.599999999999996,8.5,2.258317958127283,0.27450980392156865,0.7254901960784313,0,0.5999999999999996,93.83333333333333,47.5,0.6912621359223301,48.0,135.0,30.45714285714285,7.571428571428567,38.02857142857144,446,-0.1725417439703154,0,0
231283452,excalidraw/excalidraw,TypeScript,2022-03-01,108,12,3,9,81,79,45,53,33,False,True,26,2.1666666666666665,27,79.66666666666667,1.0,21.6209774678821,0,1.5999999999999988,9.666666666666666,1.8618986725025715,0.2413793103448276,0.7586206896551724,0,0.39999999999999925,102.33333333333333,52.166666666666664,0.6947368421052632,44.0,139.0,-10.399999999999991,1.7999999999999956,-8.599999999999984,411,-0.10262008733624454,0,0
231283452,excalidraw/excalidraw,TypeScript,2022-04-01,63,12,5,7,75,78,50,36,29,False,True,27,2.25,28,78.33333333333333,1.0,22.49147986831159,0,-2.5142857142857142,9.833333333333334,2.0412414523193565,0.2711864406779661,0.7288135593220338,0,0.9999999999999994,100.33333333333333,50.333333333333336,0.679646017699115,37.0,121.0,-25.285714285714285,-2.942857142857137,-28.228571428571446,343,-0.06284153005464481,0,0
231283452,excalidraw/excalidraw,TypeScript,2022-05-01,53,13,3,10,86,81,47,53,27,False,True,28,2.3333333333333335,29,70.0,1.0,20.717142660125674,0,-1.1999999999999957,10.666666666666666,2.160246899469324,0.296875,0.703125,0,1.0857142857142856,94.33333333333333,49.833333333333336,0.6316793893129771,42.0,119.0,-14.542857142857128,-2.314285714285721,-16.85714285714284,360,-0.19282511210762332,0,0
231283452,excalidraw/excalidraw,TypeScript,2022-06-01,24,6,1,5,64,47,19,41,13,False,True,29,2.4166666666666665,30,61.333333333333336,1.0,27.478476425498297,0,-6.571428571428567,10.5,2.509980079602259,0.30158730158730157,0.6984126984126984,0,-0.3142857142857138,87.16666666666667,46.666666666666664,0.5872340425531914,53.0,120.0,-20.771428571428572,-3.3714285714285768,-24.142857142857157,214,-0.4793187347931874,0,0
231283452,excalidraw/excalidraw,TypeScript,2022-07-01,91,9,3,6,79,125,84,52,23,False,True,30,2.5,31,67.83333333333333,1.0,29.376294297726965,0,-4.200000000000006,10.333333333333334,2.581988897471643,0.3225806451612903,0.6774193548387096,0,-0.628571428571428,82.5,47.833333333333336,0.6034816247582205,-22.0,130.0,-5.542857142857146,-3.6000000000000045,-9.142857142857146,463,0.3498542274052478,0,0
231283452,excalidraw/excalidraw,TypeScript,2022-08-01,68,12,3,9,63,54,50,70,30,False,True,31,2.5833333333333335,32,67.83333333333333,1.0,29.376294297726965,0,-4.142857142857141,10.666666666666666,2.6583202716502816,0.28125,0.71875,0,-0.4571428571428572,74.66666666666667,50.833333333333336,0.6357758620689655,-16.0,150.0,-0.5428571428571337,2.114285714285713,1.571428571428558,347,-0.03611111111111111,0,0
231283452,excalidraw/excalidraw,TypeScript,2022-09-01,33,9,4,5,33,24,21,40,12,False,True,32,2.6666666666666665,33,55.333333333333336,1.0,24.402185694455028,0,-1.0857142857142847,10.166666666666666,2.6394443859772525,0.3114754098360656,0.6885245901639344,0,-0.42857142857142844,66.66666666666667,48.666666666666664,0.6625916870415648,-9.0,158.0,-17.371428571428574,0.45714285714286723,-16.914285714285725,172,-0.19626168224299065,0,0
231283452,excalidraw/excalidraw,TypeScript,2022-10-01,18,10,4,6,28,25,17,49,11,False,True,33,2.75,34,47.833333333333336,1.0,28.195153247795364,0,-4.885714285714285,9.833333333333334,2.483277404291925,0.3050847457627119,0.6949152542372882,0,-0.08571428571428592,58.833333333333336,50.833333333333336,0.6685393258426966,-3.0,189.0,-28.48571428571428,-2.314285714285717,-30.8,158,-0.6587473002159827,0,0
231283452,excalidraw/excalidraw,TypeScript,2022-11-01,61,11,4,7,50,56,39,69,43,False,True,34,2.8333333333333335,35,49.166666666666664,1.0,28.67344881012163,0,-1.9714285714285755,9.5,2.0736441353328154,0.3333333333333333,0.6666666666666666,0,0.7142857142857141,52.833333333333336,53.5,0.6948640483383686,-14.0,189.0,-19.085714285714285,5.628571428571426,-13.457142857142875,329,-0.05187319884726225,0,0
231283452,excalidraw/excalidraw,TypeScript,2022-12-01,43,9,2,7,52,41,32,55,24,False,True,35,2.9166666666666665,36,52.333333333333336,1.0,26.288146885367663,0,-7.885714285714284,10.0,1.26491106406742,0.3333333333333333,0.6666666666666666,0,-0.05714285714285649,50.833333333333336,55.833333333333336,0.7476923076923077,-20.0,192.0,-25.399999999999988,1.8285714285714287,-23.571428571428534,256,0.4883720930232558,0,0
231283452,excalidraw/excalidraw,TypeScript,2023-01-01,83,13,4,9,54,48,40,64,29,False,True,36,3.0,37,51.0,1.0,24.041630560342593,0,4.228571428571427,10.666666666666666,1.6329931618555025,0.328125,0.671875,0,0.1714285714285709,46.666666666666664,57.833333333333336,0.8024193548387096,32.0,198.0,2.5999999999999903,2.7999999999999945,5.400000000000002,331,1.0949367088607596,0,0
231283452,excalidraw/excalidraw,TypeScript,2023-02-01,64,16,7,9,53,39,35,61,29,False,True,37,3.0833333333333335,38,50.333333333333336,1.0,23.525872282801025,0,9.485714285714282,11.333333333333334,2.732520204255922,0.36764705882352944,0.6323529411764706,0,1.2,45.0,56.333333333333336,0.7896995708154506,37.0,190.0,12.599999999999993,7.314285714285718,19.9142857142857,297,-0.0972644376899696,0,0
231283452,excalidraw/excalidraw,TypeScript,2023-03-01,85,14,6,8,44,38,32,57,24,False,True,38,3.1666666666666665,39,59.0,1.0,25.3692727526825,0,10.971428571428568,12.166666666666666,2.639444385977249,0.3698630136986301,0.6301369863013698,0,1.1142857142857134,46.833333333333336,59.166666666666664,0.7894736842105263,34.0,195.0,5.2285714285714215,1.5142857142857074,6.742857142857134,294,0.1484375,0,0
231283452,excalidraw/excalidraw,TypeScript,2023-04-01,132,19,10,9,65,56,50,57,44,False,True,39,3.25,40,78.0,1.0,30.659419433511765,0,13.2,13.666666666666666,3.559026084010457,0.4024390243902439,0.5975609756097561,0,1.6571428571428573,53.0,60.5,0.8201438848920863,40.0,170.0,2.342857142857133,-1.485714285714286,0.8571428571428416,423,0.27794561933534745,0,0
231283452,excalidraw/excalidraw,TypeScript,2023-05-01,37,16,9,7,50,38,30,43,26,False,True,40,3.3333333333333335,41,74.0,1.0,34.629467220851076,0,3.942857142857146,14.5,3.391164991562654,0.4367816091954023,0.5632183908045977,0,1.4571428571428569,53.0,56.166666666666664,0.8423076923076923,58.0,161.0,1.1142857142857139,-0.9999999999999933,0.11428571428571681,240,-0.1919191919191919,0,0
231283452,excalidraw/excalidraw,TypeScript,2023-06-01,59,16,4,12,45,38,29,42,24,False,True,41,3.4166666666666665,42,76.66666666666667,1.0,32.302734662357395,0,-4.3999999999999995,15.666666666666666,2.065591117977321,0.425531914893617,0.574468085106383,0,0.5714285714285713,51.833333333333336,54.0,0.8404669260700389,54.0,148.0,-3.4285714285714275,-5.085714285714281,-8.514285714285707,253,-0.13945578231292516,0,0
231283452,excalidraw/excalidraw,TypeScript,2023-07-01,91,15,5,10,52,38,31,49,18,False,True,42,3.5,43,78.0,1.0,32.7780414302014,0,-1.0857142857142885,16.0,1.6733200530681904,0.4270833333333333,0.5729166666666666,0,-0.05714285714285649,51.5,51.5,0.8380566801619433,62.0,144.0,-2.542857142857143,-5.485714285714282,-8.028571428571423,294,-0.3049645390070922,0,0
231283452,excalidraw/excalidraw,TypeScript,2023-08-01,118,12,3,9,46,35,23,60,19,False,True,43,3.5833333333333335,44,87.0,1.0,35.468295701936384,0,1.8285714285714325,15.333333333333334,2.3380903889000533,0.40217391304347827,0.5978260869565217,0,-0.6285714285714294,50.333333333333336,51.333333333333336,0.8024691358024691,59.0,153.0,-5.885714285714282,-3.285714285714289,-9.171428571428596,313,0.30416666666666664,0,0
231283452,excalidraw/excalidraw,TypeScript,2023-09-01,127,14,4,10,44,36,27,61,18,False,True,44,3.6666666666666665,45,94.0,1.0,38.96665240946416,0,7.142857142857147,15.333333333333334,2.3380903889000533,0.3804347826086957,0.6195652173913043,0,-1.0857142857142852,50.333333333333336,52.0,0.7883817427385892,61.0,163.0,-10.08571428571428,-2.2571428571428513,-12.342857142857138,327,0.2924901185770751,0,0
231283452,excalidraw/excalidraw,TypeScript,2023-10-01,91,21,8,13,82,63,47,60,24,False,True,45,3.75,46,87.16666666666667,1.0,34.28362096784215,0,14.31428571428571,15.666666666666666,3.011090610836346,0.35106382978723405,0.648936170212766,0,0.4571428571428562,53.166666666666664,52.5,0.7540322580645161,71.0,186.0,9.657142857142853,3.599999999999997,13.257142857142851,388,0.3197278911564626,0,0
231283452,excalidraw/excalidraw,TypeScript,2023-11-01,107,16,9,7,67,58,47,71,37,False,True,46,3.8333333333333335,47,98.83333333333333,1.0,24.235648674352944,0,7.114285714285712,15.666666666666666,3.011090610836346,0.35106382978723405,0.648936170212766,0,0.5714285714285721,56.0,57.166666666666664,0.7611940298507462,68.0,203.0,14.742857142857138,7.457142857142851,22.199999999999985,403,0.28753993610223644,0,0
231283452,excalidraw/excalidraw,TypeScript,2023-12-01,50,14,3,11,67,35,26,59,11,False,True,47,3.9166666666666665,48,97.33333333333333,1.0,27.281251193203467,0,-7.828571428571428,15.333333333333334,3.076794869123842,0.34782608695652173,0.6521739130434783,0,0.39999999999999875,59.666666666666664,60.0,0.7584905660377359,93.0,233.0,9.25714285714285,3.0571428571428556,12.3142857142857,262,-0.19877675840978593,0,0
231283452,excalidraw/excalidraw,TypeScript,2024-01-01,52,13,4,9,63,51,40,68,8,False,True,48,4.0,49,90.83333333333333,1.0,33.114448004861345,0,-15.57142857142857,15.0,3.224903099319441,0.34444444444444444,0.6555555555555556,0,-4.790478147237153e-16,61.5,63.166666666666664,0.7553956834532374,91.0,262.0,8.371428571428574,-0.514285714285716,7.857142857142859,295,-0.23969072164948454,0,0
231283452,excalidraw/excalidraw,TypeScript,2024-02-01,53,10,3,7,38,37,25,58,13,False,True,49,4.083333333333333,50,80.0,1.0,33.08171700501652,0,-15.542857142857134,14.666666666666666,3.669695718539455,0.3522727272727273,0.6477272727272727,0,-1.3142857142857125,60.166666666666664,62.833333333333336,0.7571428571428571,81.0,266.0,-5.514285714285704,-2.9142857142857155,-8.428571428571406,234,-0.41935483870967744,0,0
231283452,excalidraw/excalidraw,TypeScript,2024-03-01,22,6,0,6,23,20,15,64,11,False,True,50,4.166666666666667,51,62.5,1.0,30.949959612251497,0,-14.428571428571429,13.333333333333334,5.1251016250087,0.3375,0.6625,0,-2.685714285714286,56.666666666666664,63.333333333333336,0.7575757575757576,76.0,276.0,-24.571428571428566,-4.285714285714292,-28.857142857142872,161,-0.38549618320610685,0,0
231283452,excalidraw/excalidraw,TypeScript,2024-04-01,42,13,4,9,43,36,28,82,47,False,True,51,4.25,52,54.333333333333336,1.0,28.274841585173654,0,-11.657142857142851,12.0,3.5213633723318227,0.3194444444444444,0.6805555555555556,0,-1.2000000000000017,50.166666666666664,67.0,0.7637130801687764,64.0,275.0,-16.828571428571422,3.2857142857142834,-13.542857142857127,291,-0.013559322033898305,0,0
231283452,excalidraw/excalidraw,TypeScript,2024-05-01,70,15,5,10,47,35,32,68,54,False,True,52,4.333333333333333,53,48.166666666666664,1.0,15.75330653122275,0,1.114285714285715,11.833333333333334,3.3115957885386336,0.2676056338028169,0.7323943661971831,0,0.028571428571428723,46.833333333333336,66.5,0.7757009345794392,67.0,255.0,-7.228571428571429,12.08571428571428,4.85714285714286,321,0.3717948717948718,0,0
231283452,excalidraw/excalidraw,TypeScript,2024-06-01,18,6,1,5,28,12,9,65,24,False,True,53,4.416666666666667,54,42.833333333333336,1.0,19.883829275737238,0,-2.828571428571423,10.5,3.8340579025361814,0.2698412698412698,0.7301587301587301,0,-0.371428571428571,40.333333333333336,67.5,0.7801047120418848,51.0,248.0,-12.399999999999986,7.771428571428574,-4.628571428571412,162,0.006211180124223602,0,0
231283452,excalidraw/excalidraw,TypeScript,2024-07-01,33,13,4,9,39,30,23,59,21,False,True,54,4.5,55,39.666666666666664,1.0,19.6434891673212,0,-2.400000000000003,10.5,3.8340579025361814,0.2698412698412698,0.7301587301587301,0,0.48571428571428565,36.333333333333336,66.0,0.7764705882352941,48.0,226.0,-1.7142857142857117,2.2857142857142843,0.5714285714285764,218,-0.2508591065292096,0,0
231283452,excalidraw/excalidraw,TypeScript,2024-08-01,59,13,5,8,65,56,46,75,26,False,True,55,4.583333333333333,56,40.666666666666664,1.0,20.58802240786291,0,3.0285714285714254,11.0,3.9496835316263184,0.2878787878787879,0.7121212121212122,0,0.7428571428571427,40.833333333333336,68.83333333333333,0.8095238095238095,56.0,230.0,12.428571428571425,-1.4285714285714295,10.999999999999995,340,0.059190031152647975,0,0
231283452,excalidraw/excalidraw,TypeScript,2024-09-01,57,13,4,9,47,41,32,65,14,False,True,56,4.666666666666667,57,46.5,1.0,19.149412523625852,0,1.6285714285714281,12.166666666666666,3.125166662222483,0.3150684931506849,0.684931506849315,0,0.028571428571428244,44.833333333333336,69.0,0.8095238095238095,59.0,228.0,7.628571428571428,-9.2,-1.571428571428562,269,0.6604938271604939,0,0
231283452,excalidraw/excalidraw,TypeScript,2024-10-01,50,11,3,8,61,44,17,97,79,False,True,57,4.75,58,47.833333333333336,1.0,19.05168409003953,0,1.228571428571426,11.833333333333334,3.1251666622224827,0.30985915492957744,0.6901408450704225,0,0.028571428571428005,47.833333333333336,71.5,0.7293577981651376,69.0,211.0,9.371428571428567,7.457142857142849,16.828571428571426,359,0.6467889908256881,0,0
231283452,excalidraw/excalidraw,TypeScript,2024-11-01,35,10,0,10,38,30,22,68,19,False,True,58,4.833333333333333,59,42.0,1.0,16.024980499208063,0,3.8285714285714247,11.0,2.7568097504180695,0.25757575757575757,0.7424242424242424,0,0.39999999999999925,46.333333333333336,71.5,0.6995305164319249,65.0,246.0,7.085714285714283,7.314285714285712,14.400000000000004,222,-0.34705882352941175,0,0
231283452,excalidraw/excalidraw,TypeScript,2024-12-01,32,9,1,8,32,25,11,49,26,False,True,59,4.916666666666667,60,44.333333333333336,1.0,12.45257670792135,0,-2.4000000000000012,11.5,1.7606816861659416,0.2463768115942029,0.7536231884057971,0,-0.8857142857142856,47.0,68.83333333333333,0.668141592920354,56.0,228.0,-9.971428571428572,0.8571428571428588,-9.11428571428571,184,-0.3159851301115242,0,0
231283452,excalidraw/excalidraw,TypeScript,2025-01-01,59,16,7,9,49,43,36,58,39,False,True,60,5.0,61,48.666666666666664,1.0,12.242004193213845,0,-2.5714285714285707,12.0,2.529822128134733,0.2777777777777778,0.7222222222222222,0,0.057142857142856246,48.666666666666664,68.66666666666667,0.6861924686192469,53.0,209.0,-10.942857142857145,-3.4571428571428586,-14.400000000000004,300,-0.16434540389972144,0,0
231283452,excalidraw/excalidraw,TypeScript,2025-02-01,33,10,3,7,38,29,18,73,52,False,True,61,5.083333333333333,62,44.333333333333336,1.0,12.45257670792135,0,-2.742857142857139,11.5,2.5884358211089844,0.2608695652173913,0.7391304347826086,0,-0.028571428571428244,44.166666666666664,68.33333333333333,0.6415094339622641,53.0,181.0,-5.1142857142857086,-0.542857142857149,-5.657142857142848,253,0.13963963963963963,0,0
231283452,excalidraw/excalidraw,TypeScript,2025-03-01,30,9,5,4,42,37,28,65,41,False,True,62,5.166666666666667,63,39.833333333333336,1.0,11.822295321411374,0,-2.257142857142861,10.833333333333334,2.6394443859772467,0.2923076923076923,0.7076923076923077,0,-0.08571428571428545,43.333333333333336,68.33333333333333,0.6346153846153846,52.0,154.0,-0.8571428571428588,-6.114285714285711,-6.971428571428568,252,0.3695652173913043,0,0
231283452,excalidraw/excalidraw,TypeScript,2025-04-01,55,13,7,6,58,29,23,74,55,False,True,63,5.25,64,40.666666666666664,1.0,12.816655830077723,0,1.9428571428571415,11.166666666666666,2.786873995477156,0.34328358208955223,0.6567164179104478,0,0.2571428571428573,42.833333333333336,64.5,0.7150259067357513,64.0,155.0,4.971428571428576,9.45714285714285,14.428571428571427,307,0.023333333333333334,0,0
231283452,excalidraw/excalidraw,TypeScript,2025-05-01,74,14,7,7,66,52,38,66,41,False,True,64,5.333333333333333,65,47.166666666666664,1.0,18.14846182646522,0,5.571428571428567,11.833333333333334,2.92688685580205,0.4225352112676056,0.5774647887323944,0,0.4285714285714277,47.5,64.16666666666667,0.7162790697674418,70.0,131.0,11.657142857142851,6.771428571428571,18.42857142857143,351,0.38735177865612647,0,0
231283452,excalidraw/excalidraw,TypeScript,2025-06-01,70,11,5,6,48,40,23,53,14,False,True,65,5.416666666666667,66,53.5,1.0,18.425525772688243,0,5.8,12.166666666666666,2.6394443859772485,0.4657534246575342,0.5342465753424658,0,-0.2571428571428573,50.166666666666664,64.83333333333333,0.7217391304347827,71.0,147.0,3.7428571428571447,-5.171428571428566,-1.4285714285714333,259,0.027777777777777776,0,0
231283452,excalidraw/excalidraw,TypeScript,2025-07-01,32,10,2,8,38,22,14,59,19,False,True,66,5.5,67,49.0,1.0,20.039960079800526,0,3.8285714285714287,11.166666666666666,1.9407902170679878,0.43283582089552236,0.5671641791044776,0,0.20000000000000082,48.333333333333336,65.0,0.6889952153110048,81.0,168.0,0.08571428571428186,-10.685714285714282,-10.600000000000009,194,-0.36807817589576547,0,0
231283452,excalidraw/excalidraw,TypeScript,2025-08-01,40,7,0,7,51,29,16,58,14,False,True,67,5.583333333333333,68,50.166666666666664,1.0,19.104100781420343,0,-0.6571428571428573,10.666666666666666,2.581988897471638,0.40625,0.59375,0,-0.628571428571428,50.5,62.5,0.6794258373205742,94.0,191.0,-5.942857142857151,-10.371428571428574,-16.314285714285695,215,-0.38746438746438744,0,0
231283452,excalidraw/excalidraw,TypeScript,2025-09-01,30,15,7,8,38,30,23,64,20,False,True,68,5.666666666666667,69,50.166666666666664,1.0,19.104100781420343,0,-7.571428571428575,11.666666666666666,2.9439202887759737,0.4,0.6,0,-0.3428571428571418,49.833333333333336,62.333333333333336,0.6782178217821783,97.0,211.0,-8.914285714285713,-9.114285714285714,-18.028571428571425,220,-0.15057915057915058,0,0
231283452,excalidraw/excalidraw,TypeScript,2025-10-01,17,11,2,9,128,40,12,89,37,False,True,69,5.75,70,43.833333333333336,1.0,23.068737864622445,0,-11.342857142857138,11.333333333333334,2.8751811537130685,0.3382352941176471,0.6617647058823529,0,-0.17142857142857112,61.5,64.83333333333333,0.5915492957746479,156.0,244.0,2.3428571428571408,3.9999999999999982,6.342857142857137,334,0.7216494845360825,0,0
231283452,excalidraw/excalidraw,TypeScript,2025-11-01,23,7,1,6,86,43,18,56,20,False,True,70,5.833333333333333,71,35.333333333333336,1.0,18.715412543320156,0,-8.285714285714285,10.166666666666666,2.9944392908634505,0.2786885245901639,0.7213114754098361,0,-0.257142857142858,64.83333333333333,63.166666666666664,0.5196078431372549,185.0,255.0,14.08571428571428,5.742857142857144,19.828571428571433,253,0.17674418604651163,0,0
231283452,excalidraw/excalidraw,TypeScript,2025-12-01,21,8,1,7,87,37,15,68,17,False,True,71,5.916666666666667,72,27.166666666666668,1.0,8.424171571535416,0,-3.399999999999998,9.666666666666666,3.076794869123842,0.22413793103448276,0.7758620689655172,0,-0.4000000000000004,71.33333333333333,65.66666666666667,0.48756218905472637,227.0,267.0,16.199999999999992,2.5428571428571454,18.742857142857133,253,0.15,0,0
231283452,excalidraw/excalidraw,TypeScript,2026-01-01,47,11,3,8,81,57,38,54,19,False,True,72,6.0,73,29.666666666666668,1.0,11.724617975297338,0,0.3999999999999983,9.833333333333334,3.125166662222481,0.23728813559322035,0.7627118644067796,0,-0.14285714285714313,78.5,64.83333333333333,0.5169491525423728,235.0,262.0,14.6,-1.2000000000000053,13.399999999999991,307,-0.08083832335329341,0,0
231283452,excalidraw/excalidraw,TypeScript,2026-02-01,44,6,0,6,87,49,24,44,18,False,True,73,6.083333333333333,74,30.333333333333332,1.0,12.516655570345677,0,4.514285714285713,9.666666666666666,3.32665998663326,0.2413793103448276,0.7586206896551724,0,-1.257142857142857,84.5,62.5,0.5078125,251.0,244.0,9.285714285714278,-7.428571428571427,1.8571428571428463,272,0.07509881422924901,0,0
231283452,excalidraw/excalidraw,TypeScript,2026-03-01,87,8,3,5,146,75,27,62,44,False,True,74,6.166666666666667,75,39.833333333333336,1.0,26.2786351751126,0,12.542857142857137,8.5,2.0736441353328043,0.19607843137254902,0.803921568627451,0,-0.42857142857142866,102.5,62.166666666666664,0.44518272425249167,314.0,218.0,11.885714285714291,-4.400000000000011,7.485714285714286,449,0.7747035573122529,0,0
231283452,excalidraw/excalidraw,TypeScript,2026-04-01,74,8,2,6,109,35,7,51,10,False,True,75,6.25,76,49.333333333333336,1.0,26.67333250020824,0,12.857142857142852,8.0,1.6733200530681913,0.20833333333333334,0.7916666666666666,0,-4.790478147237153e-16,99.33333333333333,55.833333333333336,0.4358108108108108,300.0,207.0,9.457142857142857,-0.6571428571428544,8.799999999999986,294,-0.04234527687296417,0,0
231283452,excalidraw/excalidraw,TypeScript,2026-05-01,29,8,3,5,108,55,15,46,10,False,True,76,6.333333333333333,77,50.333333333333336,1.0,25.57863691963794,0,4.6857142857142815,8.166666666666666,1.602081978759764,0.24489795918367346,0.7551020408163265,0,-0.20000000000000082,103.0,54.166666666666664,0.4090909090909091,310.0,207.0,5.942857142857144,-3.91428571428572,2.028571428571433,271,-0.003676470588235294,0,0
231283452,excalidraw/excalidraw,TypeScript,2026-06-01,57,11,5,6,117,63,19,40,21,False,True,77,6.416666666666667,78,56.333333333333336,1.0,21.16286055018709,0,-0.22857142857142787,8.666666666666666,1.9663841605003847,0.3076923076923077,0.6923076923076923,0,0.17142857142857112,108.0,49.5,0.38922155688622756,314.0,175.0,2.057142857142849,-3.514285714285717,-1.457142857142849,328,-0.26948775055679286,0,0
231283452,excalidraw/excalidraw,TypeScript,2026-07-01,82,12,5,7,137,89,38,56,19,False,True,78,6.5,79,62.166666666666664,1.0,22.833454987510432,0,1.5714285714285676,8.833333333333334,2.228601953392934,0.33962264150943394,0.660377358490566,0,1.1142857142857134,117.33333333333333,49.833333333333336,0.3551912568306011,338.0,177.0,11.428571428571416,-2.142857142857144,9.2857142857143,433,0.47278911564625853,0,0
231283452,excalidraw/excalidraw,TypeScript,2026-08-01,53,9,4,5,161,46,23,47,9,False,True,79,6.583333333333333,80,63.666666666666664,1.0,21.66717948111071,0,-3.3714285714285785,9.333333333333334,1.7511900715418656,0.39285714285714285,0.6071428571428571,0,0.5714285714285712,129.66666666666666,50.333333333333336,0.35537190082644626,415.0,189.0,7.714285714285708,-5.799999999999995,1.9142857142857161,348,0.28413284132841327,0,0
240673792,lyhue1991/eat_tensorflow2_in_30_days,Python,2020-02-01,40,1,1,0,0,0,0,1,1,False,True,0,0.0,1,40.0,1.0,0.0,0,,1.0,0.0,1.0,0.0,0,,0.0,1.0,,0.0,0.0,,,,43,,0,0
240673792,lyhue1991/eat_tensorflow2_in_30_days,Python,2020-03-01,70,1,0,1,0,0,0,5,2,False,True,1,0.08333333333333333,2,55.0,1.0,21.213203435596427,0,,1.0,0.0,0.5,0.5,0,,0.0,3.0,,0.0,3.0,,,,78,,0,0
240673792,lyhue1991/eat_tensorflow2_in_30_days,Python,2020-04-01,126,2,1,1,8,8,7,22,17,False,True,2,0.16666666666666666,3,78.66666666666667,1.0,43.65012409298894,0,42.99999999999999,1.3333333333333333,0.5773502691896258,0.5,0.5,0,0.4999999999999998,2.6666666666666665,9.333333333333334,0.875,0.0,8.0,11.5,18.499999999999993,29.999999999999996,190,,0,0
240673792,lyhue1991/eat_tensorflow2_in_30_days,Python,2020-05-01,8,1,0,1,3,2,1,8,8,False,True,3,0.25,4,61.0,1.0,50.18631951704236,0,-3.9999999999999902,1.25,0.5,0.4,0.6,0,0.10000000000000005,2.75,9.0,0.8,1.0,8.0,4.1,7.4,11.500000000000002,31,-0.27906976744186046,0,0
240673792,lyhue1991/eat_tensorflow2_in_30_days,Python,2020-06-01,16,3,2,1,10,10,6,3,2,False,True,4,0.3333333333333333,5,52.0,1.0,47.89572005931219,0,-11.00000000000001,1.6,0.8944271909999159,0.5,0.5,0,0.3999999999999998,4.2,7.8,0.7,1.0,9.0,5.800000000000001,1.4999999999999993,7.300000000000001,50,-0.358974358974359,0,0
240673792,lyhue1991/eat_tensorflow2_in_30_days,Python,2020-07-01,0,0,0,0,2,0,0,2,1,False,True,5,0.4166666666666667,6,43.333333333333336,1.0,47.810737984961776,1,-13.714285714285714,1.3333333333333333,1.0327955589886446,0.5,0.5,1,2.994048842023221e-17,3.8333333333333335,6.833333333333333,0.7,3.0,10.0,2.028571428571428,-0.6857142857142847,1.3428571428571432,5,-0.9736842105263158,0,0
240673792,lyhue1991/eat_tensorflow2_in_30_days,Python,2020-08-01,5,1,0,1,0,0,0,0,2,False,True,6,0.5,7,37.5,1.0,50.36566290638891,0,-19.857142857142858,1.3333333333333333,1.0327955589886446,0.375,0.625,0,-0.11428571428571435,3.8333333333333335,6.666666666666667,0.7,3.0,8.0,-1.228571428571429,-4.114285714285711,-5.342857142857143,8,-0.7419354838709677,0,0
240673792,lyhue1991/eat_tensorflow2_in_30_days,Python,2020-09-01,8,3,2,1,2,2,1,4,1,False,True,7,0.5833333333333334,8,27.166666666666668,1.0,48.69668024277083,0,-17.57142857142857,1.6666666666666667,1.2110601416389966,0.5,0.5,0,0.057142857142857176,4.166666666666667,6.5,0.6818181818181818,3.0,8.0,-3.77142857142857,-6.114285714285716,-9.885714285714283,21,-0.58,0,0
240673792,lyhue1991/eat_tensorflow2_in_30_days,Python,2020-10-01,3,2,1,1,1,3,2,6,6,False,True,8,0.6666666666666666,9,6.666666666666667,1.0,5.501514942874115,0,-1.2571428571428567,1.6666666666666667,1.2110601416389966,0.5,0.5,0,0.17142857142857149,3.0,3.8333333333333335,0.5882352941176471,1.0,3.0,-1.8571428571428574,-0.6000000000000003,-2.4571428571428573,23,3.6,0,0
240673792,lyhue1991/eat_tensorflow2_in_30_days,Python,2020-11-01,0,0,0,0,0,0,0,0,1,False,True,9,0.75,10,5.333333333333333,1.0,6.055300708195026,1,-1.9428571428571426,1.5,1.378404875209022,0.5555555555555556,0.4444444444444444,1,-0.1999999999999998,2.5,2.5,0.6,0.0,2.0,-3.2285714285714273,0.2857142857142854,-2.9428571428571426,1,-0.875,0,0
240673792,lyhue1991/eat_tensorflow2_in_30_days,Python,2020-12-01,2,1,0,1,0,0,0,3,1,False,True,10,0.8333333333333334,11,3.0,1.0,3.0983866769660193,0,-0.28571428571428586,1.1666666666666667,1.1690451944500122,0.42857142857142855,0.5714285714285714,0,0.028571428571428543,0.8333333333333334,2.5,0.6,0.0,3.0,-0.2571428571428572,0.25714285714285695,0.0,7,-0.6666666666666666,0,0
240673792,lyhue1991/eat_tensorflow2_in_30_days,Python,2021-01-01,1,1,0,1,1,0,0,5,1,False,True,11,0.9166666666666666,12,3.1666666666666665,1.0,2.9268868558021164,0,-1.1714285714285708,1.3333333333333333,1.0327955589886444,0.375,0.625,0,-0.22857142857142843,0.6666666666666666,3.0,0.6,-1.0,6.0,-0.457142857142857,0.17142857142857112,-0.2857142857142853,9,-0.6086956521739131,0,0
240673792,lyhue1991/eat_tensorflow2_in_30_days,Python,2021-02-01,0,0,0,0,2,2,0,2,0,False,True,12,1.0,13,2.3333333333333335,1.0,3.011090610836413,1,-1.2571428571428571,1.1666666666666667,1.1690451944500122,0.42857142857142855,0.5714285714285714,1,-0.48571428571428554,1.0,3.3333333333333335,0.42857142857142855,-1.0,10.0,-0.5714285714285716,-0.857142857142857,-1.4285714285714288,6,5.0,0,0
240673792,lyhue1991/eat_tensorflow2_in_30_days,Python,2021-03-01,0,0,0,0,0,0,0,1,0,False,True,13,1.0833333333333333,14,1.0,1.0,1.264911064067566,2,-0.45714285714285696,0.6666666666666666,0.8164965809277259,0.25,0.75,2,-0.2857142857142857,0.6666666666666666,2.8333333333333335,0.4,-1.0,8.0,-0.48571428571428515,-1.4285714285714288,-1.914285714285714,1,-0.8571428571428571,0,0
240673792,lyhue1991/eat_tensorflow2_in_30_days,Python,2021-04-01,0,0,0,0,0,0,0,0,0,False,False,14,1.1666666666666667,15,0.5,0.9166666666666666,0.8366600265344007,3,-0.20000000000000004,0.3333333333333333,0.516397779494322,0.0,1.0,3,-0.11428571428571425,0.5,1.8333333333333333,0.0,1.0,8.0,0.08571428571428565,-0.514285714285714,-0.4285714285714285,0,-1.0,1,1
240673792,lyhue1991/eat_tensorflow2_in_30_days,Python,2021-05-01,3,1,0,1,0,0,0,1,0,False,True,15,1.25,16,1.0,0.9166666666666666,1.264911064067566,0,0.05714285714285701,0.5,0.5477225575051659,0.0,1.0,0,-0.08571428571428572,0.5,2.0,0.0,1.0,10.0,-0.20000000000000004,-0.9714285714285712,-1.1714285714285713,5,-0.16666666666666666,0,1
240673792,lyhue1991/eat_tensorflow2_in_30_days,Python,2021-06-01,0,0,0,0,0,0,0,0,0,False,False,16,1.3333333333333333,17,0.6666666666666666,0.8333333333333334,1.211060141639221,1,0.11428571428571437,0.3333333333333333,0.516397779494322,0.0,1.0,1,-0.0571428571428571,0.5,1.5,0.0,1.0,8.0,-0.48571428571428565,-0.9714285714285713,-1.4571428571428566,0,-1.0,1,1
240673792,lyhue1991/eat_tensorflow2_in_30_days,Python,2021-07-01,0,0,0,0,1,0,0,1,0,False,True,17,1.4166666666666667,18,0.5,0.8333333333333334,1.2247448713918112,2,0.08571428571428569,0.16666666666666666,0.4082482904638625,0.0,1.0,2,0.028571428571428564,0.5,0.8333333333333334,0.0,1.0,5.0,-0.42857142857142855,-0.20000000000000004,-0.6285714285714284,2,,0,1
240673792,lyhue1991/eat_tensorflow2_in_30_days,Python,2021-08-01,0,0,0,0,0,0,0,1,0,False,True,18,1.5,19,0.5,0.8333333333333334,1.2247448713918112,3,-0.08571428571428569,0.16666666666666666,0.4082482904638625,0.0,1.0,3,-0.028571428571428584,0.16666666666666666,0.6666666666666666,,1.0,4.0,0.08571428571428572,0.057142857142857155,0.14285714285714282,1,-0.8,0,1
240673792,lyhue1991/eat_tensorflow2_in_30_days,Python,2021-09-01,0,0,0,0,1,1,0,1,0,False,True,19,1.5833333333333333,20,0.5,0.8333333333333334,1.2247448713918112,4,-0.2571428571428571,0.16666666666666666,0.4082482904638625,0.0,1.0,4,-0.08571428571428574,0.3333333333333333,0.6666666666666666,0.0,1.0,4.0,0.3142857142857142,0.17142857142857137,0.48571428571428554,3,,0,1
240673792,lyhue1991/eat_tensorflow2_in_30_days,Python,2021-10-01,0,0,0,0,0,0,0,0,0,False,False,20,1.6666666666666667,21,0.5,0.75,1.2247448713918112,5,-0.42857142857142866,0.16666666666666666,0.4082482904638625,0.0,1.0,5,-0.1428571428571428,0.3333333333333333,0.6666666666666666,0.0,1.0,4.0,0.14285714285714285,-0.05714285714285711,0.08571428571428572,0,-1.0,1,1
240673792,lyhue1991/eat_tensorflow2_in_30_days,Python,2021-11-01,0,0,0,0,0,1,0,0,0,False,True,21,1.75,22,0.0,0.75,0.0,6,0.0,0.0,0.0,,,6,0.0,0.3333333333333333,0.5,0.0,0.0,3.0,0.11428571428571421,-0.08571428571428569,0.02857142857142842,1,0.0,0,1
240673792,lyhue1991/eat_tensorflow2_in_30_days,Python,2021-12-01,0,0,0,0,0,0,0,0,0,False,False,22,1.8333333333333333,23,0.0,0.6666666666666666,0.0,7,0.0,0.0,0.0,,,7,0.0,0.3333333333333333,0.5,0.0,0.0,3.0,-0.1142857142857143,-0.2571428571428571,-0.3714285714285712,0,-1.0,1,1
240673792,lyhue1991/eat_tensorflow2_in_30_days,Python,2022-01-01,2,1,0,1,0,0,0,0,0,False,True,23,1.9166666666666667,24,0.3333333333333333,0.6666666666666666,0.8164965809280598,0,0.28571428571428553,0.16666666666666666,0.4082482904638625,0.0,1.0,0,0.14285714285714277,0.16666666666666666,0.3333333333333333,0.0,-1.0,2.0,-0.14285714285714282,-0.2285714285714285,-0.37142857142857133,3,,0,1
240673792,lyhue1991/eat_tensorflow2_in_30_days,Python,2022-02-01,0,0,0,0,0,0,0,0,0,False,False,24,2.0,25,0.3333333333333333,0.5833333333333334,0.8164965809280598,1,0.17142857142857143,0.16666666666666666,0.4082482904638625,0.0,1.0,1,0.08571428571428572,0.16666666666666666,0.16666666666666666,0.0,-1.0,1.0,-0.31428571428571417,-0.1428571428571428,-0.457142857142857,0,-1.0,1,1
240673792,lyhue1991/eat_tensorflow2_in_30_days,Python,2022-03-01,0,0,0,0,0,0,0,0,0,False,False,25,2.0833333333333335,26,0.3333333333333333,0.5,0.8164965809280598,2,0.05714285714285713,0.16666666666666666,0.4082482904638625,0.0,1.0,2,0.028571428571428564,0.0,0.0,0.0,-1.0,0.0,-0.08571428571428574,0.0,-0.08571428571428574,0,0.0,2,2
240673792,lyhue1991/eat_tensorflow2_in_30_days,Python,2022-04-01,0,0,0,0,0,0,0,0,0,False,False,26,2.1666666666666665,27,0.3333333333333333,0.5,0.8164965809280598,3,-0.05714285714285717,0.16666666666666666,0.4082482904638625,0.0,1.0,3,-0.028571428571428584,0.0,0.0,0.0,-1.0,0.0,-0.1428571428571428,0.0,-0.1428571428571428,0,-1.0,3,3
240673792,lyhue1991/eat_tensorflow2_in_30_days,Python,2022-05-01,0,0,0,0,0,0,0,0,0,False,False,27,2.25,28,0.3333333333333333,0.4166666666666667,0.8164965809280598,4,-0.17142857142857149,0.16666666666666666,0.4082482904638625,0.0,1.0,4,-0.08571428571428574,0.0,0.0,,0.0,0.0,0.0,0.0,0.0,0,0.0,4,4
240673792,lyhue1991/eat_tensorflow2_in_30_days,Python,2022-06-01,0,0,0,0,0,0,0,0,0,False,False,28,2.3333333333333335,29,0.3333333333333333,0.4166666666666667,0.8164965809280598,5,-0.2857142857142856,0.16666666666666666,0.4082482904638625,0.0,1.0,5,-0.1428571428571428,0.0,0.0,,0.0,0.0,0.0,0.0,0.0,0,0.0,5,5
240673792,lyhue1991/eat_tensorflow2_in_30_days,Python,2022-07-01,0,0,0,0,0,0,0,0,0,False,False,29,2.4166666666666665,30,0.0,0.3333333333333333,0.0,6,0.0,0.0,0.0,,,6,0.0,0.0,0.0,,0.0,0.0,0.0,0.0,0.0,0,0.0,6,6
240673792,lyhue1991/eat_tensorflow2_in_30_days,Python,2022-08-01,0,0,0,0,0,0,0,0,0,False,False,30,2.5,31,0.0,0.25,0.0,7,0.0,0.0,0.0,,,7,0.0,0.0,0.0,,0.0,0.0,0.0,0.0,0.0,0,0.0,7,7
240673792,lyhue1991/eat_tensorflow2_in_30_days,Python,2022-09-01,1,1,0,1,0,0,0,0,0,False,True,31,2.5833333333333335,32,0.16666666666666666,0.25,0.4082482904645313,0,0.14285714285714277,0.16666666666666666,0.4082482904638625,0.0,1.0,0,0.14285714285714277,0.0,0.0,,0.0,0.0,0.0,0.0,0.0,2,,0,7
240673792,lyhue1991/eat_tensorflow2_in_30_days,Python,2022-10-01,0,0,0,0,0,0,0,1,0,False,True,32,2.6666666666666665,33,0.16666666666666666,0.3333333333333333,0.4082482904645313,1,0.08571428571428572,0.16666666666666666,0.4082482904638625,0.0,1.0,1,0.08571428571428572,0.0,0.16666666666666666,,0.0,1.0,0.0,0.14285714285714277,0.14285714285714277,1,,0,7
240673792,lyhue1991/eat_tensorflow2_in_30_days,Python,2022-11-01,0,0,0,0,0,0,0,0,0,False,False,33,2.75,34,0.16666666666666666,0.25,0.4082482904645313,2,0.028571428571428564,0.16666666666666666,0.4082482904638625,0.0,1.0,2,0.028571428571428564,0.0,0.16666666666666666,,0.0,1.0,0.0,0.08571428571428572,0.08571428571428572,0,0.0,1,7
240673792,lyhue1991/eat_tensorflow2_in_30_days,Python,2022-12-01,0,0,0,0,0,0,0,0,0,False,False,34,2.8333333333333335,35,0.16666666666666666,0.25,0.4082482904645313,3,-0.028571428571428584,0.16666666666666666,0.4082482904638625,0.0,1.0,3,-0.028571428571428584,0.0,0.16666666666666666,,0.0,1.0,0.0,0.028571428571428564,0.028571428571428564,0,-1.0,2,7
240673792,lyhue1991/eat_tensorflow2_in_30_days,Python,2023-01-01,0,0,0,0,0,0,0,0,0,False,False,35,2.9166666666666665,36,0.16666666666666666,0.16666666666666666,0.4082482904645313,4,-0.08571428571428574,0.16666666666666666,0.4082482904638625,0.0,1.0,4,-0.08571428571428574,0.0,0.16666666666666666,,0.0,1.0,0.0,-0.028571428571428584,-0.028571428571428584,0,-1.0,3,7
240673792,lyhue1991/eat_tensorflow2_in_30_days,Python,2023-02-01,0,0,0,0,0,0,0,0,0,False,False,36,3.0,37,0.16666666666666666,0.16666666666666666,0.4082482904645313,5,-0.1428571428571428,0.16666666666666666,0.4082482904638625,0.0,1.0,5,-0.1428571428571428,0.0,0.16666666666666666,,0.0,1.0,0.0,-0.08571428571428574,-0.08571428571428574,0,0.0,4,7
240673792,lyhue1991/eat_tensorflow2_in_30_days,Python,2023-03-01,0,0,0,0,0,0,0,0,0,False,False,37,3.0833333333333335,38,0.0,0.16666666666666666,0.0,6,0.0,0.0,0.0,,,6,0.0,0.0,0.16666666666666666,,0.0,1.0,0.0,-0.1428571428571428,-0.1428571428571428,0,0.0,5,7
240673792,lyhue1991/eat_tensorflow2_in_30_days,Python,2023-04-01,0,0,0,0,0,0,0,1,0,False,True,38,3.1666666666666665,39,0.0,0.25,0.0,7,0.0,0.0,0.0,,,7,0.0,0.0,0.16666666666666666,,0.0,1.0,0.0,0.14285714285714277,0.14285714285714277,1,,0,7
240673792,lyhue1991/eat_tensorflow2_in_30_days,Python,2023-05-01,0,0,0,0,0,0,0,0,0,False,False,39,3.25,40,0.0,0.25,0.0,8,0.0,0.0,0.0,,,8,0.0,0.0,0.16666666666666666,,0.0,1.0,0.0,0.08571428571428572,0.08571428571428572,0,0.0,1,7
240673792,lyhue1991/eat_tensorflow2_in_30_days,Python,2023-06-01,0,0,0,0,0,0,0,0,0,False,False,40,3.3333333333333335,41,0.0,0.25,0.0,9,0.0,0.0,0.0,,,9,0.0,0.0,0.16666666666666666,,0.0,1.0,0.0,0.028571428571428564,0.028571428571428564,0,0.0,2,7
240673792,lyhue1991/eat_tensorflow2_in_30_days,Python,2023-07-01,0,0,0,0,0,0,0,0,0,False,False,41,3.4166666666666665,42,0.0,0.25,0.0,10,0.0,0.0,0.0,,,10,0.0,0.0,0.16666666666666666,,0.0,1.0,0.0,-0.028571428571428584,-0.028571428571428584,0,-1.0,3,7
240673792,lyhue1991/eat_tensorflow2_in_30_days,Python,2023-08-01,0,0,0,0,0,0,0,0,0,False,False,42,3.5,43,0.0,0.25,0.0,11,0.0,0.0,0.0,,,11,0.0,0.0,0.16666666666666666,,0.0,1.0,0.0,-0.08571428571428574,-0.08571428571428574,0,0.0,4,7
240673792,lyhue1991/eat_tensorflow2_in_30_days,Python,2023-09-01,0,0,0,0,0,0,0,0,0,False,False,43,3.5833333333333335,44,0.0,0.16666666666666666,0.0,12,0.0,0.0,0.0,,,12,0.0,0.0,0.16666666666666666,,0.0,1.0,0.0,-0.1428571428571428,-0.1428571428571428,0,0.0,5,7
240673792,lyhue1991/eat_tensorflow2_in_30_days,Python,2023-10-01,0,0,0,0,0,0,0,0,0,False,False,44,3.6666666666666665,45,0.0,0.08333333333333333,0.0,13,0.0,0.0,0.0,,,13,0.0,0.0,0.0,,0.0,0.0,0.0,0.0,0.0,0,0.0,6,7
240673792,lyhue1991/eat_tensorflow2_in_30_days,Python,2023-11-01,0,0,0,0,0,0,0,0,0,False,False,45,3.75,46,0.0,0.08333333333333333,0.0,14,0.0,0.0,0.0,,,14,0.0,0.0,0.0,,0.0,0.0,0.0,0.0,0.0,0,0.0,7,7
240673792,lyhue1991/eat_tensorflow2_in_30_days,Python,2023-12-01,0,0,0,0,0,0,0,0,0,False,False,46,3.8333333333333335,47,0.0,0.08333333333333333,0.0,15,0.0,0.0,0.0,,,15,0.0,0.0,0.0,,0.0,0.0,0.0,0.0,0.0,0,0.0,8,8
240673792,lyhue1991/eat_tensorflow2_in_30_days,Python,2024-01-01,0,0,0,0,0,0,0,0,0,False,False,47,3.9166666666666665,48,0.0,0.08333333333333333,0.0,16,0.0,0.0,0.0,,,16,0.0,0.0,0.0,,0.0,0.0,0.0,0.0,0.0,0,0.0,9,9
240673792,lyhue1991/eat_tensorflow2_in_30_days,Python,2024-02-01,0,0,0,0,0,0,0,0,0,False,False,48,4.0,49,0.0,0.08333333333333333,0.0,17,0.0,0.0,0.0,,,17,0.0,0.0,0.0,,0.0,0.0,0.0,0.0,0.0,0,0.0,10,10
240673792,lyhue1991/eat_tensorflow2_in_30_days,Python,2024-03-01,0,0,0,0,0,0,0,0,0,False,False,49,4.083333333333333,50,0.0,0.08333333333333333,0.0,18,0.0,0.0,0.0,,,18,0.0,0.0,0.0,,0.0,0.0,0.0,0.0,0.0,0,0.0,11,11
240673792,lyhue1991/eat_tensorflow2_in_30_days,Python,2024-04-01,0,0,0,0,0,0,0,0,0,False,False,50,4.166666666666667,51,0.0,0.0,0.0,19,0.0,0.0,0.0,,,19,0.0,0.0,0.0,,0.0,0.0,0.0,0.0,0.0,0,0.0,12,12
240673792,lyhue1991/eat_tensorflow2_in_30_days,Python,2024-05-01,0,0,0,0,0,0,0,0,0,False,False,51,4.25,52,0.0,0.0,0.0,20,0.0,0.0,0.0,,,20,0.0,0.0,0.0,,0.0,0.0,0.0,0.0,0.0,0,0.0,13,13
240673792,lyhue1991/eat_tensorflow2_in_30_days,Python,2024-06-01,0,0,0,0,0,0,0,0,0,False,False,52,4.333333333333333,53,0.0,0.0,0.0,21,0.0,0.0,0.0,,,21,0.0,0.0,0.0,,0.0,0.0,0.0,0.0,0.0,0,0.0,14,14
240673792,lyhue1991/eat_tensorflow2_in_30_days,Python,2024-07-01,0,0,0,0,0,0,0,0,0,False,False,53,4.416666666666667,54,0.0,0.0,0.0,22,0.0,0.0,0.0,,,22,0.0,0.0,0.0,,0.0,0.0,0.0,0.0,0.0,0,0.0,15,15
240673792,lyhue1991/eat_tensorflow2_in_30_days,Python,2024-08-01,0,0,0,0,0,0,0,0,0,False,False,54,4.5,55,0.0,0.0,0.0,23,0.0,0.0,0.0,,,23,0.0,0.0,0.0,,0.0,0.0,0.0,0.0,0.0,0,0.0,16,16
240673792,lyhue1991/eat_tensorflow2_in_30_days,Python,2024-09-01,0,0,0,0,0,0,0,0,0,False,False,55,4.583333333333333,56,0.0,0.0,0.0,24,0.0,0.0,0.0,,,24,0.0,0.0,0.0,,0.0,0.0,0.0,0.0,0.0,0,0.0,17,17
240673792,lyhue1991/eat_tensorflow2_in_30_days,Python,2024-10-01,0,0,0,0,0,0,0,0,0,False,False,56,4.666666666666667,57,0.0,0.0,0.0,25,0.0,0.0,0.0,,,25,0.0,0.0,0.0,,0.0,0.0,0.0,0.0,0.0,0,0.0,18,18
240673792,lyhue1991/eat_tensorflow2_in_30_days,Python,2024-11-01,0,0,0,0,0,0,0,0,0,False,False,57,4.75,58,0.0,0.0,0.0,26,0.0,0.0,0.0,,,26,0.0,0.0,0.0,,0.0,0.0,0.0,0.0,0.0,0,0.0,19,19
240673792,lyhue1991/eat_tensorflow2_in_30_days,Python,2024-12-01,0,0,0,0,0,0,0,0,0,False,False,58,4.833333333333333,59,0.0,0.0,0.0,27,0.0,0.0,0.0,,,27,0.0,0.0,0.0,,0.0,0.0,0.0,0.0,0.0,0,0.0,20,20
240673792,lyhue1991/eat_tensorflow2_in_30_days,Python,2025-01-01,0,0,0,0,0,0,0,0,0,False,False,59,4.916666666666667,60,0.0,0.0,0.0,28,0.0,0.0,0.0,,,28,0.0,0.0,0.0,,0.0,0.0,0.0,0.0,0.0,0,0.0,21,21
240673792,lyhue1991/eat_tensorflow2_in_30_days,Python,2025-02-01,0,0,0,0,1,0,0,0,0,False,True,60,5.0,61,0.0,0.08333333333333333,0.0,29,0.0,0.0,0.0,,,29,0.0,0.16666666666666666,0.0,,1.0,0.0,0.14285714285714277,0.0,0.14285714285714277,1,,0,21
240673792,lyhue1991/eat_tensorflow2_in_30_days,Python,2025-03-01,0,0,0,0,0,0,0,0,0,False,False,61,5.083333333333333,62,0.0,0.08333333333333333,0.0,30,0.0,0.0,0.0,,,30,0.0,0.16666666666666666,0.0,,1.0,0.0,0.08571428571428572,0.0,0.08571428571428572,0,0.0,1,21
240673792,lyhue1991/eat_tensorflow2_in_30_days,Python,2025-04-01,0,0,0,0,0,0,0,0,0,False,False,62,5.166666666666667,63,0.0,0.08333333333333333,0.0,31,0.0,0.0,0.0,,,31,0.0,0.16666666666666666,0.0,,1.0,0.0,0.028571428571428564,0.0,0.028571428571428564,0,0.0,2,21
240673792,lyhue1991/eat_tensorflow2_in_30_days,Python,2025-05-01,0,0,0,0,0,0,0,0,0,False,False,63,5.25,64,0.0,0.08333333333333333,0.0,32,0.0,0.0,0.0,,,32,0.0,0.16666666666666666,0.0,,1.0,0.0,-0.028571428571428584,0.0,-0.028571428571428584,0,-1.0,3,21
240673792,lyhue1991/eat_tensorflow2_in_30_days,Python,2025-06-01,0,0,0,0,0,0,0,0,0,False,False,64,5.333333333333333,65,0.0,0.08333333333333333,0.0,33,0.0,0.0,0.0,,,33,0.0,0.16666666666666666,0.0,,1.0,0.0,-0.08571428571428574,0.0,-0.08571428571428574,0,0.0,4,21
240673792,lyhue1991/eat_tensorflow2_in_30_days,Python,2025-07-01,0,0,0,0,0,0,0,0,0,False,False,65,5.416666666666667,66,0.0,0.08333333333333333,0.0,34,0.0,0.0,0.0,,,34,0.0,0.16666666666666666,0.0,,1.0,0.0,-0.1428571428571428,0.0,-0.1428571428571428,0,0.0,5,21
240673792,lyhue1991/eat_tensorflow2_in_30_days,Python,2025-08-01,0,0,0,0,0,0,0,0,0,False,False,66,5.5,67,0.0,0.08333333333333333,0.0,35,0.0,0.0,0.0,,,35,0.0,0.0,0.0,,0.0,0.0,0.0,0.0,0.0,0,0.0,6,21
240673792,lyhue1991/eat_tensorflow2_in_30_days,Python,2025-09-01,0,0,0,0,0,0,0,0,0,False,False,67,5.583333333333333,68,0.0,0.08333333333333333,0.0,36,0.0,0.0,0.0,,,36,0.0,0.0,0.0,,0.0,0.0,0.0,0.0,0.0,0,0.0,7,21
240673792,lyhue1991/eat_tensorflow2_in_30_days,Python,2025-10-01,0,0,0,0,0,0,0,0,0,False,False,68,5.666666666666667,69,0.0,0.08333333333333333,0.0,37,0.0,0.0,0.0,,,37,0.0,0.0,0.0,,0.0,0.0,0.0,0.0,0.0,0,0.0,8,21
240673792,lyhue1991/eat_tensorflow2_in_30_days,Python,2025-11-01,0,0,0,0,0,0,0,0,0,False,False,69,5.75,70,0.0,0.08333333333333333,0.0,38,0.0,0.0,0.0,,,38,0.0,0.0,0.0,,0.0,0.0,0.0,0.0,0.0,0,0.0,9,21
240673792,lyhue1991/eat_tensorflow2_in_30_days,Python,2025-12-01,0,0,0,0,0,0,0,0,0,False,False,70,5.833333333333333,71,0.0,0.08333333333333333,0.0,39,0.0,0.0,0.0,,,39,0.0,0.0,0.0,,0.0,0.0,0.0,0.0,0.0,0,0.0,10,21
240673792,lyhue1991/eat_tensorflow2_in_30_days,Python,2026-01-01,0,0,0,0,0,0,0,0,0,False,False,71,5.916666666666667,72,0.0,0.08333333333333333,0.0,40,0.0,0.0,0.0,,,40,0.0,0.0,0.0,,0.0,0.0,0.0,0.0,0.0,0,0.0,11,21
240673792,lyhue1991/eat_tensorflow2_in_30_days,Python,2026-02-01,0,0,0,0,0,0,0,0,0,False,False,72,6.0,73,0.0,0.0,0.0,41,0.0,0.0,0.0,,,41,0.0,0.0,0.0,,0.0,0.0,0.0,0.0,0.0,0,0.0,12,21
240673792,lyhue1991/eat_tensorflow2_in_30_days,Python,2026-03-01,0,0,0,0,0,0,0,0,0,False,False,73,6.083333333333333,74,0.0,0.0,0.0,42,0.0,0.0,0.0,,,42,0.0,0.0,0.0,,0.0,0.0,0.0,0.0,0.0,0,0.0,13,21
240673792,lyhue1991/eat_tensorflow2_in_30_days,Python,2026-04-01,0,0,0,0,0,0,0,0,0,False,False,74,6.166666666666667,75,0.0,0.0,0.0,43,0.0,0.0,0.0,,,43,0.0,0.0,0.0,,0.0,0.0,0.0,0.0,0.0,0,0.0,14,21
240673792,lyhue1991/eat_tensorflow2_in_30_days,Python,2026-05-01,0,0,0,0,0,0,0,0,0,False,False,75,6.25,76,0.0,0.0,0.0,44,0.0,0.0,0.0,,,44,0.0,0.0,0.0,,0.0,0.0,0.0,0.0,0.0,0,0.0,15,21
240673792,lyhue1991/eat_tensorflow2_in_30_days,Python,2026-06-01,0,0,0,0,0,0,0,0,0,False,False,76,6.333333333333333,77,0.0,0.0,0.0,45,0.0,0.0,0.0,,,45,0.0,0.0,0.0,,0.0,0.0,0.0,0.0,0.0,0,0.0,16,21
240673792,lyhue1991/eat_tensorflow2_in_30_days,Python,2026-07-01,0,0,0,0,0,0,0,0,0,False,False,77,6.416666666666667,78,0.0,0.0,0.0,46,0.0,0.0,0.0,,,46,0.0,0.0,0.0,,0.0,0.0,0.0,0.0,0.0,0,0.0,17,21
240673792,lyhue1991/eat_tensorflow2_in_30_days,Python,2026-08-01,0,0,0,0,0,0,0,0,0,False,False,78,6.5,79,0.0,0.0,0.0,47,0.0,0.0,0.0,,,47,0.0,0.0,0.0,,0.0,0.0,0.0,0.0,0.0,0,0.0,18,21
337459381,Ugenteraan/Deep_Hierarchical_Classification,Python,2021-02-01,20,2,2,0,0,0,0,0,0,False,True,0,0.0,1,20.0,1.0,0.0,0,,2.0,0.0,1.0,0.0,0,,0.0,0.0,,0.0,0.0,,,,22,,0,0
337459381,Ugenteraan/Deep_Hierarchical_Classification,Python,2021-03-01,0,0,0,0,0,0,0,0,0,False,False,1,0.08333333333333333,2,10.0,0.5,14.142135623730951,1,,1.0,1.4142135623730951,1.0,0.0,1,,0.0,0.0,,0.0,0.0,,,,0,,1,1
337459381,Ugenteraan/Deep_Hierarchical_Classification,Python,2021-04-01,0,0,0,0,0,0,0,0,0,False,False,2,0.16666666666666666,3,6.666666666666667,0.3333333333333333,11.547005383792515,2,-10.0,0.6666666666666666,1.1547005383792517,1.0,0.0,2,-1.0000000000000002,0.0,0.0,,0.0,0.0,0.0,0.0,0.0,0,,2,2
337459381,Ugenteraan/Deep_Hierarchical_Classification,Python,2021-05-01,0,0,0,0,0,0,0,0,0,False,False,3,0.25,4,5.0,0.25,10.0,3,-5.999999999999999,0.5,1.0,1.0,0.0,3,-0.6000000000000001,0.0,0.0,,0.0,0.0,0.0,0.0,0.0,0,-1.0,3,3
337459381,Ugenteraan/Deep_Hierarchical_Classification,Python,2021-06-01,0,0,0,0,0,0,0,0,0,False,False,4,0.3333333333333333,5,4.0,0.2,8.944271909999157,4,-4.000000000000001,0.4,0.894427190999916,1.0,0.0,4,-0.40000000000000013,0.0,0.0,,0.0,0.0,0.0,0.0,0.0,0,0.0,4,4
337459381,Ugenteraan/Deep_Hierarchical_Classification,Python,2021-07-01,0,0,0,0,0,0,0,0,0,False,False,5,0.4166666666666667,6,3.3333333333333335,0.16666666666666666,8.164965809277259,5,-2.857142857142856,0.3333333333333333,0.816496580927726,1.0,0.0,5,-0.2857142857142856,0.0,0.0,,0.0,0.0,0.0,0.0,0.0,0,0.0,5,5
337459381,Ugenteraan/Deep_Hierarchical_Classification,Python,2021-08-01,0,0,0,0,0,0,0,0,0,False,False,6,0.5,7,0.0,0.14285714285714285,0.0,6,0.0,0.0,0.0,,,6,0.0,0.0,0.0,,0.0,0.0,0.0,0.0,0.0,0,0.0,6,6
337459381,Ugenteraan/Deep_Hierarchical_Classification,Python,2021-09-01,0,0,0,0,0,0,0,0,0,False,False,7,0.5833333333333334,8,0.0,0.125,0.0,7,0.0,0.0,0.0,,,7,0.0,0.0,0.0,,0.0,0.0,0.0,0.0,0.0,0,0.0,7,7
337459381,Ugenteraan/Deep_Hierarchical_Classification,Python,2021-10-01,0,0,0,0,0,0,0,0,0,False,False,8,0.6666666666666666,9,0.0,0.1111111111111111,0.0,8,0.0,0.0,0.0,,,8,0.0,0.0,0.0,,0.0,0.0,0.0,0.0,0.0,0,0.0,8,8
337459381,Ugenteraan/Deep_Hierarchical_Classification,Python,2021-11-01,0,0,0,0,0,0,0,0,0,False,False,9,0.75,10,0.0,0.1,0.0,9,0.0,0.0,0.0,,,9,0.0,0.0,0.0,,0.0,0.0,0.0,0.0,0.0,0,0.0,9,9
337459381,Ugenteraan/Deep_Hierarchical_Classification,Python,2021-12-01,0,0,0,0,0,0,0,0,0,False,False,10,0.8333333333333334,11,0.0,0.09090909090909091,0.0,10,0.0,0.0,0.0,,,10,0.0,0.0,0.0,,0.0,0.0,0.0,0.0,0.0,0,0.0,10,10
337459381,Ugenteraan/Deep_Hierarchical_Classification,Python,2022-01-01,3,2,0,2,1,1,1,1,1,False,True,11,0.9166666666666666,12,0.5,0.16666666666666666,1.2247448713915798,0,0.42857142857142844,0.3333333333333333,0.816496580927726,0.0,1.0,0,0.28571428571428553,0.16666666666666666,0.16666666666666666,1.0,0.0,0.0,0.42857142857142844,0.28571428571428553,0.714285714285714,10,,0,10
337459381,Ugenteraan/Deep_Hierarchical_Classification,Python,2022-02-01,0,0,0,0,0,0,0,0,0,False,False,12,1.0,13,0.5,0.08333333333333333,1.2247448713915798,1,0.2571428571428572,0.3333333333333333,0.816496580927726,0.0,1.0,1,0.17142857142857143,0.16666666666666666,0.16666666666666666,1.0,0.0,0.0,0.2571428571428572,0.17142857142857143,0.42857142857142855,0,0.0,1,10
337459381,Ugenteraan/Deep_Hierarchical_Classification,Python,2022-03-01,0,0,0,0,0,0,0,0,0,False,False,13,1.0833333333333333,14,0.5,0.08333333333333333,1.2247448713915798,2,0.08571428571428569,0.3333333333333333,0.816496580927726,0.0,1.0,2,0.05714285714285713,0.16666666666666666,0.16666666666666666,1.0,0.0,0.0,0.08571428571428569,0.05714285714285713,0.14285714285714277,0,0.0,2,10
337459381,Ugenteraan/Deep_Hierarchical_Classification,Python,2022-04-01,0,0,0,0,0,0,0,1,0,False,True,14,1.1666666666666667,15,0.5,0.16666666666666666,1.2247448713915798,3,-0.08571428571428569,0.3333333333333333,0.816496580927726,0.0,1.0,3,-0.05714285714285717,0.16666666666666666,0.3333333333333333,1.0,0.0,1.0,-0.08571428571428569,0.08571428571428565,-1.1976195368092883e-16,1,-0.9,0,10
337459381,Ugenteraan/Deep_Hierarchical_Classification,Python,2022-05-01,0,0,0,0,0,0,0,1,1,False,True,15,1.25,16,0.5,0.25,1.2247448713915798,4,-0.2571428571428571,0.3333333333333333,0.816496580927726,0.0,1.0,4,-0.17142857142857149,0.16666666666666666,0.5,1.0,0.0,1.0,-0.2571428571428571,0.19999999999999998,-0.057142857142857266,2,,0,10
337459381,Ugenteraan/Deep_Hierarchical_Classification,Python,2022-06-01,0,0,0,0,0,0,0,1,1,False,True,16,1.3333333333333333,17,0.5,0.3333333333333333,1.2247448713915798,5,-0.42857142857142866,0.3333333333333333,0.816496580927726,0.0,1.0,5,-0.2857142857142856,0.16666666666666666,0.6666666666666666,1.0,0.0,1.0,-0.42857142857142866,0.19999999999999996,-0.2285714285714287,2,,0,10
337459381,Ugenteraan/Deep_Hierarchical_Classification,Python,2022-07-01,0,0,0,0,0,0,0,0,1,False,True,17,1.4166666666666667,18,0.0,0.4166666666666667,0.0,6,0.0,0.0,0.0,,,6,0.0,0.0,0.5,,0.0,0.0,0.0,0.34285714285714286,0.34285714285714286,1,0.0,0,10
337459381,Ugenteraan/Deep_Hierarchical_Classification,Python,2022-08-01,0,0,0,0,0,0,0,0,0,False,False,18,1.5,19,0.0,0.4166666666666667,0.0,7,0.0,0.0,0.0,,,7,0.0,0.0,0.5,,0.0,0.0,0.0,-5.988097684046442e-17,-5.988097684046442e-17,0,-1.0,1,10
337459381,Ugenteraan/Deep_Hierarchical_Classification,Python,2022-09-01,0,0,0,0,0,0,0,0,0,False,False,19,1.5833333333333333,20,0.0,0.4166666666666667,0.0,8,0.0,0.0,0.0,,,8,0.0,0.0,0.5,,0.0,0.0,0.0,-0.3428571428571428,-0.3428571428571428,0,-1.0,2,10
337459381,Ugenteraan/Deep_Hierarchical_Classification,Python,2022-10-01,0,0,0,0,0,0,0,0,0,False,False,20,1.6666666666666667,21,0.0,0.4166666666666667,0.0,9,0.0,0.0,0.0,,,9,0.0,0.0,0.3333333333333333,,0.0,-1.0,0.0,-0.4857142857142854,-0.4857142857142854,0,-1.0,3,10
337459381,Ugenteraan/Deep_Hierarchical_Classification,Python,2022-11-01,0,0,0,0,0,0,0,0,0,False,False,21,1.75,22,0.0,0.4166666666666667,0.0,10,0.0,0.0,0.0,,,10,0.0,0.0,0.16666666666666666,,0.0,-1.0,0.0,-0.37142857142857133,-0.37142857142857133,0,0.0,4,10
337459381,Ugenteraan/Deep_Hierarchical_Classification,Python,2022-12-01,0,0,0,0,0,0,0,0,0,False,False,22,1.8333333333333333,23,0.0,0.4166666666666667,0.0,11,0.0,0.0,0.0,,,11,0.0,0.0,0.0,,0.0,-1.0,0.0,-0.1428571428571428,-0.1428571428571428,0,0.0,5,10
337459381,Ugenteraan/Deep_Hierarchical_Classification,Python,2023-01-01,0,0,0,0,0,0,0,1,0,False,True,23,1.9166666666666667,24,0.0,0.4166666666666667,0.0,12,0.0,0.0,0.0,,,12,0.0,0.0,0.16666666666666666,,0.0,1.0,0.0,0.14285714285714277,0.14285714285714277,1,,0,10
337459381,Ugenteraan/Deep_Hierarchical_Classification,Python,2023-02-01,0,0,0,0,0,0,0,0,0,False,False,24,2.0,25,0.0,0.4166666666666667,0.0,13,0.0,0.0,0.0,,,13,0.0,0.0,0.16666666666666666,,0.0,1.0,0.0,0.08571428571428572,0.08571428571428572,0,0.0,1,10
337459381,Ugenteraan/Deep_Hierarchical_Classification,Python,2023-03-01,0,0,0,0,0,0,0,0,0,False,False,25,2.0833333333333335,26,0.0,0.4166666666666667,0.0,14,0.0,0.0,0.0,,,14,0.0,0.0,0.16666666666666666,,0.0,1.0,0.0,0.028571428571428564,0.028571428571428564,0,0.0,2,10
337459381,Ugenteraan/Deep_Hierarchical_Classification,Python,2023-04-01,0,0,0,0,0,0,0,0,0,False,False,26,2.1666666666666665,27,0.0,0.3333333333333333,0.0,15,0.0,0.0,0.0,,,15,0.0,0.0,0.16666666666666666,,0.0,1.0,0.0,-0.028571428571428584,-0.028571428571428584,0,-1.0,3,10
337459381,Ugenteraan/Deep_Hierarchical_Classification,Python,2023-05-01,0,0,0,0,0,0,0,1,0,False,True,27,2.25,28,0.0,0.3333333333333333,0.0,16,0.0,0.0,0.0,,,16,0.0,0.0,0.3333333333333333,,0.0,2.0,0.0,0.057142857142857106,0.057142857142857106,1,,0,10
337459381,Ugenteraan/Deep_Hierarchical_Classification,Python,2023-06-01,0,0,0,0,0,0,0,0,0,False,False,28,2.3333333333333335,29,0.0,0.25,0.0,17,0.0,0.0,0.0,,,17,0.0,0.0,0.3333333333333333,,0.0,2.0,0.0,-0.0571428571428571,-0.0571428571428571,0,0.0,1,10
337459381,Ugenteraan/Deep_Hierarchical_Classification,Python,2023-07-01,0,0,0,0,0,0,0,1,0,False,True,29,2.4166666666666665,30,0.0,0.25,0.0,18,0.0,0.0,0.0,,,18,0.0,0.0,0.3333333333333333,,0.0,2.0,0.0,0.17142857142857137,0.17142857142857137,1,,0,10
337459381,Ugenteraan/Deep_Hierarchical_Classification,Python,2023-08-01,0,0,0,0,0,0,0,0,0,False,False,30,2.5,31,0.0,0.25,0.0,19,0.0,0.0,0.0,,,19,0.0,0.0,0.3333333333333333,,0.0,2.0,0.0,0.05714285714285717,0.05714285714285717,0,-1.0,1,10
337459381,Ugenteraan/Deep_Hierarchical_Classification,Python,2023-09-01,0,0,0,0,0,0,0,0,0,False,False,31,2.5833333333333335,32,0.0,0.25,0.0,20,0.0,0.0,0.0,,,20,0.0,0.0,0.3333333333333333,,0.0,2.0,0.0,-0.05714285714285717,-0.05714285714285717,0,0.0,2,10
337459381,Ugenteraan/Deep_Hierarchical_Classification,Python,2023-10-01,0,0,0,0,0,0,0,0,0,False,False,32,2.6666666666666665,33,0.0,0.25,0.0,21,0.0,0.0,0.0,,,21,0.0,0.0,0.3333333333333333,,0.0,2.0,0.0,-0.17142857142857135,-0.17142857142857135,0,-1.0,3,10
337459381,Ugenteraan/Deep_Hierarchical_Classification,Python,2023-11-01,0,0,0,0,0,0,0,0,0,False,False,33,2.75,34,0.0,0.25,0.0,22,0.0,0.0,0.0,,,22,0.0,0.0,0.16666666666666666,,0.0,1.0,0.0,-0.08571428571428574,-0.08571428571428574,0,0.0,4,10
337459381,Ugenteraan/Deep_Hierarchical_Classification,Python,2023-12-01,0,0,0,0,0,0,0,0,0,False,False,34,2.8333333333333335,35,0.0,0.25,0.0,23,0.0,0.0,0.0,,,23,0.0,0.0,0.16666666666666666,,0.0,1.0,0.0,-0.1428571428571428,-0.1428571428571428,0,0.0,5,10
337459381,Ugenteraan/Deep_Hierarchical_Classification,Python,2024-01-01,0,0,0,0,0,0,0,0,0,False,False,35,2.9166666666666665,36,0.0,0.16666666666666666,0.0,24,0.0,0.0,0.0,,,24,0.0,0.0,0.0,,0.0,0.0,0.0,0.0,0.0,0,0.0,6,10
337459381,Ugenteraan/Deep_Hierarchical_Classification,Python,2024-02-01,0,0,0,0,0,0,0,0,0,False,False,36,3.0,37,0.0,0.16666666666666666,0.0,25,0.0,0.0,0.0,,,25,0.0,0.0,0.0,,0.0,0.0,0.0,0.0,0.0,0,0.0,7,10
337459381,Ugenteraan/Deep_Hierarchical_Classification,Python,2024-03-01,0,0,0,0,0,0,0,0,0,False,False,37,3.0833333333333335,38,0.0,0.16666666666666666,0.0,26,0.0,0.0,0.0,,,26,0.0,0.0,0.0,,0.0,0.0,0.0,0.0,0.0,0,0.0,8,10
337459381,Ugenteraan/Deep_Hierarchical_Classification,Python,2024-04-01,0,0,0,0,0,0,0,0,0,False,False,38,3.1666666666666665,39,0.0,0.16666666666666666,0.0,27,0.0,0.0,0.0,,,27,0.0,0.0,0.0,,0.0,0.0,0.0,0.0,0.0,0,0.0,9,10
337459381,Ugenteraan/Deep_Hierarchical_Classification,Python,2024-05-01,0,0,0,0,0,0,0,0,0,False,False,39,3.25,40,0.0,0.08333333333333333,0.0,28,0.0,0.0,0.0,,,28,0.0,0.0,0.0,,0.0,0.0,0.0,0.0,0.0,0,0.0,10,10
337459381,Ugenteraan/Deep_Hierarchical_Classification,Python,2024-06-01,0,0,0,0,0,0,0,0,0,False,False,40,3.3333333333333335,41,0.0,0.08333333333333333,0.0,29,0.0,0.0,0.0,,,29,0.0,0.0,0.0,,0.0,0.0,0.0,0.0,0.0,0,0.0,11,11
337459381,Ugenteraan/Deep_Hierarchical_Classification,Python,2024-07-01,0,0,0,0,0,0,0,0,0,False,False,41,3.4166666666666665,42,0.0,0.0,0.0,30,0.0,0.0,0.0,,,30,0.0,0.0,0.0,,0.0,0.0,0.0,0.0,0.0,0,0.0,12,12
337459381,Ugenteraan/Deep_Hierarchical_Classification,Python,2024-08-01,0,0,0,0,0,0,0,0,0,False,False,42,3.5,43,0.0,0.0,0.0,31,0.0,0.0,0.0,,,31,0.0,0.0,0.0,,0.0,0.0,0.0,0.0,0.0,0,0.0,13,13
337459381,Ugenteraan/Deep_Hierarchical_Classification,Python,2024-09-01,0,0,0,0,0,0,0,0,0,False,False,43,3.5833333333333335,44,0.0,0.0,0.0,32,0.0,0.0,0.0,,,32,0.0,0.0,0.0,,0.0,0.0,0.0,0.0,0.0,0,0.0,14,14
337459381,Ugenteraan/Deep_Hierarchical_Classification,Python,2024-10-01,0,0,0,0,0,0,0,0,0,False,False,44,3.6666666666666665,45,0.0,0.0,0.0,33,0.0,0.0,0.0,,,33,0.0,0.0,0.0,,0.0,0.0,0.0,0.0,0.0,0,0.0,15,15
337459381,Ugenteraan/Deep_Hierarchical_Classification,Python,2024-11-01,0,0,0,0,0,0,0,0,0,False,False,45,3.75,46,0.0,0.0,0.0,34,0.0,0.0,0.0,,,34,0.0,0.0,0.0,,0.0,0.0,0.0,0.0,0.0,0,0.0,16,16
337459381,Ugenteraan/Deep_Hierarchical_Classification,Python,2024-12-01,0,0,0,0,0,0,0,0,0,False,False,46,3.8333333333333335,47,0.0,0.0,0.0,35,0.0,0.0,0.0,,,35,0.0,0.0,0.0,,0.0,0.0,0.0,0.0,0.0,0,0.0,17,17
337459381,Ugenteraan/Deep_Hierarchical_Classification,Python,2025-01-01,0,0,0,0,0,0,0,0,0,False,False,47,3.9166666666666665,48,0.0,0.0,0.0,36,0.0,0.0,0.0,,,36,0.0,0.0,0.0,,0.0,0.0,0.0,0.0,0.0,0,0.0,18,18
337459381,Ugenteraan/Deep_Hierarchical_Classification,Python,2025-02-01,0,0,0,0,0,0,0,0,0,False,False,48,4.0,49,0.0,0.0,0.0,37,0.0,0.0,0.0,,,37,0.0,0.0,0.0,,0.0,0.0,0.0,0.0,0.0,0,0.0,19,19
337459381,Ugenteraan/Deep_Hierarchical_Classification,Python,2025-03-01,0,0,0,0,0,0,0,0,0,False,False,49,4.083333333333333,50,0.0,0.0,0.0,38,0.0,0.0,0.0,,,38,0.0,0.0,0.0,,0.0,0.0,0.0,0.0,0.0,0,0.0,20,20
337459381,Ugenteraan/Deep_Hierarchical_Classification,Python,2025-04-01,0,0,0,0,0,0,0,0,0,False,False,50,4.166666666666667,51,0.0,0.0,0.0,39,0.0,0.0,0.0,,,39,0.0,0.0,0.0,,0.0,0.0,0.0,0.0,0.0,0,0.0,21,21
337459381,Ugenteraan/Deep_Hierarchical_Classification,Python,2025-05-01,0,0,0,0,0,0,0,0,0,False,False,51,4.25,52,0.0,0.0,0.0,40,0.0,0.0,0.0,,,40,0.0,0.0,0.0,,0.0,0.0,0.0,0.0,0.0,0,0.0,22,22
337459381,Ugenteraan/Deep_Hierarchical_Classification,Python,2025-06-01,0,0,0,0,0,0,0,0,0,False,False,52,4.333333333333333,53,0.0,0.0,0.0,41,0.0,0.0,0.0,,,41,0.0,0.0,0.0,,0.0,0.0,0.0,0.0,0.0,0,0.0,23,23
337459381,Ugenteraan/Deep_Hierarchical_Classification,Python,2025-07-01,0,0,0,0,0,0,0,0,0,False,False,53,4.416666666666667,54,0.0,0.0,0.0,42,0.0,0.0,0.0,,,42,0.0,0.0,0.0,,0.0,0.0,0.0,0.0,0.0,0,0.0,24,24
337459381,Ugenteraan/Deep_Hierarchical_Classification,Python,2025-08-01,0,0,0,0,0,0,0,0,0,False,False,54,4.5,55,0.0,0.0,0.0,43,0.0,0.0,0.0,,,43,0.0,0.0,0.0,,0.0,0.0,0.0,0.0,0.0,0,0.0,25,25
337459381,Ugenteraan/Deep_Hierarchical_Classification,Python,2025-09-01,0,0,0,0,0,0,0,0,0,False,False,55,4.583333333333333,56,0.0,0.0,0.0,44,0.0,0.0,0.0,,,44,0.0,0.0,0.0,,0.0,0.0,0.0,0.0,0.0,0,0.0,26,26
337459381,Ugenteraan/Deep_Hierarchical_Classification,Python,2025-10-01,0,0,0,0,0,0,0,0,0,False,False,56,4.666666666666667,57,0.0,0.0,0.0,45,0.0,0.0,0.0,,,45,0.0,0.0,0.0,,0.0,0.0,0.0,0.0,0.0,0,0.0,27,27
337459381,Ugenteraan/Deep_Hierarchical_Classification,Python,2025-11-01,0,0,0,0,0,0,0,0,0,False,False,57,4.75,58,0.0,0.0,0.0,46,0.0,0.0,0.0,,,46,0.0,0.0,0.0,,0.0,0.0,0.0,0.0,0.0,0,0.0,28,28
337459381,Ugenteraan/Deep_Hierarchical_Classification,Python,2025-12-01,0,0,0,0,0,0,0,0,0,False,False,58,4.833333333333333,59,0.0,0.0,0.0,47,0.0,0.0,0.0,,,47,0.0,0.0,0.0,,0.0,0.0,0.0,0.0,0.0,0,0.0,29,29
337459381,Ugenteraan/Deep_Hierarchical_Classification,Python,2026-01-01,0,0,0,0,0,0,0,0,0,False,False,59,4.916666666666667,60,0.0,0.0,0.0,48,0.0,0.0,0.0,,,48,0.0,0.0,0.0,,0.0,0.0,0.0,0.0,0.0,0,0.0,30,30
337459381,Ugenteraan/Deep_Hierarchical_Classification,Python,2026-02-01,0,0,0,0,0,0,0,0,0,False,False,60,5.0,61,0.0,0.0,0.0,49,0.0,0.0,0.0,,,49,0.0,0.0,0.0,,0.0,0.0,0.0,0.0,0.0,0,0.0,31,31
337459381,Ugenteraan/Deep_Hierarchical_Classification,Python,2026-03-01,0,0,0,0,0,0,0,0,0,False,False,61,5.083333333333333,62,0.0,0.0,0.0,50,0.0,0.0,0.0,,,50,0.0,0.0,0.0,,0.0,0.0,0.0,0.0,0.0,0,0.0,32,32
337459381,Ugenteraan/Deep_Hierarchical_Classification,Python,2026-04-01,0,0,0,0,0,0,0,0,0,False,False,62,5.166666666666667,63,0.0,0.0,0.0,51,0.0,0.0,0.0,,,51,0.0,0.0,0.0,,0.0,0.0,0.0,0.0,0.0,0,0.0,33,33
337459381,Ugenteraan/Deep_Hierarchical_Classification,Python,2026-05-01,0,0,0,0,0,0,0,0,0,False,False,63,5.25,64,0.0,0.0,0.0,52,0.0,0.0,0.0,,,52,0.0,0.0,0.0,,0.0,0.0,0.0,0.0,0.0,0,0.0,34,34
337459381,Ugenteraan/Deep_Hierarchical_Classification,Python,2026-06-01,0,0,0,0,0,0,0,0,0,False,False,64,5.333333333333333,65,0.0,0.0,0.0,53,0.0,0.0,0.0,,,53,0.0,0.0,0.0,,0.0,0.0,0.0,0.0,0.0,0,0.0,35,35
337459381,Ugenteraan/Deep_Hierarchical_Classification,Python,2026-07-01,0,0,0,0,0,0,0,0,0,False,False,65,5.416666666666667,66,0.0,0.0,0.0,54,0.0,0.0,0.0,,,54,0.0,0.0,0.0,,0.0,0.0,0.0,0.0,0.0,0,0.0,36,36
337459381,Ugenteraan/Deep_Hierarchical_Classification,Python,2026-08-01,0,0,0,0,0,0,0,0,0,False,False,66,5.5,67,0.0,0.0,0.0,55,0.0,0.0,0.0,,,55,0.0,0.0,0.0,,0.0,0.0,0.0,0.0,0.0,0,0.0,37,37
337459381,Ugenteraan/Deep_Hierarchical_Classification,Python,2026-09-01,0,0,0,0,0,0,0,0,0,True,False,67,5.583333333333333,68,0.0,0.0,0.0,56,0.0,0.0,0.0,,,56,0.0,0.0,0.0,,0.0,0.0,0.0,0.0,0.0,0,0.0,38,38
352933140,ToolJet/ToolJet,JavaScript,2021-03-01,9,1,1,0,0,0,0,6,1,False,True,0,0.0,1,9.0,1.0,0.0,0,,1.0,0.0,1.0,0.0,0,,0.0,6.0,,0.0,5.0,,,,17,,0,0
352933140,ToolJet/ToolJet,JavaScript,2021-04-01,314,5,4,1,19,19,18,121,98,False,True,1,0.08333333333333333,2,161.5,1.0,215.667568261897,0,,3.0,2.8284271247461903,0.8333333333333334,0.16666666666666666,0,,9.5,63.5,0.9473684210526315,0.0,28.0,,,,594,,0,0
352933140,ToolJet/ToolJet,JavaScript,2021-05-01,344,5,3,2,4,4,4,28,23,False,True,2,0.16666666666666666,3,222.33333333333334,1.0,185.36001007049316,0,167.49999999999997,3.6666666666666665,2.3094010767585034,0.7272727272727273,0.2727272727272727,0,2.0,7.666666666666667,51.666666666666664,0.9565217391304348,0.0,33.0,6.00000000000001,22.00000000000004,28.000000000000043,412,,0,0
352933140,ToolJet/ToolJet,JavaScript,2021-06-01,214,22,17,5,107,103,99,72,63,False,True,3,0.25,4,220.25,1.0,151.4031593681805,0,64.5,8.25,9.358596760910972,0.7575757575757576,0.24242424242424243,0,6.300000000000001,32.5,56.75,0.9603174603174603,4.0,42.0,88.29999999999998,21.60000000000003,109.9,680,39.0,0,0
352933140,ToolJet/ToolJet,JavaScript,2021-07-01,180,14,6,8,43,40,32,28,24,False,True,4,0.3333333333333333,5,212.2,1.0,132.34878163398406,0,24.199999999999996,9.4,8.502940667792526,0.6595744680851063,0.3404255319148936,0,4.3,34.6,51.0,0.9216867469879518,7.0,46.0,48.30000000000001,0.599999999999994,48.900000000000006,361,-0.39225589225589225,0,0
352933140,ToolJet/ToolJet,JavaScript,2021-08-01,170,20,12,8,119,116,105,105,97,False,True,5,0.4166666666666667,6,205.16666666666666,1.0,119.62343694555287,0,7.799999999999986,11.166666666666666,8.750238091998792,0.6417910447761194,0.3582089552238806,0,3.9714285714285706,48.666666666666664,60.0,0.9148936170212766,10.0,54.0,62.1142857142857,15.94285714285713,78.05714285714282,732,0.7766990291262136,0,0
352933140,ToolJet/ToolJet,JavaScript,2021-09-01,164,13,1,12,131,127,114,91,77,False,True,6,0.5,7,231.0,1.0,78.43213627079143,0,-37.314285714285695,13.166666666666666,7.1949056051255225,0.5443037974683544,0.45569620253164556,0,2.1999999999999993,70.5,74.16666666666667,0.9095354523227384,14.0,63.0,67.7142857142857,3.285714285714291,70.99999999999999,717,0.054411764705882354,0,0
352933140,ToolJet/ToolJet,JavaScript,2021-10-01,209,78,68,10,269,252,198,205,200,False,True,7,0.5833333333333334,8,213.5,1.0,67.10514138275842,0,-23.857142857142865,25.333333333333332,26.485216001888045,0.7039473684210527,0.29605263157894735,0,9.828571428571426,112.16666666666667,88.16666666666667,0.8598130841121495,31.0,45.0,112.82857142857141,57.68571428571427,170.51428571428565,1411,2.9085872576177287,0,0
352933140,ToolJet/ToolJet,JavaScript,2021-11-01,96,11,2,9,81,97,77,42,35,False,True,8,0.6666666666666666,9,172.16666666666666,1.0,42.52254304091726,0,-14.54285714285714,26.333333333333332,25.664502073226878,0.6708860759493671,0.3291139240506329,0,3.7142857142857166,125.0,90.5,0.8503401360544217,15.0,47.0,44.97142857142857,21.000000000000018,65.97142857142856,439,-0.40027322404371585,0,0
352933140,ToolJet/ToolJet,JavaScript,2021-12-01,166,12,4,8,143,132,124,93,57,False,True,9,0.75,10,164.16666666666666,1.0,37.268843108777354,0,-7.057142857142858,24.666666666666668,26.318561257535844,0.6283783783783784,0.3716216216216216,0,0.7999999999999989,131.0,94.0,0.8507853403141361,22.0,74.0,43.19999999999996,10.057142857142857,53.2571428571428,727,0.01394700139470014,0,0
352933140,ToolJet/ToolJet,JavaScript,2022-01-01,190,22,8,14,204,202,176,137,125,False,True,10,0.8333333333333334,11,165.83333333333334,1.0,38.32710094263146,0,-0.2000000000000063,26.0,25.868900247208035,0.6089743589743589,0.391025641025641,0,-1.7142857142857137,157.83333333333334,112.16666666666667,0.857451403887689,21.0,82.0,23.628571428571426,-2.342857142857168,21.285714285714214,1056,-0.2515946137491141,0,0
352933140,ToolJet/ToolJet,JavaScript,2022-02-01,187,24,8,16,174,180,168,148,156,False,True,11,0.9166666666666666,12,168.66666666666666,1.0,39.312423820805826,0,3.6571428571428495,26.666666666666668,25.73454228593675,0.56875,0.43125,0,-3.199999999999999,167.0,119.33333333333333,0.8656565656565657,12.0,66.0,13.799999999999988,9.257142857142862,23.057142857142804,1037,1.3621867881548975,0,0
352933140,ToolJet/ToolJet,JavaScript,2022-03-01,161,34,22,12,159,158,136,152,122,False,True,12,1.0,13,168.16666666666666,1.0,39.402622586151054,0,1.6285714285714357,30.166666666666668,24.91920276948415,0.6187845303867403,0.3812154696132597,0,-4.885714285714285,171.66666666666666,129.5,0.8609206660137121,9.0,82.0,-9.885714285714307,3.9428571428571493,-5.94285714285709,922,0.26822558459422285,0,0
352933140,ToolJet/ToolJet,JavaScript,2022-04-01,113,30,12,18,112,111,99,125,88,False,True,13,1.0833333333333333,14,152.16666666666666,1.0,38.994444048693154,0,1.9142857142857161,22.166666666666668,9.304120950775873,0.42105263157894735,0.5789473684210527,0,4.657142857142857,145.5,116.16666666666667,0.8863636363636364,-7.0,114.0,12.485714285714272,31.257142857142828,43.74285714285714,678,-0.35795454545454547,0,0
352933140,ToolJet/ToolJet,JavaScript,2022-05-01,124,27,11,16,127,111,102,111,114,False,True,14,1.1666666666666667,15,156.83333333333334,1.0,31.97134133355467,0,-13.342857142857147,24.833333333333332,7.600438583836235,0.436241610738255,0.5637583892617449,0,3.114285714285714,153.16666666666666,127.66666666666667,0.9004474272930649,25.0,104.0,-32.68571428571427,5.657142857142851,-27.028571428571414,716,-0.3095467695274831,0,0
352933140,ToolJet/ToolJet,JavaScript,2022-06-01,184,40,28,12,144,137,121,121,119,False,True,15,1.25,16,159.83333333333334,1.0,33.795956365616604,0,-7.628571428571426,29.5,6.6858058601787045,0.5028248587570622,0.4971751412429379,0,2.7142857142857117,153.33333333333334,132.33333333333334,0.8921023359288098,21.0,70.0,-45.057142857142885,-11.657142857142853,-56.71428571428573,866,-0.06073752711496746,0,0
352933140,ToolJet/ToolJet,JavaScript,2022-07-01,138,28,13,15,149,151,134,97,86,False,True,16,1.3333333333333333,17,151.16666666666666,1.0,31.070350282329635,0,-4.7142857142856975,30.5,5.718391382198311,0.5136612021857924,0.48633879781420764,0,1.0000000000000009,144.16666666666666,125.66666666666667,0.8962264150943396,17.0,69.0,-16.428571428571445,-19.85714285714284,-36.2857142857143,783,0.15486725663716813,0,0
352933140,ToolJet/ToolJet,JavaScript,2022-08-01,132,33,13,20,137,138,113,80,125,False,True,17,1.4166666666666667,18,142.0,1.0,26.099808428415606,0,-0.28571428571428437,32.0,4.774934554525319,0.515625,0.484375,0,0.057142857142857446,138.0,114.33333333333333,0.8746898263027295,22.0,32.0,2.0857142857143027,-11.999999999999996,-9.914285714285686,758,0.05865921787709497,0,0
352933140,ToolJet/ToolJet,JavaScript,2022-09-01,130,23,6,17,122,118,107,110,107,False,True,18,1.5,19,136.83333333333334,1.0,24.612327534523445,0,1.8000000000000032,30.166666666666668,5.845225972250052,0.4585635359116022,0.5414364640883977,0,-0.8285714285714267,131.83333333333334,107.33333333333333,0.8825065274151436,25.0,5.0,8.599999999999993,-2.7714285714285807,5.828571428571411,717,-0.1720554272517321,0,0
352933140,ToolJet/ToolJet,JavaScript,2022-10-01,187,75,52,23,253,234,167,260,200,False,True,19,1.5833333333333333,20,149.16666666666666,1.0,28.512570327254995,0,4.199999999999987,37.666666666666664,19.20069443188622,0.5442477876106194,0.4557522123893805,0,5.54285714285714,155.33333333333334,129.83333333333334,0.8368953880764904,43.0,28.0,38.828571428571415,32.228571428571406,71.05714285714285,1376,0.7573435504469987,0,0
352933140,ToolJet/ToolJet,JavaScript,2022-11-01,99,39,13,26,107,119,95,80,69,False,True,20,1.6666666666666667,21,145.0,1.0,34.187717092546485,0,-7.999999999999992,39.666666666666664,18.478816700932626,0.5252100840336135,0.47478991596638653,0,3.5999999999999974,152.0,124.66666666666667,0.8216276477146043,15.0,42.0,6.114285714285685,11.085714285714285,17.199999999999967,608,-0.19788918205804748,0,0
352933140,ToolJet/ToolJet,JavaScript,2022-12-01,197,33,9,24,189,190,168,64,73,False,True,21,1.75,22,147.16666666666666,1.0,37.41345568998755,0,7.228571428571417,38.5,18.67351065011611,0.4588744588744589,0.5411255411255411,0,2.7142857142857135,159.5,115.16666666666667,0.8252631578947368,7.0,31.0,19.171428571428564,-4.428571428571432,14.742857142857076,914,0.27475592747559274,0,0
352933140,ToolJet/ToolJet,JavaScript,2023-01-01,246,46,23,23,243,251,229,81,79,False,True,22,1.8333333333333333,23,165.16666666666666,1.0,54.29333906352292,0,19.514285714285712,41.5,18.085906114983562,0.46586345381526106,0.5341365461847389,0,1.6857142857142835,175.16666666666666,112.5,0.8371428571428572,1.0,22.0,55.485714285714266,-22.171428571428578,33.314285714285724,1175,-0.14607558139534885,0,0
352933140,ToolJet/ToolJet,JavaScript,2023-02-01,87,22,4,18,101,102,87,93,67,False,True,23,1.9166666666666667,24,157.66666666666666,1.0,62.307837923223296,0,1.7142857142857175,39.666666666666664,19.61292091114086,0.4495798319327731,0.5504201680672269,0,-2.7999999999999967,169.16666666666666,114.66666666666667,0.8412228796844181,1.0,93.0,4.228571428571406,-34.199999999999996,-29.971428571428568,559,-0.0805921052631579,0,0
352933140,ToolJet/ToolJet,JavaScript,2023-03-01,101,23,8,15,113,107,89,135,108,False,True,24,2.0,25,152.83333333333334,1.0,65.9042234357303,0,-11.914285714285729,39.666666666666664,19.61292091114086,0.4579831932773109,0.542016806722689,0,-8.514285714285714,167.66666666666666,118.83333333333333,0.8325024925224327,3.0,117.0,-46.91428571428565,-29.399999999999988,-76.31428571428567,676,-0.2603938730853392,0,0
352933140,ToolJet/ToolJet,JavaScript,2023-04-01,231,35,12,23,182,166,102,105,66,False,True,25,2.0833333333333335,26,160.16666666666666,1.0,72.57662617307767,0,6.085714285714284,33.0,9.273618495495699,0.3484848484848485,0.6515151515151515,0,-2.1142857142857188,155.83333333333334,93.0,0.8235294117647058,0.0,96.0,-14.342857142857149,12.228571428571426,-2.114285714285703,887,-0.2451063829787234,0,0
352933140,ToolJet/ToolJet,JavaScript,2023-05-01,233,42,18,24,255,249,157,155,115,False,True,26,2.1666666666666665,27,182.5,1.0,70.57974213611153,0,4.257142857142849,33.5,9.731392500562286,0.3681592039800995,0.6318407960199005,0,0.3714285714285729,180.5,105.5,0.7812206572769953,18.0,125.0,-6.5714285714285285,22.31428571428571,15.742857142857174,1206,1.1574239713774597,0,0
352933140,ToolJet/ToolJet,JavaScript,2023-06-01,159,40,20,20,169,156,129,91,77,False,True,27,2.25,28,176.16666666666666,1.0,70.72316923517118,0,3.800000000000001,34.666666666666664,10.073066398404537,0.40865384615384615,0.5913461538461539,0,1.2000000000000006,177.16666666666666,110.0,0.7691561590688651,32.0,148.0,-2.5999999999999788,8.514285714285702,5.914285714285743,821,0.21449704142011836,0,0
352933140,ToolJet/ToolJet,JavaScript,2023-07-01,185,38,12,26,172,172,140,100,63,False,True,28,2.3333333333333335,29,166.0,1.0,62.59392941811527,0,19.028571428571418,33.333333333333336,8.710147338975762,0.37,0.63,0,3.9428571428571426,165.33333333333334,113.16666666666667,0.7394957983193278,40.0,183.0,46.171428571428564,-3.171428571428563,42.99999999999995,870,-0.019165727170236752,0,0
352933140,ToolJet/ToolJet,JavaScript,2023-08-01,175,48,24,24,124,140,113,66,55,False,True,29,2.4166666666666665,30,180.66666666666666,1.0,49.27338700218064,0,4.514285714285718,37.666666666666664,8.406346808612321,0.415929203539823,0.584070796460177,0,3.7714285714285696,169.16666666666666,108.66666666666667,0.7373737373737373,25.0,168.0,6.714285714285676,-21.02857142857141,-14.314285714285694,721,-0.4021558872305141,0,0
352933140,ToolJet/ToolJet,JavaScript,2023-09-01,206,39,15,24,133,119,104,58,49,False,True,30,2.5,31,198.16666666666666,1.0,30.321059787986727,0,-7.799999999999986,40.333333333333336,4.412104562073127,0.41735537190082644,0.5826446280991735,0,1.0285714285714302,172.5,95.83333333333333,0.7435129740518962,33.0,150.0,-36.91428571428571,-22.05714285714286,-58.971428571428554,708,-0.13763702801461633,0,0
352933140,ToolJet/ToolJet,JavaScript,2023-10-01,364,88,63,25,376,298,202,145,125,False,True,31,2.5833333333333335,32,220.33333333333334,1.0,74.92841027718836,0,22.45714285714286,49.166666666666664,19.3537248783449,0.5152542372881356,0.4847457627118644,0,6.77142857142857,204.83333333333334,102.5,0.7451499118165785,95.0,131.0,19.257142857142856,-6.428571428571423,12.828571428571369,1598,0.8367816091954023,0,0
352933140,ToolJet/ToolJet,JavaScript,2023-11-01,161,36,12,24,69,126,68,68,47,False,True,32,2.6666666666666665,33,208.33333333333334,1.0,78.18866072946042,0,16.51428571428571,48.166666666666664,19.94408851431086,0.5051903114186851,0.49480968858131485,0,3.4571428571428613,173.83333333333334,88.0,0.7477744807121661,32.0,112.0,5.714285714285702,1.199999999999992,6.914285714285717,575,-0.20249653259361997,0,0
352933140,ToolJet/ToolJet,JavaScript,2023-12-01,209,45,14,31,137,137,116,107,64,False,True,33,2.75,34,216.66666666666666,1.0,74.45446035441172,0,6.7428571428571225,49.0,19.636700333813714,0.47619047619047616,0.5238095238095238,0,1.3714285714285672,168.5,90.66666666666667,0.748991935483871,19.0,141.0,-8.34285714285715,5.285714285714286,-3.0571428571428765,815,0.15112994350282485,0,0
352933140,ToolJet/ToolJet,JavaScript,2024-01-01,228,33,7,26,137,121,96,68,52,False,True,34,2.8333333333333335,35,223.83333333333334,1.0,72.84893044284637,0,2.0285714285714254,48.166666666666664,20.29203456203114,0.4671280276816609,0.532871972318339,0,-3.114285714285712,162.66666666666666,85.33333333333333,0.742826780021254,35.0,120.0,-17.8857142857143,0.9142857142857153,-16.971428571428536,735,-0.5400500625782227,0,0
352933140,ToolJet/ToolJet,JavaScript,2024-02-01,255,35,3,32,172,176,145,97,75,False,True,35,2.9166666666666665,36,237.16666666666666,1.0,69.36113224758277,0,-3.285714285714272,46.0,20.995237555217127,0.41304347826086957,0.5869565217391305,0,-5.028571428571433,170.66666666666666,90.5,0.7482088024564995,47.0,131.0,-21.542857142857144,-1.9714285714285822,-23.514285714285748,955,0.6608695652173913,0,0
352933140,ToolJet/ToolJet,JavaScript,2024-03-01,365,37,5,32,175,135,109,104,54,False,True,36,3.0,37,263.6666666666667,1.0,83.91821415322579,0,8.742857142857133,45.666666666666664,21.143951065651525,0.3795620437956204,0.6204379562043796,0,-7.714285714285716,177.66666666666666,98.16666666666667,0.7411883182275931,73.0,172.0,-46.599999999999916,-12.571428571428573,-59.171428571428656,979,0.20122699386503068,0,0
352933140,ToolJet/ToolJet,JavaScript,2024-04-01,487,52,20,32,217,256,198,97,114,False,True,37,3.0833333333333335,38,284.1666666666667,1.0,120.41663783159976,0,60.71428571428571,39.666666666666664,7.312090444371306,0.25630252100840334,0.7436974789915967,0,1.6571428571428535,151.16666666666666,90.16666666666667,0.7697160883280757,-44.0,135.0,64.74285714285715,14.085714285714268,78.82857142857145,1421,0.9333333333333333,0,0
352933140,ToolJet/ToolJet,JavaScript,2024-05-01,469,46,9,37,236,206,171,143,76,False,True,38,3.1666666666666665,39,335.5,1.0,123.03129683133473,0,62.48571428571426,41.333333333333336,7.44759469001007,0.23387096774193547,0.7661290322580645,0,1.8285714285714287,179.0,102.66666666666667,0.8098933074684772,43.0,181.0,56.9142857142857,14.25714285714286,71.17142857142855,1347,0.41047120418848165,0,0
352933140,ToolJet/ToolJet,JavaScript,2024-06-01,331,42,5,37,169,183,144,96,79,False,True,39,3.25,40,355.8333333333333,1.0,106.97741194601157,0,36.54285714285716,40.833333333333336,7.250287350627296,0.2,0.8,0,2.6571428571428553,184.33333333333334,100.83333333333333,0.8012999071494893,29.0,155.0,37.77142857142855,13.399999999999995,51.17142857142855,1044,0.06639427987742594,0,0
352933140,ToolJet/ToolJet,JavaScript,2024-07-01,455,46,11,35,215,189,151,103,43,False,True,40,3.3333333333333335,41,393.6666666666667,1.0,91.78816190918445,0,25.142857142857128,43.0,6.324555320336722,0.2054263565891473,0.7945736434108527,0,1.8285714285714296,197.33333333333334,106.66666666666667,0.8017467248908297,39.0,199.0,13.800000000000011,-2.02857142857141,11.771428571428578,1202,-0.15411681914144967,0,0
352933140,ToolJet/ToolJet,JavaScript,2024-08-01,164,34,6,28,99,81,61,53,35,False,True,41,3.4166666666666665,42,378.5,1.0,121.87165380021719,0,-35.4,42.833333333333336,6.585337247754757,0.2178988326848249,0.7821011673151751,0,-1.0571428571428585,185.16666666666666,99.33333333333333,0.7942857142857143,61.0,195.0,-38.71428571428568,-16.828571428571426,-55.54285714285712,527,-0.6087602078693393,0,0
352933140,ToolJet/ToolJet,JavaScript,2024-09-01,156,25,10,15,107,98,87,33,21,False,True,42,3.5,43,343.6666666666667,1.0,152.51710286609386,0,-69.88571428571427,40.833333333333336,9.765585833254766,0.24897959183673468,0.7510204081632653,0,-4.77142857142857,173.83333333333334,87.5,0.8015794669299111,30.0,157.0,-84.34285714285713,-34.485714285714266,-118.82857142857145,527,-0.4952107279693487,0,0
352933140,ToolJet/ToolJet,JavaScript,2024-10-01,284,78,56,22,196,199,123,148,67,False,True,43,3.5833333333333335,44,309.8333333333333,1.0,135.98149383892888,0,-49.74285714285716,45.166666666666664,18.00462903440852,0.35793357933579334,0.6420664206642066,0,2.771428571428569,170.33333333333334,96.0,0.7709205020920502,66.0,255.0,-40.02857142857143,-12.600000000000007,-52.62857142857144,1095,-0.08901830282861897,0,0
352933140,ToolJet/ToolJet,JavaScript,2024-11-01,432,43,10,33,194,173,129,73,91,False,True,44,3.6666666666666665,45,303.6666666666667,1.0,127.91976652052902,0,-0.4571428571428749,44.666666666666664,18.018509002319426,0.3656716417910448,0.6343283582089553,0,2.628571428571431,163.33333333333334,84.33333333333333,0.752979414951246,57.0,170.0,-1.714285714285729,3.3714285714285768,1.6571428571428515,1135,1.1537001897533208,0,0
352933140,ToolJet/ToolJet,JavaScript,2024-12-01,353,57,20,37,175,141,118,73,46,False,True,45,3.75,46,307.3333333333333,1.0,129.1691397612706,0,12.057142857142859,47.166666666666664,18.605554726120538,0.3992932862190813,0.6007067137809188,0,3.857142857142854,164.33333333333334,80.5,0.7593643586833144,105.0,180.0,11.028571428571414,7.257142857142848,18.285714285714274,963,0.8273244781783681,0,0
352933140,ToolJet/ToolJet,JavaScript,2025-01-01,262,35,6,29,104,96,74,55,129,False,True,46,3.8333333333333335,47,275.1666666666667,1.0,107.20525484633042,0,35.11428571428571,45.333333333333336,19.273470540270274,0.39705882352941174,0.6029411764705882,0,1.885714285714287,145.83333333333334,72.5,0.751269035532995,87.0,46.0,16.257142857142842,17.828571428571422,34.08571428571425,755,-0.3105022831050228,0,0
352933140,ToolJet/ToolJet,JavaScript,2025-02-01,436,36,2,34,121,104,79,54,162,False,True,47,3.9166666666666665,48,320.5,1.0,108.29912280346502,0,35.85714285714283,45.666666666666664,19.054308349207172,0.3795620437956204,0.6204379562043796,0,-1.7142857142857195,149.5,72.66666666666667,0.752157829839704,86.0,-80.0,-20.97142857142857,19.2,-1.771428571428622,992,-0.12599118942731277,0,0
352933140,ToolJet/ToolJet,JavaScript,2025-03-01,557,54,11,43,257,221,140,76,78,False,True,48,4.0,49,387.3333333333333,1.0,110.19558369856155,0,36.742857142857126,50.5,16.232683080747915,0.3465346534653465,0.6534653465346535,0,-4.657142857142857,174.5,79.83333333333333,0.7098501070663812,113.0,-94.0,-6.742857142857192,-2.3999999999999955,-9.142857142857146,1383,0.43613707165109034,0,0
352933140,ToolJet/ToolJet,JavaScript,2025-04-01,779,47,7,40,242,253,213,125,103,False,True,49,4.083333333333333,50,469.8333333333333,1.0,180.3345964219476,0,72.02857142857142,45.333333333333336,9.092121131323882,0.20588235294117646,0.7941176470588235,0,0.34285714285714564,182.16666666666666,76.0,0.7621457489878543,105.0,-153.0,46.91428571428569,13.057142857142864,59.97142857142857,1762,1.333774834437086,0,0
352933140,ToolJet/ToolJet,JavaScript,2025-05-01,642,42,3,39,149,128,75,24,35,False,True,50,4.166666666666667,51,504.8333333333333,1.0,191.55303878212615,0,89.05714285714285,45.166666666666664,9.152413160837215,0.18081180811808117,0.8191881918819188,0,-0.5999999999999998,174.66666666666666,67.83333333333333,0.7412513255567338,105.0,-146.0,34.457142857142856,-6.57142857142857,27.885714285714304,1095,0.10383064516129033,0,0
352933140,ToolJet/ToolJet,JavaScript,2025-06-01,455,52,10,42,148,157,108,18,17,False,True,51,4.25,52,521.8333333333334,1.0,179.53207698533075,0,51.57142857142855,44.333333333333336,8.016649341630597,0.14661654135338345,0.8533834586466166,0,2.742857142857142,170.16666666666666,58.666666666666664,0.7184567257559958,62.0,-172.0,26.54285714285714,-32.62857142857143,-6.085714285714299,955,-0.309472161966739,0,0
352933140,ToolJet/ToolJet,JavaScript,2025-07-01,1407,53,5,48,442,422,337,20,17,False,True,52,4.333333333333333,53,712.6666666666666,1.0,362.94939959540756,0,126.05714285714284,47.333333333333336,7.146094504459499,0.13380281690140844,0.8661971830985915,0,2.114285714285712,226.5,52.833333333333336,0.7408560311284047,74.0,-95.0,100.39999999999995,-40.60000000000001,59.79999999999997,2698,0.5312145289443814,0,0
352933140,ToolJet/ToolJet,JavaScript,2025-08-01,831,48,6,42,296,350,246,56,102,False,True,53,4.416666666666667,54,778.5,1.0,337.67306673763636,0,87.62857142857149,49.333333333333336,4.546060565661905,0.14189189189189189,0.8581081081081081,0,-0.057142857142858404,255.66666666666666,53.166666666666664,0.7308948399738733,3.0,-33.0,83.14285714285711,-16.485714285714277,66.65714285714282,1929,0.7616438356164383,0,0
352933140,ToolJet/ToolJet,JavaScript,2025-09-01,1075,52,3,49,235,229,202,37,34,False,True,54,4.5,55,864.8333333333334,1.0,335.9300026295165,0,85.68571428571427,49.0,4.195235392680555,0.11564625850340136,0.8843537414965986,0,1.257142857142859,252.0,46.666666666666664,0.7673814165042235,-27.0,-28.0,62.8,-13.885714285714284,48.91428571428573,1864,0.9518324607329843,0,0
352933140,ToolJet/ToolJet,JavaScript,2025-10-01,775,52,3,49,210,180,136,34,25,False,True,55,4.583333333333333,56,864.1666666666666,1.0,336.13831478524867,0,55.68571428571429,49.833333333333336,4.215052391924237,0.10033444816053512,0.8996655518394648,0,1.2857142857142843,246.66666666666666,31.5,0.7530695770804912,14.0,-41.0,37.71428571428567,6.542857142857139,44.25714285714284,1412,-0.4766493699036323,0,0
352933140,ToolJet/ToolJet,JavaScript,2025-11-01,907,56,4,52,182,174,147,15,18,False,True,56,4.666666666666667,57,908.3333333333334,1.0,318.0306064935684,0,17.37142857142851,52.166666666666664,2.5625508125042527,0.09904153354632587,0.9009584664536742,0,0.5999999999999989,252.16666666666666,30.0,0.7777777777777778,1.0,-33.0,-51.45714285714293,-0.8857142857142822,-52.34285714285722,1499,-0.22291342664593053,0,0
352933140,ToolJet/ToolJet,JavaScript,2025-12-01,646,54,8,46,184,174,128,22,15,False,True,57,4.75,58,940.1666666666666,1.0,269.42339665787557,0,-110.77142857142856,52.5,2.664582518894759,0.09206349206349207,0.9079365079365079,0,0.8285714285714305,258.1666666666667,30.666666666666668,0.7822105951602355,20.0,-27.0,-139.48571428571424,-11.05714285714286,-150.54285714285703,1223,-0.3438841201716738,0,0
352933140,ToolJet/ToolJet,JavaScript,2026-01-01,686,57,4,53,218,200,169,16,34,False,True,58,4.833333333333333,59,820.0,1.0,156.8260182495247,0,-53.714285714285765,53.166666666666664,3.2506409624359027,0.0877742946708464,0.9122257053291536,0,1.5714285714285687,220.83333333333334,30.0,0.7865340474368784,18.0,-48.0,-59.65714285714282,-19.08571428571429,-78.7428571428571,1380,-0.0226628895184136,0,0
352933140,ToolJet/ToolJet,JavaScript,2026-02-01,820,59,6,53,238,252,213,20,38,False,True,59,4.916666666666667,60,818.1666666666666,1.0,156.73597757588053,0,-51.51428571428567,55.0,2.8284271247461112,0.08484848484848485,0.9151515151515152,0,1.3714285714285748,211.16666666666666,24.0,0.8229942100909843,58.0,-20.0,10.028571428571441,-2.514285714285718,7.514285714285732,1640,0.09406270847231488,0,0
352933140,ToolJet/ToolJet,JavaScript,2026-03-01,1253,62,4,58,359,318,265,32,31,False,True,60,5.0,61,847.8333333333334,1.0,219.39317825918593,0,61.97142857142852,56.666666666666664,3.5590260840103736,0.08529411764705883,0.9147058823529411,0,1.7714285714285722,231.83333333333334,23.166666666666668,0.8151001540832049,93.0,-22.0,79.45714285714284,3.0857142857142845,82.5428571428571,2320,0.8969746524938675,0,0
352933140,ToolJet/ToolJet,JavaScript,2026-04-01,1061,65,4,61,360,358,294,24,33,False,True,61,5.083333333333333,62,895.5,1.0,231.15773835197533,0,77.85714285714289,58.833333333333336,4.070217029430516,0.08498583569405099,0.9150141643059491,0,2.028571428571427,256.8333333333333,21.5,0.8238482384823849,65.0,-40.0,115.1142857142857,5.8857142857142835,120.99999999999993,2195,0.5905797101449275,0,0
352933140,ToolJet/ToolJet,JavaScript,2026-05-01,855,57,2,55,319,255,221,16,18,False,True,62,5.166666666666667,63,886.8333333333334,1.0,231.61469441006315,0,74.3714285714286,59.0,3.9496835316262375,0.07909604519774012,0.9209039548022598,0,1.2000000000000015,279.6666666666667,21.666666666666668,0.8285163776493256,121.0,-39.0,87.39999999999998,0.31428571428571356,87.7142857142857,1741,0.061585365853658536,0,0
352933140,ToolJet/ToolJet,JavaScript,2026-06-01,816,59,1,58,382,312,250,15,95,False,True,63,5.25,64,915.1666666666666,1.0,205.1471829362201,0,16.08571428571424,59.833333333333336,3.1251666622223766,0.0584958217270195,0.9415041782729805,0,0.19999999999999865,312.6666666666667,20.5,0.8330383480825959,181.0,-126.0,60.88571428571424,6.34285714285714,67.22857142857134,1929,-0.16853448275862068,0,0
352933140,ToolJet/ToolJet,JavaScript,2026-07-01,762,58,4,54,314,272,230,34,13,False,True,64,5.333333333333333,65,927.8333333333334,1.0,189.9509585831747,0,-51.628571428571405,60.0,2.9664793948381774,0.058333333333333334,0.9416666666666667,0,-0.6285714285714309,328.6666666666667,23.5,0.833616298811545,205.0,-87.0,10.114285714285726,1.8000000000000005,11.914285714285695,1683,-0.23325740318906607,0,0
352933140,ToolJet/ToolJet,JavaScript,2026-08-01,1109,56,3,53,359,278,217,24,9,False,True,65,5.416666666666667,66,976.0,1.0,193.74209661299815,0,-47.31428571428579,59.5,3.39116499156256,0.05042016806722689,0.9495798319327731,0,-1.3999999999999964,348.8333333333333,24.166666666666668,0.8237590630228667,300.0,-54.0,-25.114285714285693,-2.971428571428572,-28.085714285714282,2052,0.17863296955772545,0,0
439491516,ange-yaghi/engine-sim,C++,2021-12-01,3,2,2,0,0,0,0,0,0,False,True,0,0.0,1,3.0,1.0,0.0,0,,2.0,0.0,1.0,0.0,0,,0.0,0.0,,0.0,0.0,,,,5,,0,0
439491516,ange-yaghi/engine-sim,C++,2022-01-01,9,1,0,1,0,0,0,0,0,False,True,1,0.08333333333333333,2,6.0,1.0,4.242640687119285,0,,1.5,0.7071067811865476,0.6666666666666666,0.3333333333333333,0,,0.0,0.0,,0.0,0.0,,,,10,,0,0
439491516,ange-yaghi/engine-sim,C++,2022-02-01,23,1,0,1,0,0,0,0,0,False,True,2,0.16666666666666666,3,11.666666666666666,1.0,10.263202878893768,0,9.999999999999996,1.3333333333333333,0.5773502691896257,0.5,0.5,0,-0.5,0.0,0.0,,0.0,0.0,0.0,0.0,0.0,24,,0,0
439491516,ange-yaghi/engine-sim,C++,2022-03-01,18,1,0,1,0,0,0,0,0,False,True,3,0.25,4,13.25,1.0,8.958236433584458,0,5.9,1.25,0.5,0.4,0.6,0,-0.3,0.0,0.0,,0.0,0.0,0.0,0.0,0.0,19,2.8,0,0
439491516,ange-yaghi/engine-sim,C++,2022-04-01,1,1,0,1,0,0,0,0,0,False,True,4,0.3333333333333333,5,10.8,1.0,9.497368056467012,0,0.49999999999999917,1.2,0.4472135954999579,0.3333333333333333,0.6666666666666666,0,-0.20000000000000032,0.0,0.0,,0.0,0.0,0.0,0.0,0.0,2,-0.8,0,0
439491516,ange-yaghi/engine-sim,C++,2022-05-01,1,1,0,1,0,0,0,0,0,False,True,5,0.4166666666666667,6,9.166666666666666,1.0,9.38971068066885,0,-1.1142857142857143,1.1666666666666667,0.408248290463863,0.2857142857142857,0.7142857142857143,0,-0.14285714285714293,0.0,0.0,,0.0,0.0,0.0,0.0,0.0,2,-0.9166666666666666,0,0
439491516,ange-yaghi/engine-sim,C++,2022-06-01,26,1,0,1,0,0,0,0,0,False,True,6,0.5,7,13.0,1.0,10.936178491593852,0,0.05714285714285529,1.0,0.0,0.0,1.0,0,-1.1976195368092883e-16,0.0,0.0,,0.0,0.0,0.0,0.0,0.0,27,0.42105263157894735,0,0
439491516,ange-yaghi/engine-sim,C++,2022-07-01,31,1,0,1,0,0,0,0,0,False,True,7,0.5833333333333334,8,16.666666666666668,1.0,12.847827313077751,0,1.828571428571427,1.0,0.0,0.0,1.0,0,-1.1976195368092883e-16,0.0,0.0,,0.0,0.0,0.0,0.0,0.0,32,15.0,0,0
439491516,ange-yaghi/engine-sim,C++,2022-08-01,83,7,6,1,23,16,11,192,106,False,True,8,0.6666666666666666,9,26.666666666666668,1.0,30.283108603092032,0,12.57142857142857,2.0,2.449489742783178,0.5,0.5,0,0.8571428571428569,3.8333333333333335,32.0,0.6875,7.0,86.0,7.142857142857141,42.57142857142856,49.7142857142857,438,218.0,0,0
439491516,ange-yaghi/engine-sim,C++,2022-09-01,15,1,0,1,3,4,0,98,99,False,True,9,0.75,10,26.166666666666668,1.0,30.478954487755427,0,9.171428571428573,2.0,2.449489742783178,0.5,0.5,0,0.5142857142857142,4.333333333333333,48.333333333333336,0.55,6.0,85.0,5.285714285714286,53.68571428571427,58.97142857142856,220,7.148148148148148,0,0
439491516,ange-yaghi/engine-sim,C++,2022-10-01,4,1,0,1,8,3,0,50,40,False,True,10,0.8333333333333334,11,26.666666666666668,1.0,30.004444115275103,0,0.9714285714285708,2.0,2.449489742783178,0.5,0.5,0,0.1714285714285713,5.666666666666667,56.666666666666664,0.4782608695652174,11.0,95.0,3.599999999999998,38.25714285714285,41.857142857142854,106,2.3125,0,0
439491516,ange-yaghi/engine-sim,C++,2022-11-01,2,1,0,1,1,3,0,12,15,False,True,11,0.9166666666666666,12,26.833333333333332,1.0,29.835660989270316,0,-7.685714285714282,2.0,2.449489742783178,0.5,0.5,0,-0.17142857142857149,5.833333333333333,58.666666666666664,0.4230769230769231,9.0,92.0,0.2857142857142851,8.685714285714278,8.971428571428568,34,-0.9223744292237442,0,0
439491516,ange-yaghi/engine-sim,C++,2022-12-01,0,0,0,0,1,0,0,17,15,False,True,12,1.0,13,22.5,1.0,31.804087787578503,1,-11.685714285714285,1.8333333333333333,2.562550812504343,0.5454545454545454,0.45454545454545453,1,-0.657142857142857,6.0,61.5,0.4230769230769231,10.0,94.0,-3.685714285714284,-21.7142857142857,-25.399999999999988,33,-0.85,0,0
439491516,ange-yaghi/engine-sim,C++,2023-01-01,1,1,0,1,1,0,0,7,6,False,True,13,1.0833333333333333,14,17.5,1.0,32.54996159751959,0,-13.057142857142855,1.8333333333333333,2.562550812504343,0.5454545454545454,0.45454545454545453,0,-0.9428571428571425,6.166666666666667,62.666666666666664,0.4230769230769231,11.0,95.0,-7.714285714285712,-56.65714285714284,-64.37142857142855,16,-0.8490566037735849,0,0
439491516,ange-yaghi/engine-sim,C++,2023-02-01,0,0,0,0,0,0,0,4,1,False,True,14,1.1666666666666667,15,3.6666666666666665,1.0,5.7503623074261,1,-2.457142857142857,0.6666666666666666,0.5163977794943216,0.0,1.0,1,-0.1714285714285714,2.3333333333333335,31.333333333333332,0.0,4.0,12.0,-1.9428571428571422,-33.88571428571428,-35.828571428571415,5,-0.8529411764705882,0,0
439491516,ange-yaghi/engine-sim,C++,2023-03-01,0,0,0,0,0,0,0,1,0,False,True,15,1.25,16,1.1666666666666667,1.0,1.602081978759775,2,-0.7142857142857141,0.5,0.5477225575051653,0.0,1.0,2,-0.2,1.8333333333333333,15.166666666666666,0.0,5.0,14.0,-1.914285714285713,-15.142857142857139,-17.057142857142857,1,-0.9696969696969697,0,0
439491516,ange-yaghi/engine-sim,C++,2023-04-01,0,0,0,0,0,0,0,4,1,False,True,16,1.3333333333333333,17,0.5,1.0,0.8366600265341799,3,-0.31428571428571417,0.3333333333333333,0.5163977794943213,0.0,1.0,3,-0.17142857142857135,0.5,7.5,0.0,0.0,7.0,-0.6857142857142856,-6.028571428571427,-6.714285714285712,5,-0.6875,0,0
439491516,ange-yaghi/engine-sim,C++,2023-05-01,0,0,0,0,0,0,0,2,1,False,True,17,1.4166666666666667,18,0.16666666666666666,1.0,0.40824829046408007,4,-0.08571428571428574,0.16666666666666666,0.40824829046386163,0.0,1.0,4,-0.08571428571428574,0.3333333333333333,5.833333333333333,,2.0,11.0,-0.2285714285714285,-4.94285714285714,-5.171428571428571,3,-0.4,0,0
439491516,ange-yaghi/engine-sim,C++,2023-06-01,0,0,0,0,0,0,0,3,1,False,True,18,1.5,19,0.16666666666666666,1.0,0.40824829046408007,5,-0.1428571428571428,0.16666666666666666,0.40824829046386163,0.0,1.0,5,-0.1428571428571428,0.16666666666666666,3.5,,1.0,11.0,-0.1428571428571428,-1.3428571428571427,-1.4857142857142862,4,3.0,0,0
439491516,ange-yaghi/engine-sim,C++,2023-07-01,0,0,0,0,0,0,0,1,1,False,True,19,1.5833333333333333,20,0.0,1.0,0.0,6,0.0,0.0,0.0,,,6,0.0,0.0,2.5,,0.0,10.0,0.0,-0.2285714285714285,-0.2285714285714285,2,-0.6,0,0
439491516,ange-yaghi/engine-sim,C++,2023-08-01,0,0,0,0,0,0,0,1,0,False,True,20,1.6666666666666667,21,0.0,1.0,0.0,7,0.0,0.0,0.0,,,7,0.0,0.0,2.0,,0.0,8.0,0.0,-0.22857142857142845,-0.22857142857142845,1,-0.6666666666666666,0,0
439491516,ange-yaghi/engine-sim,C++,2023-09-01,0,0,0,0,0,0,0,3,0,False,True,21,1.75,22,0.0,1.0,0.0,8,0.0,0.0,0.0,,,8,0.0,0.0,2.3333333333333335,,0.0,10.0,0.0,-0.5142857142857145,-0.5142857142857145,3,-0.25,0,0
439491516,ange-yaghi/engine-sim,C++,2023-10-01,0,0,0,0,0,0,0,2,0,False,True,22,1.8333333333333333,23,0.0,1.0,0.0,9,0.0,0.0,0.0,,,9,0.0,0.0,2.0,,0.0,9.0,0.0,-0.25714285714285706,-0.25714285714285706,2,0.0,0,0
439491516,ange-yaghi/engine-sim,C++,2023-11-01,0,0,0,0,0,0,0,0,0,False,False,23,1.9166666666666667,24,0.0,0.9166666666666666,0.0,10,0.0,0.0,0.0,,,10,0.0,0.0,1.6666666666666667,,0.0,8.0,0.0,-0.514285714285714,-0.514285714285714,0,-1.0,1,1
439491516,ange-yaghi/engine-sim,C++,2023-12-01,0,0,0,0,0,0,0,0,0,False,False,24,2.0,25,0.0,0.8333333333333334,0.0,11,0.0,0.0,0.0,,,11,0.0,0.0,1.1666666666666667,,0.0,6.0,0.0,-0.3999999999999999,-0.3999999999999999,0,-1.0,2,2
439491516,ange-yaghi/engine-sim,C++,2024-01-01,0,0,0,0,0,0,0,0,0,False,False,25,2.0833333333333335,26,0.0,0.75,0.0,12,0.0,0.0,0.0,,,12,0.0,0.0,1.0,,0.0,6.0,0.0,-0.457142857142857,-0.457142857142857,0,-1.0,3,3
439491516,ange-yaghi/engine-sim,C++,2024-02-01,0,0,0,0,0,0,0,2,0,False,True,26,2.1666666666666665,27,0.0,0.75,0.0,13,0.0,0.0,0.0,,,13,0.0,0.0,1.1666666666666667,,0.0,7.0,0.0,-0.3142857142857143,-0.3142857142857143,2,,0,3
439491516,ange-yaghi/engine-sim,C++,2024-03-01,0,0,0,0,0,0,0,0,0,False,False,27,2.25,28,0.0,0.6666666666666666,0.0,14,0.0,0.0,0.0,,,14,0.0,0.0,0.6666666666666666,,0.0,4.0,0.0,-0.1142857142857142,-0.1142857142857142,0,0.0,1,3
439491516,ange-yaghi/engine-sim,C++,2024-04-01,0,0,0,0,0,0,0,2,0,False,True,28,2.3333333333333335,29,0.0,0.6666666666666666,0.0,15,0.0,0.0,0.0,,,15,0.0,0.0,0.6666666666666666,,0.0,4.0,0.0,0.34285714285714275,0.34285714285714275,2,,0,3
439491516,ange-yaghi/engine-sim,C++,2024-05-01,0,0,0,0,0,0,0,1,1,False,True,29,2.4166666666666665,30,0.0,0.6666666666666666,0.0,16,0.0,0.0,0.0,,,16,0.0,0.0,0.8333333333333334,,0.0,4.0,0.0,0.39999999999999997,0.39999999999999997,2,0.0,0,3
439491516,ange-yaghi/engine-sim,C++,2024-06-01,0,0,0,0,1,0,0,2,0,False,True,30,2.5,31,0.0,0.6666666666666666,0.0,17,0.0,0.0,0.0,,,17,0.0,0.16666666666666666,1.1666666666666667,,1.0,6.0,0.14285714285714277,0.34285714285714275,0.48571428571428565,3,,0,3
439491516,ange-yaghi/engine-sim,C++,2024-07-01,0,0,0,0,0,0,0,2,0,False,True,31,2.5833333333333335,32,0.0,0.6666666666666666,0.0,18,0.0,0.0,0.0,,,18,0.0,0.16666666666666666,1.5,,1.0,8.0,0.08571428571428572,0.17142857142857137,0.2571428571428572,2,0.0,0,3
439491516,ange-yaghi/engine-sim,C++,2024-08-01,0,0,0,0,0,0,0,1,0,False,True,32,2.6666666666666665,33,0.0,0.6666666666666666,0.0,19,0.0,0.0,0.0,,,19,0.0,0.16666666666666666,1.3333333333333333,,1.0,7.0,0.028571428571428564,0.14285714285714274,0.17142857142857143,1,-0.5,0,3
439491516,ange-yaghi/engine-sim,C++,2024-09-01,0,0,0,0,0,0,0,0,0,False,False,33,2.75,34,0.0,0.5833333333333334,0.0,20,0.0,0.0,0.0,,,20,0.0,0.16666666666666666,1.3333333333333333,,1.0,7.0,-0.028571428571428584,-0.37142857142857155,-0.39999999999999997,0,-1.0,1,3
439491516,ange-yaghi/engine-sim,C++,2024-10-01,0,0,0,0,0,0,0,0,0,False,False,34,2.8333333333333335,35,0.0,0.5,0.0,21,0.0,0.0,0.0,,,21,0.0,0.16666666666666666,1.0,,1.0,5.0,-0.08571428571428574,-0.4857142857142856,-0.5714285714285713,0,-1.0,2,3
439491516,ange-yaghi/engine-sim,C++,2024-11-01,0,0,0,0,0,0,0,0,0,False,False,35,2.9166666666666665,36,0.0,0.5,0.0,22,0.0,0.0,0.0,,,22,0.0,0.16666666666666666,0.8333333333333334,,1.0,5.0,-0.1428571428571428,-0.4857142857142854,-0.6285714285714284,0,-1.0,3,3
439491516,ange-yaghi/engine-sim,C++,2024-12-01,0,0,0,0,0,0,0,1,0,False,True,36,3.0,37,0.0,0.5833333333333334,0.0,23,0.0,0.0,0.0,,,23,0.0,0.0,0.6666666666666666,,0.0,4.0,0.0,-0.22857142857142865,-0.22857142857142865,1,,0,3
439491516,ange-yaghi/engine-sim,C++,2025-01-01,0,0,0,0,0,0,0,1,0,False,True,37,3.0833333333333335,38,0.0,0.6666666666666666,0.0,24,0.0,0.0,0.0,,,24,0.0,0.0,0.5,,0.0,3.0,0.0,0.08571428571428572,0.08571428571428572,1,,0,3
439491516,ange-yaghi/engine-sim,C++,2025-02-01,0,0,0,0,0,0,0,0,0,False,False,38,3.1666666666666665,39,0.0,0.5833333333333334,0.0,25,0.0,0.0,0.0,,,25,0.0,0.0,0.3333333333333333,,0.0,2.0,0.0,0.1142857142857143,0.1142857142857143,0,0.0,1,3
439491516,ange-yaghi/engine-sim,C++,2025-03-01,0,0,0,0,1,1,0,0,0,False,True,39,3.25,40,0.0,0.6666666666666666,0.0,26,0.0,0.0,0.0,,,26,0.0,0.16666666666666666,0.3333333333333333,0.0,0.0,2.0,0.28571428571428553,-1.4970244210116104e-17,0.2857142857142856,2,1.0,0,3
439491516,ange-yaghi/engine-sim,C++,2025-04-01,0,0,0,0,0,1,0,2,0,False,True,40,3.3333333333333335,41,0.0,0.6666666666666666,0.0,27,0.0,0.0,0.0,,,27,0.0,0.16666666666666666,0.6666666666666666,0.0,-1.0,4.0,0.3142857142857143,0.17142857142857135,0.48571428571428554,3,2.0,0,3
439491516,ange-yaghi/engine-sim,C++,2025-05-01,0,0,0,0,0,0,0,2,0,False,True,41,3.4166666666666665,42,0.0,0.6666666666666666,0.0,28,0.0,0.0,0.0,,,28,0.0,0.16666666666666666,1.0,0.0,-1.0,6.0,0.14285714285714282,0.22857142857142845,0.37142857142857133,2,,0,3
439491516,ange-yaghi/engine-sim,C++,2025-06-01,0,0,0,0,0,0,0,1,0,False,True,42,3.5,43,0.0,0.6666666666666666,0.0,29,0.0,0.0,0.0,,,29,0.0,0.16666666666666666,1.0,0.0,-1.0,6.0,-0.028571428571428588,0.22857142857142845,0.19999999999999998,1,-0.5,0,3
439491516,ange-yaghi/engine-sim,C++,2025-07-01,0,0,0,0,0,0,0,0,0,False,False,43,3.5833333333333335,44,0.0,0.5833333333333334,0.0,30,0.0,0.0,0.0,,,30,0.0,0.16666666666666666,0.8333333333333334,0.0,-1.0,5.0,-0.20000000000000004,0.08571428571428569,-0.11428571428571435,0,-1.0,1,3
439491516,ange-yaghi/engine-sim,C++,2025-08-01,0,0,0,0,0,0,0,0,0,False,False,44,3.6666666666666665,45,0.0,0.5,0.0,31,0.0,0.0,0.0,,,31,0.0,0.16666666666666666,0.8333333333333334,0.0,-1.0,5.0,-0.37142857142857133,-0.19999999999999998,-0.5714285714285713,0,-1.0,2,3
439491516,ange-yaghi/engine-sim,C++,2025-09-01,0,0,0,0,0,1,0,1,0,False,True,45,3.75,46,0.0,0.5833333333333334,0.0,32,0.0,0.0,0.0,,,32,0.0,0.0,1.0,0.0,-2.0,6.0,-2.2455366315174155e-17,-0.34285714285714264,-0.34285714285714286,2,1.0,0,3
439491516,ange-yaghi/engine-sim,C++,2025-10-01,0,0,0,0,0,0,0,1,0,False,True,46,3.8333333333333335,47,0.0,0.6666666666666666,0.0,33,0.0,0.0,0.0,,,33,0.0,0.0,0.8333333333333334,0.0,-1.0,5.0,0.08571428571428572,-0.14285714285714282,-0.05714285714285711,1,,0,3
439491516,ange-yaghi/engine-sim,C++,2025-11-01,0,0,0,0,0,0,0,0,0,False,False,47,3.9166666666666665,48,0.0,0.6666666666666666,0.0,34,0.0,0.0,0.0,,,34,0.0,0.0,0.5,0.0,-1.0,3.0,0.028571428571428564,-0.028571428571428574,0.0,0,0.0,1,3
439491516,ange-yaghi/engine-sim,C++,2025-12-01,0,0,0,0,0,0,0,0,0,False,False,48,4.0,49,0.0,0.5833333333333334,0.0,35,0.0,0.0,0.0,,,35,0.0,0.0,0.3333333333333333,0.0,-1.0,2.0,-0.028571428571428584,-1.4970244210116104e-17,-0.028571428571428588,0,-1.0,2,3
439491516,ange-yaghi/engine-sim,C++,2026-01-01,0,0,0,0,1,1,0,0,1,False,True,49,4.083333333333333,50,0.0,0.5833333333333334,0.0,36,0.0,0.0,0.0,,,36,0.0,0.16666666666666666,0.3333333333333333,0.0,-1.0,1.0,0.19999999999999993,0.028571428571428557,0.2285714285714284,3,2.0,0,3
439491516,ange-yaghi/engine-sim,C++,2026-02-01,0,0,0,0,0,0,0,0,0,False,False,50,4.166666666666667,51,0.0,0.5833333333333334,0.0,37,0.0,0.0,0.0,,,37,0.0,0.16666666666666666,0.3333333333333333,0.0,-1.0,1.0,0.028571428571428633,-0.14285714285714282,-0.11428571428571423,0,0.0,1,3
439491516,ange-yaghi/engine-sim,C++,2026-03-01,0,0,0,0,0,0,0,0,0,False,False,51,4.25,52,0.0,0.5,0.0,38,0.0,0.0,0.0,,,38,0.0,0.16666666666666666,0.16666666666666666,0.0,0.0,0.0,0.05714285714285713,-0.11428571428571427,-0.05714285714285711,0,0.0,2,3
439491516,ange-yaghi/engine-sim,C++,2026-04-01,0,0,0,0,0,0,0,2,1,False,True,52,4.333333333333333,53,0.0,0.5,0.0,39,0.0,0.0,0.0,,,39,0.0,0.16666666666666666,0.3333333333333333,0.0,0.0,0.0,-0.05714285714285717,0.39999999999999986,0.34285714285714275,3,0.0,0,3
439491516,ange-yaghi/engine-sim,C++,2026-05-01,0,0,0,0,0,0,0,0,1,False,True,53,4.416666666666667,54,0.0,0.5,0.0,40,0.0,0.0,0.0,,,40,0.0,0.16666666666666666,0.3333333333333333,0.0,0.0,-1.0,-0.17142857142857149,0.3142857142857143,0.14285714285714282,1,,0,3
439491516,ange-yaghi/engine-sim,C++,2026-06-01,0,0,0,0,0,0,0,2,0,False,True,54,4.5,55,0.0,0.5,0.0,41,0.0,0.0,0.0,,,41,0.0,0.16666666666666666,0.6666666666666666,0.0,0.0,1.0,-0.2857142857142856,0.31428571428571417,0.028571428571428543,2,,0,3
439491516,ange-yaghi/engine-sim,C++,2026-07-01,0,0,0,0,1,1,0,3,0,False,True,55,4.583333333333333,56,0.0,0.5833333333333334,0.0,42,0.0,0.0,0.0,,,42,0.0,0.16666666666666666,1.1666666666666667,0.0,0.0,5.0,0.28571428571428553,0.5428571428571427,0.8285714285714284,5,0.6666666666666666,0,3
439491516,ange-yaghi/engine-sim,C++,2026-08-01,0,0,0,0,1,1,0,0,0,False,True,56,4.666666666666667,57,0.0,0.6666666666666666,0.0,43,0.0,0.0,0.0,,,43,0.0,0.3333333333333333,1.1666666666666667,0.0,0.0,5.0,0.457142857142857,0.02857142857142851,0.48571428571428554,2,1.0,0,3
579676275,Flipper-XFW/Xtreme-Firmware,C,2022-12-01,1017,62,62,0,38,38,38,10,9,False,True,0,0.0,1,1017.0,1.0,0.0,0,,62.0,0.0,1.0,0.0,0,,38.0,10.0,1.0,0.0,1.0,,,,1212,,0,0
579676275,Flipper-XFW/Xtreme-Firmware,C,2023-01-01,600,51,31,20,45,44,34,26,25,False,True,1,0.08333333333333333,2,808.5,1.0,294.8635277547903,0,,56.5,7.7781745930520225,0.8230088495575221,0.17699115044247787,0,,41.5,18.0,0.8780487804878049,1.0,2.0,,,,825,,0,0
579676275,Flipper-XFW/Xtreme-Firmware,C,2023-02-01,603,54,25,29,8,8,6,21,20,False,True,2,0.16666666666666666,3,740.0,1.0,239.89372647070203,0,-207.00000000000006,55.666666666666664,5.686240703077327,0.7065868263473054,0.2934131736526946,0,-4.0000000000000036,30.333333333333332,19.0,0.8666666666666667,1.0,3.0,-45.99999999999998,11.000000000000007,-34.99999999999996,720,,0,0
579676275,Flipper-XFW/Xtreme-Firmware,C,2023-03-01,523,37,17,20,7,8,8,33,25,False,True,3,0.25,4,685.75,1.0,223.91572075225088,0,-147.89999999999998,51.0,10.424330514074594,0.6617647058823529,0.3382352941176471,0,-7.199999999999997,24.5,22.5,0.8775510204081632,0.0,11.0,-37.399999999999984,10.700000000000001,-26.699999999999996,641,-0.47112211221122113,0,0
579676275,Flipper-XFW/Xtreme-Firmware,C,2023-04-01,313,29,10,19,4,4,2,26,26,False,True,4,0.3333333333333333,5,611.2,1.0,255.7189863893567,0,-148.5000000000001,46.6,13.352902306240393,0.6223175965665236,0.3776824034334764,0,-8.0,20.4,23.2,0.8627450980392157,0.0,11.0,-30.80000000000003,7.299999999999998,-23.500000000000032,404,-0.5103030303030303,0,0
579676275,Flipper-XFW/Xtreme-Firmware,C,2023-05-01,557,42,19,23,15,14,10,43,44,False,True,5,0.4166666666666667,6,602.1666666666666,1.0,229.7898315127688,0,-92.6,45.833333333333336,12.089940722214758,0.5963636363636363,0.4036363636363636,0,-5.228571428571426,19.5,26.5,0.8448275862068966,1.0,10.0,-20.37142857142857,10.285714285714281,-10.085714285714289,725,0.006944444444444444,0,0
579676275,Flipper-XFW/Xtreme-Firmware,C,2023-06-01,426,36,9,27,6,7,2,30,23,False,True,6,0.5,7,503.6666666666667,1.0,113.79923842744594,0,-34.79999999999999,41.5,9.523654760647302,0.4457831325301205,0.5542168674698795,0,-3.399999999999999,14.166666666666666,29.833333333333332,0.7294117647058823,0.0,16.0,-14.342857142857142,4.057142857142858,-10.285714285714274,530,-0.1731669266770671,0,0
579676275,Flipper-XFW/Xtreme-Firmware,C,2023-07-01,524,35,10,25,6,6,4,21,22,False,True,7,0.5833333333333334,8,491.0,1.0,104.806488348766,0,-12.62857142857145,38.833333333333336,8.518607084885808,0.38626609442060084,0.6137339055793991,0,-2.4285714285714293,7.666666666666667,29.0,0.6808510638297872,-1.0,14.0,-0.7142857142857147,0.8571428571428579,0.14285714285713835,618,0.5297029702970297,0,0
579676275,Flipper-XFW/Xtreme-Firmware,C,2023-08-01,341,46,20,26,6,5,4,23,19,False,True,8,0.6666666666666666,9,447.3333333333333,1.0,103.3802044236066,0,-11.657142857142853,37.5,5.890670590009259,0.37777777777777777,0.6222222222222222,0,1.6285714285714281,7.333333333333333,29.333333333333332,0.6818181818181818,0.0,17.0,-1.3142857142857136,-4.028571428571429,-5.342857142857148,444,-0.3875862068965517,0,0
579676275,Flipper-XFW/Xtreme-Firmware,C,2023-09-01,237,27,9,18,6,7,3,20,17,False,True,9,0.75,10,399.6666666666667,1.0,125.15537010718595,0,-26.57142857142857,35.833333333333336,7.30524925424634,0.3581395348837209,0.641860465116279,0,0.028571428571431117,7.166666666666667,27.166666666666668,0.5813953488372093,0.0,12.0,-1.1714285714285704,-6.28571428571429,-7.457142857142858,317,-0.4018867924528302,0,0
579676275,Flipper-XFW/Xtreme-Firmware,C,2023-10-01,219,26,5,21,8,7,3,20,18,False,True,10,0.8333333333333334,11,384.0,1.0,142.81176422129946,0,-69.7142857142857,35.333333333333336,7.941452428030198,0.33962264150943394,0.660377358490566,0,-2.7428571428571438,7.833333333333333,26.166666666666668,0.5652173913043478,1.0,14.0,-2.9428571428571435,-8.399999999999999,-11.342857142857143,301,-0.5129449838187702,0,0
579676275,Flipper-XFW/Xtreme-Firmware,C,2023-11-01,230,30,11,19,15,16,10,21,14,False,True,11,0.9166666666666666,12,329.5,1.0,124.85311369765685,0,-57.114285714285714,33.333333333333336,7.420691791650339,0.32,0.68,0,-2.1714285714285704,7.833333333333333,22.5,0.5416666666666666,-1.0,22.0,3.9142857142857124,-3.14285714285714,0.7714285714285692,336,-0.24324324324324326,0,0
579676275,Flipper-XFW/Xtreme-Firmware,C,2023-12-01,258,37,14,23,9,8,8,21,17,False,True,12,1.0,13,301.5,1.0,117.50531902854453,0,-48.02857142857143,33.5,7.503332592921631,0.34328358208955223,0.6567164179104478,0,-1.114285714285711,8.333333333333334,21.0,0.6530612244897959,1.0,19.0,3.571428571428571,-1.2857142857142871,2.2857142857142816,358,0.12933753943217666,0,0
579676275,Flipper-XFW/Xtreme-Firmware,C,2024-01-01,298,21,6,15,2,2,0,33,21,False,True,13,1.0833333333333333,14,263.8333333333333,1.0,46.96984848460442,0,-4.028571428571435,31.166666666666668,8.975893641675281,0.34759358288770054,0.6524064171122995,0,-2.599999999999998,7.666666666666667,23.0,0.6222222222222222,1.0,32.0,-0.14285714285714168,1.7142857142857109,1.5714285714285676,377,0.25249169435215946,0,0
579676275,Flipper-XFW/Xtreme-Firmware,C,2024-02-01,401,41,18,23,7,6,5,25,31,False,True,14,1.1666666666666667,15,273.8333333333333,1.0,68.250763121497,0,30.999999999999993,30.333333333333332,7.4206917916503405,0.34615384615384615,0.6538461538461539,0,1.7714285714285716,7.833333333333333,23.333333333333332,0.6304347826086957,1.0,22.0,-1.3714285714285719,4.171428571428571,2.8000000000000025,516,0.5357142857142857,0,0
579676275,Flipper-XFW/Xtreme-Firmware,C,2024-03-01,94,18,6,12,0,1,0,15,4,False,True,15,1.25,16,250.0,1.0,100.86228234578093,0,-2.057142857142841,28.833333333333332,8.975893641675281,0.3468208092485549,0.653179190751445,0,-0.6571428571428563,6.833333333333333,22.5,0.65,1.0,30.0,-4.999999999999997,-0.45714285714285574,-5.457142857142856,132,-0.6312849162011173,0,0
579676275,Flipper-XFW/Xtreme-Firmware,C,2024-04-01,7,3,1,2,0,0,0,6,3,False,True,16,1.3333333333333333,17,214.66666666666666,1.0,142.45233120825608,0,-42.971428571428554,25.0,13.957077057894324,0.37333333333333335,0.6266666666666667,0,-4.914285714285709,5.5,20.166666666666668,0.696969696969697,0.0,31.0,-7.514285714285713,-5.285714285714288,-12.800000000000004,19,-0.9496021220159151,0,0
579676275,Flipper-XFW/Xtreme-Firmware,C,2024-05-01,0,0,0,0,0,0,0,5,2,False,True,17,1.4166666666666667,18,176.33333333333334,1.0,166.42916411094149,1,-70.57142857142858,20.0,16.876018487783192,0.375,0.625,1,-7.485714285714283,3.0,17.5,0.7647058823529411,1.0,27.0,-4.3999999999999995,-9.342857142857136,-13.742857142857138,7,-0.9864341085271318,0,0
579676275,Flipper-XFW/Xtreme-Firmware,C,2024-06-01,0,0,0,0,3,1,0,7,1,False,True,18,1.5,19,133.33333333333334,1.0,174.25460299993998,2,-79.42857142857137,13.833333333333334,16.166838487059454,0.37349397590361444,0.6265060240963856,2,-6.94285714285714,2.0,15.166666666666666,0.5,2.0,29.0,-1.5714285714285712,-11.057142857142859,-12.628571428571423,12,-0.9090909090909091,0,0
579676275,Flipper-XFW/Xtreme-Firmware,C,2024-07-01,0,0,0,0,0,0,0,2,3,False,True,19,1.5833333333333333,20,83.66666666666667,1.0,159.8032123164822,3,-65.54285714285714,10.333333333333334,16.573070526208078,0.4032258064516129,0.5967741935483871,3,-7.485714285714283,1.6666666666666667,10.0,0.625,2.0,16.0,-2.3142857142857136,-8.285714285714283,-10.599999999999994,5,-0.7368421052631579,0,0
579676275,Flipper-XFW/Xtreme-Firmware,C,2024-08-01,0,0,0,0,0,0,0,0,0,False,False,20,1.6666666666666667,21,16.833333333333332,0.9166666666666666,37.90734317604815,4,-14.028571428571423,3.5,7.204165461731166,0.3333333333333333,0.6666666666666666,4,-2.828571428571428,0.5,5.833333333333333,0.0,1.0,22.0,-0.028571428571428543,-3.028571428571429,-3.0571428571428565,0,-1.0,1,1
579676275,Flipper-XFW/Xtreme-Firmware,C,2024-09-01,0,0,0,0,0,0,0,0,0,False,False,21,1.75,22,1.1666666666666667,0.8333333333333334,2.857738033250024,5,-1.0,0.5,1.2247448713916786,0.3333333333333333,0.6666666666666666,5,-0.42857142857142866,0.5,3.3333333333333335,0.0,2.0,11.0,-0.11428571428571434,-1.9714285714285704,-2.0857142857142854,0,-1.0,2,2
579676275,Flipper-XFW/Xtreme-Firmware,C,2024-10-01,0,0,0,0,0,0,0,0,0,False,False,22,1.8333333333333333,23,0.0,0.75,0.0,6,0.0,0.0,0.0,,,6,0.0,0.5,2.3333333333333335,0.0,2.0,8.0,-0.34285714285714297,-1.8285714285714287,-2.1714285714285704,0,-1.0,3,3
579676275,Flipper-XFW/Xtreme-Firmware,C,2024-11-01,1,1,1,0,0,0,0,0,0,False,True,23,1.9166666666666667,24,0.16666666666666666,0.75,0.40824829048466854,0,0.14285714285714277,0.16666666666666666,0.40824829046413263,1.0,0.0,0,0.14285714285714277,0.5,1.5,0.0,2.0,5.0,-0.5714285714285712,-1.5714285714285705,-2.142857142857142,2,,0,3
579676275,Flipper-XFW/Xtreme-Firmware,C,2024-12-01,0,0,0,0,0,0,0,0,0,False,False,24,2.0,25,0.16666666666666666,0.6666666666666666,0.40824829048466854,1,0.08571428571428572,0.16666666666666666,0.40824829046413263,1.0,0.0,1,0.08571428571428572,0.0,0.3333333333333333,,0.0,-1.0,0.0,-0.714285714285714,-0.714285714285714,0,0.0,1,3
579676275,Flipper-XFW/Xtreme-Firmware,C,2025-01-01,0,0,0,0,0,1,0,0,0,False,True,25,2.0833333333333335,26,0.16666666666666666,0.6666666666666666,0.40824829048466854,2,0.028571428571428564,0.16666666666666666,0.40824829046413263,1.0,0.0,2,0.028571428571428564,0.0,0.0,0.0,-1.0,0.0,0.14285714285714277,0.0,0.14285714285714277,1,,0,3
579676275,Flipper-XFW/Xtreme-Firmware,C,2025-02-01,0,0,0,0,0,1,0,0,0,False,True,26,2.1666666666666665,27,0.16666666666666666,0.6666666666666666,0.40824829048466854,3,-0.028571428571428584,0.16666666666666666,0.40824829046413263,1.0,0.0,3,-0.028571428571428584,0.0,0.0,0.0,-2.0,0.0,0.2285714285714285,0.0,0.2285714285714285,1,-0.5,0,3
579676275,Flipper-XFW/Xtreme-Firmware,C,2025-03-01,0,0,0,0,0,1,0,0,0,False,True,27,2.25,28,0.16666666666666666,0.6666666666666666,0.40824829048466854,4,-0.08571428571428574,0.16666666666666666,0.40824829046413263,1.0,0.0,4,-0.08571428571428574,0.0,0.0,0.0,-3.0,0.0,0.2571428571428571,0.0,0.2571428571428571,1,,0,3
579676275,Flipper-XFW/Xtreme-Firmware,C,2025-04-01,0,0,0,0,0,0,0,0,0,False,False,28,2.3333333333333335,29,0.16666666666666666,0.5833333333333334,0.40824829048466854,5,-0.1428571428571428,0.16666666666666666,0.40824829046413263,1.0,0.0,5,-0.1428571428571428,0.0,0.0,0.0,-3.0,0.0,0.0857142857142857,0.0,0.0857142857142857,0,-1.0,1,3
579676275,Flipper-XFW/Xtreme-Firmware,C,2025-05-01,0,0,0,0,0,0,0,0,0,False,False,29,2.4166666666666665,30,0.0,0.5,0.0,6,0.0,0.0,0.0,,,6,0.0,0.0,0.0,0.0,-3.0,0.0,-0.08571428571428569,0.0,-0.08571428571428569,0,-1.0,2,3
579676275,Flipper-XFW/Xtreme-Firmware,C,2025-06-01,0,0,0,0,0,0,0,0,0,False,False,30,2.5,31,0.0,0.4166666666666667,0.0,7,0.0,0.0,0.0,,,7,0.0,0.0,0.0,0.0,-3.0,0.0,-0.2571428571428571,0.0,-0.2571428571428571,0,-1.0,3,3
579676275,Flipper-XFW/Xtreme-Firmware,C,2025-07-01,0,0,0,0,0,0,0,0,0,False,False,31,2.5833333333333335,32,0.0,0.3333333333333333,0.0,8,0.0,0.0,0.0,,,8,0.0,0.0,0.0,0.0,-2.0,0.0,-0.2285714285714285,0.0,-0.2285714285714285,0,0.0,4,4
579676275,Flipper-XFW/Xtreme-Firmware,C,2025-08-01,0,0,0,0,0,0,0,0,0,False,False,32,2.6666666666666665,33,0.0,0.3333333333333333,0.0,9,0.0,0.0,0.0,,,9,0.0,0.0,0.0,0.0,-1.0,0.0,-0.1428571428571428,0.0,-0.1428571428571428,0,0.0,5,5
579676275,Flipper-XFW/Xtreme-Firmware,C,2025-09-01,0,0,0,0,0,0,0,0,0,False,False,33,2.75,34,0.0,0.3333333333333333,0.0,10,0.0,0.0,0.0,,,10,0.0,0.0,0.0,,0.0,0.0,0.0,0.0,0.0,0,0.0,6,6
579676275,Flipper-XFW/Xtreme-Firmware,C,2025-10-01,0,0,0,0,0,0,0,0,0,False,False,34,2.8333333333333335,35,0.0,0.3333333333333333,0.0,11,0.0,0.0,0.0,,,11,0.0,0.0,0.0,,0.0,0.0,0.0,0.0,0.0,0,0.0,7,7
579676275,Flipper-XFW/Xtreme-Firmware,C,2025-11-01,0,0,0,0,0,0,0,0,0,False,False,35,2.9166666666666665,36,0.0,0.25,0.0,12,0.0,0.0,0.0,,,12,0.0,0.0,0.0,,0.0,0.0,0.0,0.0,0.0,0,0.0,8,8
579676275,Flipper-XFW/Xtreme-Firmware,C,2025-12-01,0,0,0,0,0,0,0,0,0,False,False,36,3.0,37,0.0,0.25,0.0,13,0.0,0.0,0.0,,,13,0.0,0.0,0.0,,0.0,0.0,0.0,0.0,0.0,0,0.0,9,9
579676275,Flipper-XFW/Xtreme-Firmware,C,2026-01-01,0,0,0,0,0,0,0,0,0,False,False,37,3.0833333333333335,38,0.0,0.16666666666666666,0.0,14,0.0,0.0,0.0,,,14,0.0,0.0,0.0,,0.0,0.0,0.0,0.0,0.0,0,0.0,10,10
579676275,Flipper-XFW/Xtreme-Firmware,C,2026-02-01,0,0,0,0,0,0,0,0,0,False,False,38,3.1666666666666665,39,0.0,0.08333333333333333,0.0,15,0.0,0.0,0.0,,,15,0.0,0.0,0.0,,0.0,0.0,0.0,0.0,0.0,0,0.0,11,11
579676275,Flipper-XFW/Xtreme-Firmware,C,2026-03-01,0,0,0,0,0,0,0,0,0,False,False,39,3.25,40,0.0,0.0,0.0,16,0.0,0.0,0.0,,,16,0.0,0.0,0.0,,0.0,0.0,0.0,0.0,0.0,0,0.0,12,12
579676275,Flipper-XFW/Xtreme-Firmware,C,2026-04-01,0,0,0,0,0,0,0,0,0,False,False,40,3.3333333333333335,41,0.0,0.0,0.0,17,0.0,0.0,0.0,,,17,0.0,0.0,0.0,,0.0,0.0,0.0,0.0,0.0,0,0.0,13,13
579676275,Flipper-XFW/Xtreme-Firmware,C,2026-05-01,0,0,0,0,0,0,0,0,0,False,False,41,3.4166666666666665,42,0.0,0.0,0.0,18,0.0,0.0,0.0,,,18,0.0,0.0,0.0,,0.0,0.0,0.0,0.0,0.0,0,0.0,14,14
579676275,Flipper-XFW/Xtreme-Firmware,C,2026-06-01,0,0,0,0,0,0,0,0,0,False,False,42,3.5,43,0.0,0.0,0.0,19,0.0,0.0,0.0,,,19,0.0,0.0,0.0,,0.0,0.0,0.0,0.0,0.0,0,0.0,15,15
579676275,Flipper-XFW/Xtreme-Firmware,C,2026-07-01,0,0,0,0,0,0,0,0,0,False,False,43,3.5833333333333335,44,0.0,0.0,0.0,20,0.0,0.0,0.0,,,20,0.0,0.0,0.0,,0.0,0.0,0.0,0.0,0.0,0,0.0,16,16
579676275,Flipper-XFW/Xtreme-Firmware,C,2026-08-01,0,0,0,0,0,0,0,0,0,False,False,44,3.6666666666666665,45,0.0,0.0,0.0,21,0.0,0.0,0.0,,,21,0.0,0.0,0.0,,0.0,0.0,0.0,0.0,0.0,0,0.0,17,17
585146387,shadcn-ui/ui,TypeScript,2023-01-01,23,14,14,0,29,20,14,19,7,False,True,0,0.0,1,23.0,1.0,0.0,0,,14.0,0.0,1.0,0.0,0,,29.0,19.0,0.7,9.0,12.0,,,,126,,0,0
585146387,shadcn-ui/ui,TypeScript,2023-02-01,36,17,14,3,39,26,22,21,5,False,True,1,0.08333333333333333,2,29.5,1.0,9.192388155425117,0,,15.5,2.1213203435596424,0.9032258064516129,0.0967741935483871,0,,34.0,20.0,0.782608695652174,22.0,28.0,,,,166,,0,0
585146387,shadcn-ui/ui,TypeScript,2023-03-01,22,6,5,1,25,15,11,14,4,False,True,2,0.16666666666666666,3,27.0,1.0,7.810249675906654,0,-0.4999999999999961,12.333333333333334,5.686240703077327,0.8918918918918919,0.10810810810810811,0,-3.9999999999999982,31.0,18.0,0.7704918032786885,32.0,38.0,-6.000000000000002,-4.000000000000001,-10.00000000000001,97,,0,0
585146387,shadcn-ui/ui,TypeScript,2023-04-01,37,15,11,4,57,44,28,54,14,False,True,3,0.25,4,29.5,1.0,8.103497187428813,0,2.8000000000000025,13.0,4.83045891539648,0.8461538461538461,0.15384615384615385,0,-0.7999999999999997,37.5,27.0,0.7142857142857143,45.0,78.0,16.20000000000001,11.799999999999999,27.999999999999993,249,0.9761904761904762,0,0
585146387,shadcn-ui/ui,TypeScript,2023-05-01,47,30,28,2,107,58,41,149,56,False,True,4,0.3333333333333333,5,33.0,1.0,10.51189802081432,0,4.8999999999999995,16.4,8.677557259966656,0.8780487804878049,0.12195121951219512,0,2.999999999999998,51.4,51.4,0.7116564417177914,94.0,171.0,32.79999999999999,39.99999999999999,72.8,488,1.9397590361445782,0,0
585146387,shadcn-ui/ui,TypeScript,2023-06-01,26,15,13,2,91,42,24,150,57,False,True,5,0.4166666666666667,6,31.833333333333332,1.0,9.826834010334492,0,1.799999999999998,16.166666666666668,7.782458908768274,0.8762886597938144,0.12371134020618557,0,1.5142857142857138,58.0,67.83333333333333,0.6829268292682927,143.0,264.0,25.85714285714285,42.628571428571426,68.48571428571427,405,3.1752577319587627,0,0
585146387,shadcn-ui/ui,TypeScript,2023-07-01,18,13,10,3,84,39,17,172,61,False,True,6,0.5,7,31.0,1.0,10.881176406988354,0,-1.9428571428571426,16.0,7.848566748139434,0.84375,0.15625,0,0.6285714285714286,67.16666666666667,93.33333333333333,0.6383928571428571,179.0,363.0,18.85714285714285,49.685714285714276,68.54285714285713,404,0.6224899598393574,0,0
585146387,shadcn-ui/ui,TypeScript,2023-08-01,30,22,17,5,88,65,27,155,67,False,True,7,0.5833333333333334,8,30.0,1.0,10.601886624558858,0,-1.0857142857142867,16.833333333333332,8.232051182218601,0.8316831683168316,0.16831683168316833,0,1.6857142857142848,75.33333333333333,115.66666666666667,0.5627376425855514,189.0,435.0,17.971428571428564,43.342857142857135,61.314285714285695,454,-0.06967213114754098,0,0
585146387,shadcn-ui/ui,TypeScript,2023-09-01,17,14,10,4,61,45,15,117,47,False,True,8,0.6666666666666666,9,29.166666666666668,1.0,11.513759884011247,0,-4.5428571428571445,18.166666666666668,6.615638039272304,0.8165137614678899,0.1834862385321101,0,-0.8857142857142861,81.33333333333333,132.83333333333334,0.5187713310580204,195.0,495.0,-3.85714285714286,15.914285714285711,12.057142857142866,316,-0.21975308641975308,0,0
585146387,shadcn-ui/ui,TypeScript,2023-10-01,44,27,22,5,61,67,29,132,71,False,True,9,0.75,10,30.333333333333332,1.0,12.754084313139327,0,-0.8571428571428588,20.166666666666668,7.250287350627331,0.8264462809917356,0.17355371900826447,0,-0.25714285714285756,82.0,145.83333333333334,0.48417721518987344,176.0,516.0,-8.94285714285714,-4.285714285714296,-13.228571428571435,431,0.06683168316831684,0,0
585146387,shadcn-ui/ui,TypeScript,2023-11-01,27,22,19,3,31,41,25,97,33,False,True,10,0.8333333333333334,11,27.0,1.0,9.797958971132713,0,1.9999999999999991,18.833333333333332,5.636192568273966,0.8053097345132744,0.19469026548672566,0,1.9714285714285698,69.33333333333333,137.16666666666666,0.45819397993311034,117.0,487.0,-8.79999999999999,-15.22857142857143,-24.028571428571446,276,-0.3920704845814978,0,0
585146387,shadcn-ui/ui,TypeScript,2023-12-01,11,8,6,2,67,26,11,137,54,False,True,11,0.9166666666666666,12,24.5,1.0,11.81101181101772,0,-0.48571428571428493,17.666666666666668,7.118052168020875,0.7924528301886793,0.20754716981132076,0,-0.3428571428571437,65.33333333333333,135.0,0.4381625441696113,109.0,477.0,-11.228571428571417,-12.771428571428544,-24.0,314,-0.006329113924050633,0,0
585146387,shadcn-ui/ui,TypeScript,2024-01-01,26,18,12,6,111,75,25,194,79,False,True,12,1.0,13,25.833333333333332,1.0,11.373946837693005,0,-1.5714285714285734,18.5,6.745368781616022,0.7747747747747747,0.22522522522522523,0,-1.2285714285714289,69.83333333333333,138.66666666666666,0.41379310344827586,100.0,481.0,1.2571428571428505,7.514285714285717,8.771428571428563,528,0.22505800464037123,0,0
585146387,shadcn-ui/ui,TypeScript,2024-02-01,1,1,0,1,66,17,1,127,432,False,True,13,1.0833333333333333,14,21.0,1.0,14.872793954062569,0,-4.2857142857142865,15.0,9.465727652959387,0.7666666666666667,0.23333333333333334,0,-3.0285714285714294,66.16666666666667,134.0,0.39114391143911437,126.0,88.0,-0.45714285714285957,64.17142857142855,63.7142857142857,645,1.3369565217391304,0,0
585146387,shadcn-ui/ui,TypeScript,2024-03-01,26,12,10,2,95,37,18,139,77,False,True,14,1.1666666666666667,15,22.5,1.0,14.842506526863989,0,-4.371428571428572,14.666666666666666,9.542885657214315,0.7840909090909091,0.2159090909090909,0,-3.6571428571428553,71.83333333333333,137.66666666666666,0.4144486692015209,168.0,80.0,0.9428571428571425,40.971428571428575,41.914285714285704,404,0.28662420382165604,0,0
585146387,shadcn-ui/ui,TypeScript,2024-04-01,8,3,2,1,78,14,4,90,21,False,True,15,1.25,16,16.5,1.0,11.256109452204173,0,-2.1428571428571406,10.666666666666666,8.286535263104035,0.765625,0.234375,0,-2.8571428571428568,74.66666666666667,130.66666666666666,0.4,238.0,88.0,0.17142857142857137,7.599999999999999,7.771428571428582,218,-0.5871212121212122,0,0
585146387,shadcn-ui/ui,TypeScript,2024-05-01,1,1,1,0,62,11,1,78,21,False,True,16,1.3333333333333333,17,12.166666666666666,1.0,11.409060726749894,0,-2.257142857142858,7.166666666666667,6.853223086013373,0.7209302325581395,0.27906976744186046,0,-1.9714285714285713,79.83333333333333,127.5,0.3333333333333333,299.0,81.0,-12.257142857142856,-36.8285714285714,-49.085714285714246,175,-0.7286821705426356,0,0
585146387,shadcn-ui/ui,TypeScript,2024-06-01,2,2,0,2,65,17,1,88,443,False,True,17,1.4166666666666667,18,10.666666666666666,1.0,12.160043859570033,0,-3.942857142857144,6.166666666666667,7.139094246938239,0.6756756756756757,0.32432432432432434,0,-2.5428571428571423,79.5,119.33333333333333,0.29239766081871343,306.0,-357.0,-20.685714285714276,-5.5714285714286005,-26.25714285714288,618,0.5297029702970297,0,0
585146387,shadcn-ui/ui,TypeScript,2024-07-01,28,17,16,1,106,46,24,115,196,False,True,18,1.5,19,11.0,1.0,12.680693987317893,0,1.5999999999999999,6.0,6.81175454637056,0.8055555555555556,0.19444444444444445,0,1.3714285714285706,78.66666666666667,106.16666666666667,0.34507042253521125,330.0,-553.0,6.771428571428571,-8.77142857142857,-1.9999999999999867,532,1.4403669724770642,0,0
585146387,shadcn-ui/ui,TypeScript,2024-08-01,59,9,7,2,56,59,11,82,63,False,True,19,1.5833333333333333,20,20.666666666666668,1.0,22.123893569321535,0,6.4571428571428555,7.333333333333333,6.408327915038888,0.8181818181818182,0.18181818181818182,0,0.8000000000000004,77.0,98.66666666666667,0.32065217391304346,278.0,-229.0,3.6857142857142846,19.342857142857145,23.028571428571443,339,0.9371428571428572,0,0
585146387,shadcn-ui/ui,TypeScript,2024-09-01,36,15,13,2,113,61,32,121,28,False,True,20,1.6666666666666667,21,22.333333333333332,1.0,22.9666424770071,0,9.714285714285714,7.833333333333333,6.940220937885671,0.8297872340425532,0.1702127659574468,0,2.828571428571428,80.0,95.66666666666667,0.35096153846153844,272.0,-198.0,22.828571428571422,3.0857142857142694,25.91428571428569,406,-0.343042071197411,0,0
585146387,shadcn-ui/ui,TypeScript,2024-10-01,60,15,12,3,105,55,24,152,52,False,True,21,1.75,22,31.0,1.0,26.076809620810597,0,12.228571428571422,9.833333333333334,6.997618642557385,0.8305084745762712,0.1694915254237288,0,2.8857142857142852,84.5,106.0,0.37349397590361444,258.0,-167.0,24.828571428571422,-22.485714285714266,2.3428571428571217,463,-0.12969924812030076,0,0
585146387,shadcn-ui/ui,TypeScript,2024-11-01,38,10,5,5,100,64,21,104,32,False,True,22,1.8333333333333333,23,37.166666666666664,1.0,21.5445275340785,0,7.228571428571429,11.333333333333334,5.5377492419453835,0.7794117647058824,0.22058823529411764,0,1.1428571428571426,90.83333333333333,110.33333333333333,0.3741721854304636,243.0,-152.0,17.54285714285713,-65.4857142857143,-47.94285714285715,369,0.08849557522123894,0,0
585146387,shadcn-ui/ui,TypeScript,2024-12-01,14,5,3,2,70,40,10,94,22,False,True,23,1.9166666666666667,24,39.166666666666664,1.0,17.870832847594617,0,-3.1142857142857148,11.833333333333334,4.5789372857319925,0.7887323943661971,0.2112676056338028,0,-1.6285714285714288,91.66666666666667,111.33333333333333,0.37538461538461537,225.0,275.0,-3.5714285714285756,-27.057142857142864,-30.628571428571444,255,-0.37192118226600984,0,0
585146387,shadcn-ui/ui,TypeScript,2025-01-01,16,5,2,3,97,29,15,109,14,False,True,24,2.0,25,37.166666666666664,1.0,19.92402235159022,0,-8.657142857142858,9.833333333333334,4.490731195102493,0.711864406779661,0.288135593220339,0,-1.571428571428571,90.16666666666667,110.33333333333333,0.36688311688311687,233.0,451.0,-5.199999999999999,-7.914285714285703,-13.114285714285694,285,-0.38444924406047515,0,0
585146387,shadcn-ui/ui,TypeScript,2025-02-01,82,17,16,1,98,67,43,115,50,False,True,25,2.0833333333333335,26,41.0,1.0,26.19160170741759,0,2.114285714285713,11.166666666666666,5.307227776030219,0.7611940298507462,0.23880597014925373,0,-0.7142857142857142,97.16666666666667,115.83333333333333,0.4588607594936709,267.0,497.0,-5.257142857142858,-5.228571428571435,-10.48571428571427,472,0.2791327913279133,0,0
585146387,shadcn-ui/ui,TypeScript,2025-03-01,81,18,14,4,106,89,50,120,49,False,True,26,2.1666666666666665,27,48.5,1.0,30.553232234904378,0,6.828571428571427,11.666666666666666,5.853773711604052,0.7428571428571429,0.2571428571428571,0,1.0285714285714285,96.0,115.66666666666667,0.4738372093023256,232.0,475.0,11.28571428571428,-2.3142857142857096,8.971428571428604,513,1.011764705882353,0,0
585146387,shadcn-ui/ui,TypeScript,2025-04-01,13,6,3,3,80,177,10,91,26,False,True,27,2.25,28,40.666666666666664,1.0,32.94642115111544,0,4.057142857142859,10.166666666666666,5.980523945831725,0.7049180327868853,0.29508196721311475,0,0.8857142857142857,91.83333333333333,105.5,0.3197424892703863,85.0,440.0,24.34285714285715,3.0285714285714262,27.371428571428556,403,0.41403508771929826,0,0
585146387,shadcn-ui/ui,TypeScript,2025-05-01,16,4,2,2,54,70,8,96,18,False,True,28,2.3333333333333335,29,37.0,1.0,34.4905784236797,0,-4.790478147237153e-15,9.166666666666666,6.493586579592718,0.7272727272727273,0.2727272727272727,0,-0.028571428571428723,84.16666666666667,104.16666666666667,0.288135593220339,33.0,446.0,13.571428571428577,-0.6857142857143047,12.885714285714291,266,-0.4364406779661017,0,0
585146387,shadcn-ui/ui,TypeScript,2025-06-01,25,8,6,2,89,138,22,77,110,False,True,29,2.4166666666666665,30,38.833333333333336,1.0,33.295144791195405,0,-6.314285714285712,9.666666666666666,6.2182527020592095,0.7413793103448276,0.25862068965517243,0,-1.028571428571429,87.33333333333333,101.33333333333333,0.2596491228070175,-46.0,341.0,9.54285714285713,3.285714285714276,12.828571428571422,469,-0.08576998050682261,0,0
585146387,shadcn-ui/ui,TypeScript,2025-07-01,46,5,3,2,83,98,29,88,116,False,True,30,2.5,31,43.833333333333336,1.0,31.3778053194717,0,-9.857142857142861,9.666666666666666,6.2182527020592095,0.7586206896551724,0.2413793103448276,0,-2.628571428571429,85.0,97.83333333333333,0.2535211267605634,-129.0,218.0,-3.2285714285714326,7.028571428571438,3.7999999999999785,465,0.15384615384615385,0,0
585146387,shadcn-ui/ui,TypeScript,2025-08-01,42,4,2,2,89,79,29,59,57,False,True,31,2.5833333333333335,32,37.166666666666664,1.0,25.309418536716063,0,-2.485714285714285,7.5,5.3572380943915485,0.6666666666666666,0.3333333333333333,0,-1.9714285714285709,83.5,88.5,0.22734254992319508,-150.0,155.0,-8.400000000000013,1.9714285714285709,-6.428571428571426,359,0.34962406015037595,0,0
585146387,shadcn-ui/ui,TypeScript,2025-09-01,56,32,29,3,117,128,52,62,44,False,True,32,2.6666666666666665,33,33.0,1.0,17.504285189632853,0,8.971428571428566,9.833333333333334,10.962055768270233,0.7627118644067796,0.23728813559322035,0,3.6285714285714272,85.33333333333333,78.83333333333333,0.21739130434782608,-178.0,102.0,8.742857142857124,-0.9142857142857153,7.828571428571436,491,0.046908315565031986,0,0
585146387,shadcn-ui/ui,TypeScript,2025-10-01,147,63,56,7,193,245,97,134,166,False,True,33,2.75,34,55.333333333333336,1.0,47.19180719856643,0,21.25714285714285,19.333333333333332,23.96386168101182,0.8448275862068966,0.15517241379310345,0,10.457142857142854,104.16666666666667,86.0,0.31266490765171506,-133.0,5.0,61.31428571428569,17.114285714285703,78.4285714285714,1045,1.2473118279569892,0,0
585146387,shadcn-ui/ui,TypeScript,2025-11-01,57,37,22,15,141,115,45,95,83,False,True,34,2.8333333333333335,35,62.166666666666664,1.0,43.15282918496383,0,13.628571428571425,24.833333333333332,23.523746867084476,0.7919463087248322,0.2080536912751678,0,9.914285714285713,118.66666666666667,85.83333333333333,0.3412204234122042,-91.0,-61.0,38.142857142857146,6.657142857142849,44.79999999999999,573,0.596100278551532,0,0
585146387,shadcn-ui/ui,TypeScript,2025-12-01,72,36,26,10,157,80,50,123,43,False,True,35,2.9166666666666665,36,70.0,1.0,39.135661486679886,0,7.600000000000001,29.5,22.25982928955207,0.7796610169491526,0.22033898305084745,0,8.14285714285714,130.0,93.5,0.4053691275167785,35.0,52.0,26.7142857142857,5.428571428571433,32.14285714285711,561,0.1425661914460285,0,0
585146387,shadcn-ui/ui,TypeScript,2026-01-01,182,44,32,12,161,156,55,83,116,False,True,36,3.0,37,92.66666666666667,1.0,57.52101065407897,0,18.79999999999999,36.0,19.152023391798583,0.7731481481481481,0.22685185185185186,0,5.314285714285712,143.0,92.66666666666667,0.40846824408468246,55.0,47.0,17.457142857142856,13.514285714285725,30.971428571428557,797,-0.23732057416267943,0,0
585146387,shadcn-ui/ui,TypeScript,2026-02-01,318,48,37,11,166,154,59,66,97,False,True,37,3.0833333333333335,38,138.66666666666666,1.0,102.03463464268724,0,40.85714285714284,43.333333333333336,11.236844159579093,0.7769230769230769,0.2230769230769231,0,0.6285714285714252,155.83333333333334,93.83333333333333,0.40774487471526194,57.0,14.0,-2.657142857142856,-0.8571428571428416,-3.514285714285667,908,0.5846422338568935,0,0
585146387,shadcn-ui/ui,TypeScript,2026-03-01,394,59,41,18,379,316,118,77,128,False,True,38,3.1666666666666665,39,195.0,1.0,135.18579807065535,0,60.799999999999976,47.833333333333336,11.196725711861786,0.7456445993031359,0.25435540069686413,0,0.5999999999999998,199.5,96.33333333333333,0.3977485928705441,131.0,-55.0,48.8285714285714,-13.914285714285723,34.914285714285654,1471,1.6221033868092691,0,0
585146387,shadcn-ui/ui,TypeScript,2026-04-01,204,35,20,15,193,131,63,54,57,False,True,39,3.25,40,204.5,1.0,133.12512910791864,0,52.48571428571428,43.166666666666664,9.282600210429553,0.6872586872586872,0.3127413127413127,0,1.7999999999999985,199.5,83.0,0.4096638655462185,245.0,-26.0,57.57142857142858,-7.257142857142856,50.314285714285745,737,-0.07528230865746549,0,0
585146387,shadcn-ui/ui,TypeScript,2026-05-01,72,27,18,9,211,104,57,61,17,False,True,40,3.3333333333333335,41,207.0,1.0,129.903040765026,0,4.057142857142839,41.5,11.29158979063622,0.6987951807228916,0.30120481927710846,0,-1.7428571428571429,211.16666666666666,77.33333333333333,0.42720510095642933,326.0,6.0,25.8285714285714,-18.91428571428572,6.9142857142857475,549,-0.39537444933920707,0,0
585146387,shadcn-ui/ui,TypeScript,2026-06-01,83,38,29,9,165,115,68,40,10,False,True,41,3.4166666666666665,42,208.83333333333334,1.0,127.675239050752,0,-40.65714285714283,41.833333333333336,11.125046816380898,0.7051792828685259,0.2948207171314741,0,-3.34285714285714,212.5,63.5,0.430327868852459,299.0,-44.0,-16.199999999999996,-31.257142857142867,-47.457142857142834,519,-0.6471787899388172,0,0
585146387,shadcn-ui/ui,TypeScript,2026-07-01,123,50,39,11,220,136,91,49,16,False,True,42,3.5,43,199.0,1.0,132.34198124555942,0,-58.28571428571429,42.833333333333336,11.617515511789376,0.7159533073929961,0.2840466926070039,0,-1.742857142857141,222.33333333333334,57.833333333333336,0.4769874476987448,378.0,22.0,-30.571428571428566,-28.228571428571424,-58.79999999999993,685,-0.07055630936227951,0,0
585146387,shadcn-ui/ui,TypeScript,2026-08-01,77,48,32,16,291,265,73,59,215,False,True,43,3.5833333333333335,44,158.83333333333334,1.0,125.39125434681107,0,-51.91428571428572,42.833333333333336,11.617515511789376,0.6964980544747081,0.3035019455252918,0,0.02857142857143016,243.16666666666666,56.666666666666664,0.44048734770384257,392.0,-103.0,-21.82857142857141,5.114285714285712,-16.714285714285726,1028,0.8724954462659381,0,0
762147600,SquirrelCorporation/SquirrelServersManager,TypeScript,2024-02-01,16,2,2,0,0,0,0,0,0,False,True,0,0.0,1,16.0,1.0,0.0,0,,2.0,0.0,1.0,0.0,0,,0.0,0.0,,0.0,0.0,,,,18,,0,0
762147600,SquirrelCorporation/SquirrelServersManager,TypeScript,2024-03-01,47,1,0,1,0,0,0,0,0,False,True,1,0.08333333333333333,2,31.5,1.0,21.920310216782973,0,,1.5,0.7071067811865476,0.6666666666666666,0.3333333333333333,0,,0.0,0.0,,0.0,0.0,,,,48,,0,0
762147600,SquirrelCorporation/SquirrelServersManager,TypeScript,2024-04-01,27,1,0,1,2,1,0,0,0,False,True,2,0.16666666666666666,3,30.0,1.0,15.716233645501712,0,5.500000000000003,1.3333333333333333,0.5773502691896257,0.5,0.5,0,-0.5,0.6666666666666666,0.0,0.0,1.0,0.0,1.4999999999999996,0.0,1.4999999999999996,31,,0,0
762147600,SquirrelCorporation/SquirrelServersManager,TypeScript,2024-05-01,32,3,2,1,5,6,1,1,0,False,True,3,0.25,4,30.5,1.0,12.871156384205214,0,2.800000000000006,1.75,0.9574271077563381,0.5714285714285714,0.42857142857142855,0,0.29999999999999977,1.75,0.25,0.14285714285714285,0.0,1.0,3.8999999999999995,0.29999999999999993,4.199999999999999,48,1.6666666666666667,0,0
762147600,SquirrelCorporation/SquirrelServersManager,TypeScript,2024-06-01,106,6,4,2,23,22,19,11,8,False,True,4,0.3333333333333333,5,45.6,1.0,35.55699649857957,0,16.499999999999996,2.6,2.073644135332772,0.6153846153846154,0.38461538461538464,0,0.9999999999999997,6.0,2.4,0.6896551724137931,1.0,4.0,14.0,3.9000000000000012,17.900000000000002,195,3.0625,0,0
762147600,SquirrelCorporation/SquirrelServersManager,TypeScript,2024-07-01,194,4,1,3,56,43,40,31,15,False,True,5,0.4166666666666667,6,70.33333333333333,1.0,68.42416727053876,0,30.628571428571423,2.8333333333333335,1.9407902170679516,0.5294117647058824,0.47058823529411764,0,0.7714285714285714,14.333333333333334,7.166666666666667,0.8333333333333334,14.0,20.0,25.59999999999999,8.228571428571426,33.82857142857142,383,11.35483870967742,0,0
762147600,SquirrelCorporation/SquirrelServersManager,TypeScript,2024-08-01,346,6,2,4,90,102,89,14,16,False,True,6,0.5,7,125.33333333333333,1.0,125.13938894954963,0,59.142857142857125,3.5,2.258317958127243,0.42857142857142855,0.5714285714285714,0,1.0571428571428567,29.333333333333332,9.5,0.8563218390804598,2.0,18.0,53.28571428571427,8.742857142857142,62.02857142857141,663,12.8125,0,0
762147600,SquirrelCorporation/SquirrelServersManager,TypeScript,2024-09-01,170,4,1,3,67,66,54,9,9,False,True,7,0.5833333333333334,8,145.83333333333334,1.0,119.69697851937059,0,49.857142857142854,4.0,1.8973665961010275,0.4166666666666667,0.5833333333333334,0,0.6285714285714283,40.5,11.0,0.8458333333333333,3.0,18.0,51.48571428571427,5.8285714285714265,57.31428571428571,379,0.9435897435897436,0,0
762147600,SquirrelCorporation/SquirrelServersManager,TypeScript,2024-10-01,212,4,1,3,78,79,57,17,8,False,True,8,0.6666666666666666,9,176.66666666666666,1.0,106.00880466577604,0,35.54285714285713,4.5,1.2247448713915892,0.4074074074074074,0.5925925925925926,0,0.028571428571428484,53.166666666666664,13.833333333333334,0.8176100628930818,1.0,27.0,43.45714285714284,2.8857142857142835,46.342857142857135,455,0.18798955613577023,0,0
762147600,SquirrelCorporation/SquirrelServersManager,TypeScript,2024-11-01,250,3,0,3,102,102,92,8,17,False,True,9,0.75,10,213.0,1.0,80.8925212859631,0,17.08571428571428,4.5,1.224744871391589,0.3333333333333333,0.6666666666666666,0,-0.485714285714286,69.33333333333333,15.0,0.8478260869565217,2.0,17.0,36.88571428571428,-1.2857142857142834,35.59999999999998,574,-0.13423831070889894,0,0
762147600,SquirrelCorporation/SquirrelServersManager,TypeScript,2024-12-01,123,3,0,3,67,67,47,12,9,False,True,10,0.8333333333333334,11,215.83333333333334,1.0,76.57784710127767,0,-17.171428571428592,4.0,1.0954451150103324,0.20833333333333334,0.7916666666666666,0,-0.4000000000000001,76.66666666666667,15.166666666666666,0.8257080610021786,1.0,17.0,8.057142857142852,-3.800000000000001,4.257142857142846,328,-0.1345646437994723,0,0
762147600,SquirrelCorporation/SquirrelServersManager,TypeScript,2025-01-01,116,3,0,3,65,65,42,4,2,False,True,11,0.9166666666666666,12,202.83333333333334,1.0,86.94461838818238,0,-35.799999999999976,3.8333333333333335,1.1690451944500122,0.17391304347826086,0.8260869565217391,0,-0.5428571428571424,78.16666666666667,10.666666666666666,0.7920997920997921,-12.0,3.0,-13.742857142857163,-3.1714285714285726,-16.914285714285725,297,-0.34725274725274724,0,0
762147600,SquirrelCorporation/SquirrelServersManager,TypeScript,2025-02-01,224,3,0,3,84,82,68,21,15,False,True,12,1.0,13,182.5,1.0,55.25848351158396,0,-4.142857142857141,3.3333333333333335,0.5163977794943226,0.1,0.9,0,-0.2285714285714283,77.16666666666667,11.833333333333334,0.7809110629067245,2.0,11.0,-0.17142857142857904,0.8285714285714276,0.657142857142862,497,-0.13414634146341464,0,0
762147600,SquirrelCorporation/SquirrelServersManager,TypeScript,2025-03-01,2,1,0,1,47,27,0,2,0,False,True,13,1.0833333333333333,14,154.5,1.0,92.72270487857868,0,-32.428571428571416,2.8333333333333335,0.9831920802501753,0.058823529411764705,0.9411764705882353,0,-0.4285714285714282,73.83333333333333,10.666666666666666,0.7251184834123223,21.0,13.0,-25.571428571428562,-2.771428571428569,-28.34285714285715,79,-0.7591463414634146,0,0
762147600,SquirrelCorporation/SquirrelServersManager,TypeScript,2025-04-01,80,4,1,3,40,59,32,1,1,False,True,14,1.1666666666666667,15,132.5,1.0,92.00815181276059,0,-31.57142857142856,2.8333333333333335,0.9831920802501753,0.058823529411764705,0.9411764705882353,0,-0.0285714285714289,67.5,8.0,0.6990049751243781,3.0,4.0,-30.971428571428568,-4.057142857142855,-35.02857142857142,217,-0.26936026936026936,0,0
762147600,SquirrelCorporation/SquirrelServersManager,TypeScript,2025-05-01,127,4,2,2,79,67,60,10,9,False,True,15,1.25,16,112.0,1.0,72.1526160301898,0,-8.857142857142849,3.0,1.0954451150103326,0.16666666666666666,0.8333333333333334,0,0.17142857142857149,63.666666666666664,8.333333333333334,0.6784741144414169,15.0,14.0,-4.514285714285718,-1.5999999999999999,-6.114285714285708,356,-0.2837022132796781,0,0
762147600,SquirrelCorporation/SquirrelServersManager,TypeScript,2025-06-01,32,3,0,3,46,41,13,1,1,False,True,16,1.3333333333333333,17,96.83333333333333,1.0,78.64964505111685,0,-18.0857142857143,3.0,1.0954451150103326,0.16666666666666666,0.8333333333333334,0,0.17142857142857149,60.166666666666664,6.5,0.6304985337243402,20.0,11.0,-11.057142857142857,-2.028571428571429,-13.085714285714278,137,0.7341772151898734,0,0
762147600,SquirrelCorporation/SquirrelServersManager,TypeScript,2025-07-01,28,4,1,3,26,25,11,0,0,False,True,17,1.4166666666666667,18,82.16666666666667,1.0,82.4728238067951,0,-24.085714285714282,3.1666666666666665,1.1690451944500124,0.21052631578947367,0.7894736842105263,0,0.3142857142857144,53.666666666666664,5.833333333333333,0.6112956810631229,21.0,9.0,-20.199999999999996,-4.657142857142856,-24.85714285714286,94,-0.5668202764976958,0,0
762147600,SquirrelCorporation/SquirrelServersManager,TypeScript,2025-08-01,1,1,0,1,17,14,0,1,0,False,True,18,1.5,19,45.0,1.0,49.38015795843515,0,-7.314285714285707,2.8333333333333335,1.4719601443879746,0.23529411764705882,0.7647058823529411,0,-0.02857142857142866,42.5,2.5,0.4978540772532189,22.0,4.0,-15.085714285714284,-0.7999999999999998,-15.88571428571428,34,-0.9044943820224719,0,0
762147600,SquirrelCorporation/SquirrelServersManager,TypeScript,2025-09-01,5,1,0,1,22,23,4,0,0,False,True,19,1.5833333333333333,20,45.5,1.0,48.87023634074226,0,-21.628571428571426,2.8333333333333335,1.4719601443879746,0.23529411764705882,0.7647058823529411,0,-0.6571428571428566,38.333333333333336,2.1666666666666665,0.5240174672489083,1.0,2.0,-27.799999999999997,-1.8857142857142846,-29.68571428571428,55,-0.5985401459854015,0,0
762147600,SquirrelCorporation/SquirrelServersManager,TypeScript,2025-10-01,8,1,0,1,15,16,4,0,0,False,True,20,1.6666666666666667,21,33.5,1.0,47.52578247646226,0,-20.085714285714282,2.3333333333333335,1.505545305418162,0.21428571428571427,0.7857142857142857,0,-0.6857142857142856,34.166666666666664,2.0,0.4946236559139785,19.0,2.0,-29.685714285714283,-2.8571428571428568,-32.542857142857144,44,-0.5319148936170213,0,0
762147600,SquirrelCorporation/SquirrelServersManager,TypeScript,2025-11-01,4,1,0,1,5,4,0,2,1,False,True,21,1.75,22,13.0,1.0,13.41640786499905,0,-5.6,1.8333333333333333,1.3291601358251257,0.09090909090909091,0.9090909090909091,0,-0.5428571428571429,21.833333333333332,0.6666666666666666,0.2601626016260163,8.0,2.0,-14.799999999999997,0.1142857142857142,-14.685714285714276,17,-0.5,0,0
762147600,SquirrelCorporation/SquirrelServersManager,TypeScript,2025-12-01,0,0,0,0,0,0,0,0,0,False,False,22,1.8333333333333333,23,7.666666666666667,0.9166666666666666,10.366613075960512,1,-3.6571428571428566,1.3333333333333333,1.3662601021279461,0.125,0.875,1,-0.5714285714285712,14.166666666666666,0.5,0.23170731707317074,3.0,2.0,-11.142857142857133,0.17142857142857146,-10.971428571428568,0,-1.0,1,1
762147600,SquirrelCorporation/SquirrelServersManager,TypeScript,2026-01-01,0,0,0,0,0,0,0,1,0,False,True,23,1.9166666666666667,24,3.0,0.9166666666666666,3.2249030993208447,2,-0.6857142857142857,0.6666666666666666,0.5163977794943212,0.0,1.0,2,-0.22857142857142854,9.833333333333334,0.6666666666666666,0.14035087719298245,2.0,3.0,-9.37142857142857,0.08571428571428563,-9.285714285714283,1,-0.9772727272727273,0,1
762147600,SquirrelCorporation/SquirrelServersManager,TypeScript,2026-02-01,0,0,0,0,0,0,0,0,0,False,False,24,2.0,25,2.8333333333333335,0.8333333333333334,3.371448748932107,3,-1.5142857142857145,0.5,0.5477225575051651,0.0,1.0,3,-0.2571428571428571,7.0,0.5,0.18604651162790697,-1.0,2.0,-10.257142857142856,1.4970244210116104e-17,-10.257142857142856,0,-1.0,1,1
762147600,SquirrelCorporation/SquirrelServersManager,TypeScript,2026-03-01,0,0,0,0,0,0,0,0,0,False,False,25,2.0833333333333335,26,2.0,0.75,3.3466401061376874,4,-1.4857142857142853,0.3333333333333333,0.516397779494321,0.0,1.0,4,-0.2285714285714285,3.3333333333333335,0.5,0.2,0.0,2.0,-5.771428571428569,-0.22857142857142865,-5.999999999999999,0,0.0,2,2
762147600,SquirrelCorporation/SquirrelServersManager,TypeScript,2026-04-01,0,0,0,0,0,0,0,0,0,False,False,26,2.1666666666666665,27,0.6666666666666666,0.6666666666666666,1.6329931618583249,5,-0.5714285714285712,0.16666666666666666,0.4082482904638612,0.0,1.0,5,-0.1428571428571428,0.8333333333333334,0.5,0.0,1.0,2.0,-1.2857142857142854,-0.457142857142857,-1.7428571428571424,0,-1.0,3,3
762147600,SquirrelCorporation/SquirrelServersManager,TypeScript,2026-05-01,0,0,0,0,0,0,0,0,0,False,False,27,2.25,28,0.0,0.5833333333333334,0.0,6,0.0,0.0,0.0,,,6,0.0,0.0,0.16666666666666666,,0.0,1.0,0.0,-0.08571428571428574,-0.08571428571428574,0,0.0,4,4
762147600,SquirrelCorporation/SquirrelServersManager,TypeScript,2026-06-01,0,0,0,0,0,0,0,0,0,False,False,28,2.3333333333333335,29,0.0,0.5,0.0,7,0.0,0.0,0.0,,,7,0.0,0.0,0.16666666666666666,,0.0,1.0,0.0,-0.1428571428571428,-0.1428571428571428,0,0.0,5,5
762147600,SquirrelCorporation/SquirrelServersManager,TypeScript,2026-07-01,0,0,0,0,0,0,0,0,0,False,False,29,2.4166666666666665,30,0.0,0.4166666666666667,0.0,8,0.0,0.0,0.0,,,8,0.0,0.0,0.0,,0.0,0.0,0.0,0.0,0.0,0,0.0,6,6
762147600,SquirrelCorporation/SquirrelServersManager,TypeScript,2026-08-01,0,0,0,0,0,0,0,0,0,False,False,30,2.5,31,0.0,0.3333333333333333,0.0,9,0.0,0.0,0.0,,,9,0.0,0.0,0.0,,0.0,0.0,0.0,0.0,0.0,0,0.0,7,7
762147600,SquirrelCorporation/SquirrelServersManager,TypeScript,2026-09-01,0,0,0,0,0,0,0,0,0,True,False,31,2.5833333333333335,32,0.0,0.25,0.0,10,0.0,0.0,0.0,,,10,0.0,0.0,0.0,,0.0,0.0,0.0,0.0,0.0,0,0.0,8,8
1051153247,Latias94/dear-imgui-rs,Rust,2025-09-01,120,1,1,0,3,2,2,1,1,False,True,0,0.0,1,120.0,1.0,0.0,0,,1.0,0.0,1.0,0.0,0,,3.0,1.0,1.0,1.0,0.0,,,,130,,0,0
1051153247,Latias94/dear-imgui-rs,Rust,2025-10-01,45,2,1,1,1,2,1,0,0,False,True,1,0.08333333333333333,2,82.5,1.0,53.033008588991066,0,,1.5,0.7071067811865476,0.6666666666666666,0.3333333333333333,0,,2.0,0.5,0.75,0.0,0.0,,,,51,,0,0
1051153247,Latias94/dear-imgui-rs,Rust,2025-11-01,14,1,0,1,1,0,0,1,1,False,True,2,0.16666666666666666,3,59.666666666666664,1.0,54.50076452063158,0,-53.0,1.3333333333333333,0.5773502691896257,0.5,0.5,0,-9.930136612989094e-17,1.6666666666666667,0.6666666666666666,0.75,1.0,0.0,-3.0,-1.9860273225978188e-16,-3.000000000000001,18,,0,0
1051153247,Latias94/dear-imgui-rs,Rust,2025-12-01,76,2,1,1,1,1,1,2,2,False,True,3,0.25,4,63.75,1.0,45.24286315726124,0,-16.300000000000004,1.5,0.5773502691896257,0.5,0.5,0,0.20000000000000007,1.5,1.0,0.8,1.0,0.0,-1.5000000000000002,0.7999999999999997,-0.7000000000000001,85,-0.34615384615384615,0,0
1051153247,Latias94/dear-imgui-rs,Rust,2026-01-01,28,1,0,1,1,0,0,2,2,False,True,4,0.3333333333333333,5,56.6,1.0,42.31784493567696,0,-15.300000000000011,1.4,0.5477225575051661,0.42857142857142855,0.5714285714285714,0,-8.107922592650825e-17,1.4,1.2,0.8,2.0,0.0,-1.3000000000000007,0.7999999999999998,-0.5000000000000008,34,-0.3333333333333333,0,0
1051153247,Latias94/dear-imgui-rs,Rust,2026-02-01,221,2,1,1,2,2,1,5,5,False,True,5,0.4166666666666667,6,84.0,1.0,77.05322835546866,0,14.742857142857135,1.5,0.5477225575051661,0.4444444444444444,0.5555555555555556,0,0.08571428571428572,1.5,1.8333333333333333,0.7142857142857143,2.0,0.0,-0.4857142857142858,1.5428571428571423,1.0571428571428565,238,12.222222222222221,0,0
1051153247,Latias94/dear-imgui-rs,Rust,2026-03-01,24,4,1,3,3,3,2,2,2,False,True,6,0.5,7,68.0,1.0,78.04357757048302,0,13.371428571428575,2.0,1.0954451150103321,0.3333333333333333,0.6666666666666666,0,0.34285714285714275,1.5,2.0,0.625,1.0,0.0,0.8571428571428568,1.257142857142857,2.114285714285714,40,-0.5294117647058824,0,0
1051153247,Latias94/dear-imgui-rs,Rust,2026-04-01,18,2,0,2,0,2,0,1,1,False,True,7,0.5833333333333334,8,63.5,1.0,80.37847970694644,0,1.6285714285714203,2.0,1.0954451150103321,0.25,0.75,0,0.34285714285714275,1.3333333333333333,2.1666666666666665,0.5,0.0,0.0,0.6857142857142858,0.17142857142857149,0.8571428571428573,24,-0.29411764705882354,0,0
1051153247,Latias94/dear-imgui-rs,Rust,2026-05-01,302,1,0,1,0,0,0,3,3,False,True,8,0.6666666666666666,9,111.5,1.0,120.75719440265246,0,25.799999999999986,2.0,1.0954451150103321,0.25,0.75,0,-2.3952390736185767e-16,1.1666666666666667,2.5,0.5,-1.0,0.0,-0.25714285714285706,-0.057142857142857086,-0.3142857142857143,309,0.29831932773109243,0,0
1051153247,Latias94/dear-imgui-rs,Rust,2026-06-01,21,2,1,1,2,2,2,4,3,False,True,9,0.75,10,102.33333333333333,1.0,125.96613301465861,0,5.771428571428578,2.0,1.0954451150103321,0.25,0.75,0,-1.1976195368092883e-16,1.3333333333333333,2.8333333333333335,0.5555555555555556,-1.0,1.0,0.11428571428571387,0.028571428571428244,0.14285714285714265,36,-0.1,0,0
1051153247,Latias94/dear-imgui-rs,Rust,2026-07-01,194,2,1,1,18,17,17,9,9,False,True,10,0.8333333333333334,11,130.0,1.0,124.59695020344599,0,4.0,2.1666666666666665,0.983192080250175,0.3076923076923077,0.6923076923076923,0,-0.19999999999999998,4.166666666666667,4.0,0.8461538461538461,-1.0,1.0,6.485714285714284,1.5142857142857136,7.9999999999999964,266,10.083333333333334,0,0
1051153247,Latias94/dear-imgui-rs,Rust,2026-08-01,197,3,2,1,16,17,16,1,1,False,True,11,0.9166666666666666,12,126.0,1.0,121.43640310878777,0,31.771428571428565,2.3333333333333335,1.0327955589886444,0.35714285714285715,0.6428571428571429,0,-0.11428571428571441,6.5,3.3333333333333335,0.9024390243902439,-2.0,1.0,10.314285714285713,1.114285714285714,11.428571428571427,251,-0.18770226537216828,0,0
