repo_id,full_name,language,month,contributors,new_contributors,returning_contributors
8514,rails/rails,Ruby,2008-04,38,38,0
8514,rails/rails,Ruby,2008-05,103,83,20
8514,rails/rails,Ruby,2008-06,61,39,22
8514,rails/rails,Ruby,2008-07,60,30,30
8514,rails/rails,Ruby,2008-08,71,37,34
8514,rails/rails,Ruby,2008-09,71,40,31
8514,rails/rails,Ruby,2008-10,49,17,32
8514,rails/rails,Ruby,2008-11,71,27,44
8514,rails/rails,Ruby,2008-12,65,37,28
8514,rails/rails,Ruby,2009-01,66,37,29
8514,rails/rails,Ruby,2009-02,75,31,44
8514,rails/rails,Ruby,2009-03,100,48,52
8514,rails/rails,Ruby,2009-04,55,27,28
8514,rails/rails,Ruby,2009-05,72,34,38
8514,rails/rails,Ruby,2009-06,46,18,28
8514,rails/rails,Ruby,2009-07,38,14,24
8514,rails/rails,Ruby,2009-08,95,56,39
8514,rails/rails,Ruby,2009-09,54,24,30
8514,rails/rails,Ruby,2009-10,33,10,23
8514,rails/rails,Ruby,2009-11,30,9,21
8514,rails/rails,Ruby,2009-12,40,13,27
8514,rails/rails,Ruby,2010-01,63,33,30
8514,rails/rails,Ruby,2010-02,65,34,31
8514,rails/rails,Ruby,2010-03,69,38,31
8514,rails/rails,Ruby,2010-04,79,28,51
8514,rails/rails,Ruby,2010-05,73,31,42
8514,rails/rails,Ruby,2010-06,98,44,54
8514,rails/rails,Ruby,2010-07,82,38,44
8514,rails/rails,Ruby,2010-08,84,35,49
8514,rails/rails,Ruby,2010-09,93,40,53
8514,rails/rails,Ruby,2010-10,78,36,42
8514,rails/rails,Ruby,2010-11,73,34,39
8514,rails/rails,Ruby,2010-12,53,19,34
8514,rails/rails,Ruby,2011-01,59,27,32
8514,rails/rails,Ruby,2011-02,90,40,50
8514,rails/rails,Ruby,2011-03,73,32,41
8514,rails/rails,Ruby,2011-04,79,41,38
8514,rails/rails,Ruby,2011-05,153,90,63
8514,rails/rails,Ruby,2011-06,116,55,61
8514,rails/rails,Ruby,2011-07,127,64,63
8514,rails/rails,Ruby,2011-08,101,52,49
8514,rails/rails,Ruby,2011-09,113,61,52
8514,rails/rails,Ruby,2011-10,99,50,49
8514,rails/rails,Ruby,2011-11,96,43,53
8514,rails/rails,Ruby,2011-12,108,43,65
8514,rails/rails,Ruby,2012-01,133,61,72
8514,rails/rails,Ruby,2012-02,116,60,56
8514,rails/rails,Ruby,2012-03,137,81,56
8514,rails/rails,Ruby,2012-04,139,64,75
8514,rails/rails,Ruby,2012-05,153,69,84
8514,rails/rails,Ruby,2012-06,112,51,61
8514,rails/rails,Ruby,2012-07,105,49,56
8514,rails/rails,Ruby,2012-08,108,39,69
8514,rails/rails,Ruby,2012-09,123,51,72
8514,rails/rails,Ruby,2012-10,120,51,69
8514,rails/rails,Ruby,2012-11,96,41,55
8514,rails/rails,Ruby,2012-12,116,56,60
8514,rails/rails,Ruby,2013-01,156,80,76
8514,rails/rails,Ruby,2013-02,114,55,59
8514,rails/rails,Ruby,2013-03,148,77,71
8514,rails/rails,Ruby,2013-04,123,58,65
8514,rails/rails,Ruby,2013-05,133,57,76
8514,rails/rails,Ruby,2013-06,111,45,66
8514,rails/rails,Ruby,2013-07,115,56,59
8514,rails/rails,Ruby,2013-08,124,48,76
8514,rails/rails,Ruby,2013-09,92,30,62
8514,rails/rails,Ruby,2013-10,96,34,62
8514,rails/rails,Ruby,2013-11,111,45,66
8514,rails/rails,Ruby,2013-12,108,39,69
8514,rails/rails,Ruby,2014-01,96,44,52
8514,rails/rails,Ruby,2014-02,113,50,63
8514,rails/rails,Ruby,2014-03,89,34,55
8514,rails/rails,Ruby,2014-04,109,41,68
8514,rails/rails,Ruby,2014-05,135,67,68
8514,rails/rails,Ruby,2014-06,110,42,68
8514,rails/rails,Ruby,2014-07,106,45,61
8514,rails/rails,Ruby,2014-08,109,35,74
8514,rails/rails,Ruby,2014-09,108,38,70
8514,rails/rails,Ruby,2014-10,101,40,61
8514,rails/rails,Ruby,2014-11,118,46,72
8514,rails/rails,Ruby,2014-12,129,47,82
8514,rails/rails,Ruby,2015-01,136,52,84
8514,rails/rails,Ruby,2015-02,119,49,70
8514,rails/rails,Ruby,2015-03,138,52,86
8514,rails/rails,Ruby,2015-04,124,53,71
8514,rails/rails,Ruby,2015-05,121,46,75
8514,rails/rails,Ruby,2015-06,111,40,71
8514,rails/rails,Ruby,2015-07,114,45,69
8514,rails/rails,Ruby,2015-08,112,42,70
8514,rails/rails,Ruby,2015-09,101,35,66
8514,rails/rails,Ruby,2015-10,111,43,68
8514,rails/rails,Ruby,2015-11,99,36,63
8514,rails/rails,Ruby,2015-12,122,50,72
8514,rails/rails,Ruby,2016-01,112,36,76
8514,rails/rails,Ruby,2016-02,137,54,83
8514,rails/rails,Ruby,2016-03,109,37,72
8514,rails/rails,Ruby,2016-04,86,28,58
8514,rails/rails,Ruby,2016-05,88,29,59
8514,rails/rails,Ruby,2016-06,81,28,53
8514,rails/rails,Ruby,2016-07,101,37,64
8514,rails/rails,Ruby,2016-08,101,42,59
8514,rails/rails,Ruby,2016-09,77,27,50
8514,rails/rails,Ruby,2016-10,75,24,51
8514,rails/rails,Ruby,2016-11,62,19,43
8514,rails/rails,Ruby,2016-12,70,30,40
8514,rails/rails,Ruby,2017-01,90,32,58
8514,rails/rails,Ruby,2017-02,93,37,56
8514,rails/rails,Ruby,2017-03,94,33,61
8514,rails/rails,Ruby,2017-04,71,27,44
8514,rails/rails,Ruby,2017-05,85,25,60
8514,rails/rails,Ruby,2017-06,71,27,44
8514,rails/rails,Ruby,2017-07,105,42,63
8514,rails/rails,Ruby,2017-08,91,29,62
8514,rails/rails,Ruby,2017-09,64,24,40
8514,rails/rails,Ruby,2017-10,73,31,42
8514,rails/rails,Ruby,2017-11,77,31,46
8514,rails/rails,Ruby,2017-12,76,19,57
8514,rails/rails,Ruby,2018-01,69,21,48
8514,rails/rails,Ruby,2018-02,81,23,58
8514,rails/rails,Ruby,2018-03,72,21,51
8514,rails/rails,Ruby,2018-04,99,38,61
8514,rails/rails,Ruby,2018-05,69,26,43
8514,rails/rails,Ruby,2018-06,61,19,42
8514,rails/rails,Ruby,2018-07,69,25,44
8514,rails/rails,Ruby,2018-08,81,37,44
8514,rails/rails,Ruby,2018-09,90,38,52
8514,rails/rails,Ruby,2018-10,95,37,58
8514,rails/rails,Ruby,2018-11,77,30,47
8514,rails/rails,Ruby,2018-12,73,27,46
8514,rails/rails,Ruby,2019-01,85,27,58
8514,rails/rails,Ruby,2019-02,78,34,44
8514,rails/rails,Ruby,2019-03,97,29,68
8514,rails/rails,Ruby,2019-04,97,35,62
8514,rails/rails,Ruby,2019-05,65,17,48
8514,rails/rails,Ruby,2019-06,62,23,39
8514,rails/rails,Ruby,2019-07,87,35,52
8514,rails/rails,Ruby,2019-08,75,25,50
8514,rails/rails,Ruby,2019-09,64,18,46
8514,rails/rails,Ruby,2019-10,78,32,46
8514,rails/rails,Ruby,2019-11,69,24,45
8514,rails/rails,Ruby,2019-12,85,32,53
8514,rails/rails,Ruby,2020-01,73,24,49
8514,rails/rails,Ruby,2020-02,62,20,42
8514,rails/rails,Ruby,2020-03,81,27,54
8514,rails/rails,Ruby,2020-04,56,23,33
8514,rails/rails,Ruby,2020-05,84,27,57
8514,rails/rails,Ruby,2020-06,69,28,41
8514,rails/rails,Ruby,2020-07,51,16,35
8514,rails/rails,Ruby,2020-08,55,21,34
8514,rails/rails,Ruby,2020-09,68,21,47
8514,rails/rails,Ruby,2020-10,59,22,37
8514,rails/rails,Ruby,2020-11,59,24,35
8514,rails/rails,Ruby,2020-12,70,26,44
8514,rails/rails,Ruby,2021-01,88,44,44
8514,rails/rails,Ruby,2021-02,75,32,43
8514,rails/rails,Ruby,2021-03,74,28,46
8514,rails/rails,Ruby,2021-04,81,35,46
8514,rails/rails,Ruby,2021-05,67,21,46
8514,rails/rails,Ruby,2021-06,92,31,61
8514,rails/rails,Ruby,2021-07,76,28,48
8514,rails/rails,Ruby,2021-08,66,23,43
8514,rails/rails,Ruby,2021-09,76,29,47
8514,rails/rails,Ruby,2021-10,79,29,50
8514,rails/rails,Ruby,2021-11,63,22,41
8514,rails/rails,Ruby,2021-12,80,38,42
8514,rails/rails,Ruby,2022-01,90,39,51
8514,rails/rails,Ruby,2022-02,65,23,42
8514,rails/rails,Ruby,2022-03,64,25,39
8514,rails/rails,Ruby,2022-04,57,25,32
8514,rails/rails,Ruby,2022-05,74,28,46
8514,rails/rails,Ruby,2022-06,69,20,49
8514,rails/rails,Ruby,2022-07,51,19,32
8514,rails/rails,Ruby,2022-08,66,26,40
8514,rails/rails,Ruby,2022-09,79,31,48
8514,rails/rails,Ruby,2022-10,68,33,35
8514,rails/rails,Ruby,2022-11,74,31,43
8514,rails/rails,Ruby,2022-12,64,16,48
8514,rails/rails,Ruby,2023-01,78,19,59
8514,rails/rails,Ruby,2023-02,85,33,52
8514,rails/rails,Ruby,2023-03,78,25,53
8514,rails/rails,Ruby,2023-04,71,24,47
8514,rails/rails,Ruby,2023-05,66,24,42
8514,rails/rails,Ruby,2023-06,57,17,40
8514,rails/rails,Ruby,2023-07,66,16,50
8514,rails/rails,Ruby,2023-08,70,18,52
8514,rails/rails,Ruby,2023-09,81,21,60
8514,rails/rails,Ruby,2023-10,95,29,66
8514,rails/rails,Ruby,2023-11,71,23,48
8514,rails/rails,Ruby,2023-12,61,19,42
8514,rails/rails,Ruby,2024-01,102,42,60
8514,rails/rails,Ruby,2024-02,82,23,59
8514,rails/rails,Ruby,2024-03,74,23,51
8514,rails/rails,Ruby,2024-04,75,26,49
8514,rails/rails,Ruby,2024-05,73,15,58
8514,rails/rails,Ruby,2024-06,73,20,53
8514,rails/rails,Ruby,2024-07,62,13,49
8514,rails/rails,Ruby,2024-08,93,24,69
8514,rails/rails,Ruby,2024-09,103,41,62
8514,rails/rails,Ruby,2024-10,93,31,62
8514,rails/rails,Ruby,2024-11,76,27,49
8514,rails/rails,Ruby,2024-12,80,24,56
8514,rails/rails,Ruby,2025-01,85,30,55
8514,rails/rails,Ruby,2025-02,57,27,30
8514,rails/rails,Ruby,2025-03,63,20,43
8514,rails/rails,Ruby,2025-04,46,14,32
8514,rails/rails,Ruby,2025-05,46,15,31
8514,rails/rails,Ruby,2025-06,42,13,29
8514,rails/rails,Ruby,2025-07,66,24,42
8514,rails/rails,Ruby,2025-08,62,19,43
8514,rails/rails,Ruby,2025-09,61,17,44
8514,rails/rails,Ruby,2025-10,82,28,54
8514,rails/rails,Ruby,2025-11,60,16,44
8514,rails/rails,Ruby,2025-12,67,14,53
8514,rails/rails,Ruby,2026-01,57,19,38
8514,rails/rails,Ruby,2026-02,55,26,29
8514,rails/rails,Ruby,2026-03,55,21,34
8514,rails/rails,Ruby,2026-04,49,15,34
8514,rails/rails,Ruby,2026-05,71,27,44
8514,rails/rails,Ruby,2026-06,56,14,42
8514,rails/rails,Ruby,2026-07,66,14,52
8514,rails/rails,Ruby,2026-08,56,16,40
7905539,koral--/android-gif-drawable,Java,2013-01,2,2,0
7905539,koral--/android-gif-drawable,Java,2013-02,2,1,1
7905539,koral--/android-gif-drawable,Java,2013-03,1,0,1
7905539,koral--/android-gif-drawable,Java,2013-04,0,0,0
7905539,koral--/android-gif-drawable,Java,2013-05,0,0,0
7905539,koral--/android-gif-drawable,Java,2013-06,0,0,0
7905539,koral--/android-gif-drawable,Java,2013-07,0,0,0
7905539,koral--/android-gif-drawable,Java,2013-08,0,0,0
7905539,koral--/android-gif-drawable,Java,2013-09,2,1,1
7905539,koral--/android-gif-drawable,Java,2013-10,2,0,2
7905539,koral--/android-gif-drawable,Java,2013-11,3,1,2
7905539,koral--/android-gif-drawable,Java,2013-12,1,0,1
7905539,koral--/android-gif-drawable,Java,2014-01,1,0,1
7905539,koral--/android-gif-drawable,Java,2014-02,1,0,1
7905539,koral--/android-gif-drawable,Java,2014-03,2,1,1
7905539,koral--/android-gif-drawable,Java,2014-04,2,0,2
7905539,koral--/android-gif-drawable,Java,2014-05,3,1,2
7905539,koral--/android-gif-drawable,Java,2014-06,1,0,1
7905539,koral--/android-gif-drawable,Java,2014-07,2,0,2
7905539,koral--/android-gif-drawable,Java,2014-08,1,0,1
7905539,koral--/android-gif-drawable,Java,2014-09,2,0,2
7905539,koral--/android-gif-drawable,Java,2014-10,1,0,1
7905539,koral--/android-gif-drawable,Java,2014-11,3,1,2
7905539,koral--/android-gif-drawable,Java,2014-12,2,0,2
7905539,koral--/android-gif-drawable,Java,2015-01,3,1,2
7905539,koral--/android-gif-drawable,Java,2015-02,3,1,2
7905539,koral--/android-gif-drawable,Java,2015-03,3,1,2
7905539,koral--/android-gif-drawable,Java,2015-04,2,0,2
7905539,koral--/android-gif-drawable,Java,2015-05,2,0,2
7905539,koral--/android-gif-drawable,Java,2015-06,1,0,1
7905539,koral--/android-gif-drawable,Java,2015-07,2,1,1
7905539,koral--/android-gif-drawable,Java,2015-08,1,0,1
7905539,koral--/android-gif-drawable,Java,2015-09,2,0,2
7905539,koral--/android-gif-drawable,Java,2015-10,1,0,1
7905539,koral--/android-gif-drawable,Java,2015-11,1,0,1
7905539,koral--/android-gif-drawable,Java,2015-12,2,0,2
7905539,koral--/android-gif-drawable,Java,2016-01,3,1,2
7905539,koral--/android-gif-drawable,Java,2016-02,1,0,1
7905539,koral--/android-gif-drawable,Java,2016-03,2,1,1
7905539,koral--/android-gif-drawable,Java,2016-04,4,2,2
7905539,koral--/android-gif-drawable,Java,2016-05,1,0,1
7905539,koral--/android-gif-drawable,Java,2016-06,2,0,2
7905539,koral--/android-gif-drawable,Java,2016-07,2,1,1
7905539,koral--/android-gif-drawable,Java,2016-08,2,0,2
7905539,koral--/android-gif-drawable,Java,2016-09,2,0,2
7905539,koral--/android-gif-drawable,Java,2016-10,1,0,1
7905539,koral--/android-gif-drawable,Java,2016-11,1,0,1
7905539,koral--/android-gif-drawable,Java,2016-12,1,0,1
7905539,koral--/android-gif-drawable,Java,2017-01,3,1,2
7905539,koral--/android-gif-drawable,Java,2017-02,1,0,1
7905539,koral--/android-gif-drawable,Java,2017-03,4,2,2
7905539,koral--/android-gif-drawable,Java,2017-04,2,0,2
7905539,koral--/android-gif-drawable,Java,2017-05,1,0,1
7905539,koral--/android-gif-drawable,Java,2017-06,1,0,1
7905539,koral--/android-gif-drawable,Java,2017-07,2,1,1
7905539,koral--/android-gif-drawable,Java,2017-08,2,1,1
7905539,koral--/android-gif-drawable,Java,2017-09,1,0,1
7905539,koral--/android-gif-drawable,Java,2017-10,0,0,0
7905539,koral--/android-gif-drawable,Java,2017-11,1,0,1
7905539,koral--/android-gif-drawable,Java,2017-12,1,0,1
7905539,koral--/android-gif-drawable,Java,2018-01,1,0,1
7905539,koral--/android-gif-drawable,Java,2018-02,1,0,1
7905539,koral--/android-gif-drawable,Java,2018-03,1,0,1
7905539,koral--/android-gif-drawable,Java,2018-04,1,0,1
7905539,koral--/android-gif-drawable,Java,2018-05,1,0,1
7905539,koral--/android-gif-drawable,Java,2018-06,1,0,1
7905539,koral--/android-gif-drawable,Java,2018-07,1,0,1
7905539,koral--/android-gif-drawable,Java,2018-08,1,0,1
7905539,koral--/android-gif-drawable,Java,2018-09,1,0,1
7905539,koral--/android-gif-drawable,Java,2018-10,1,0,1
7905539,koral--/android-gif-drawable,Java,2018-11,1,0,1
7905539,koral--/android-gif-drawable,Java,2018-12,0,0,0
7905539,koral--/android-gif-drawable,Java,2019-01,0,0,0
7905539,koral--/android-gif-drawable,Java,2019-02,0,0,0
7905539,koral--/android-gif-drawable,Java,2019-03,1,0,1
7905539,koral--/android-gif-drawable,Java,2019-04,3,2,1
7905539,koral--/android-gif-drawable,Java,2019-05,1,0,1
7905539,koral--/android-gif-drawable,Java,2019-06,1,0,1
7905539,koral--/android-gif-drawable,Java,2019-07,0,0,0
7905539,koral--/android-gif-drawable,Java,2019-08,3,2,1
7905539,koral--/android-gif-drawable,Java,2019-09,1,0,1
7905539,koral--/android-gif-drawable,Java,2019-10,3,2,1
7905539,koral--/android-gif-drawable,Java,2019-11,2,0,2
7905539,koral--/android-gif-drawable,Java,2019-12,1,0,1
7905539,koral--/android-gif-drawable,Java,2020-01,0,0,0
7905539,koral--/android-gif-drawable,Java,2020-02,1,0,1
7905539,koral--/android-gif-drawable,Java,2020-03,0,0,0
7905539,koral--/android-gif-drawable,Java,2020-04,1,0,1
7905539,koral--/android-gif-drawable,Java,2020-05,2,1,1
7905539,koral--/android-gif-drawable,Java,2020-06,0,0,0
7905539,koral--/android-gif-drawable,Java,2020-07,0,0,0
7905539,koral--/android-gif-drawable,Java,2020-08,2,1,1
7905539,koral--/android-gif-drawable,Java,2020-09,0,0,0
7905539,koral--/android-gif-drawable,Java,2020-10,1,0,1
7905539,koral--/android-gif-drawable,Java,2020-11,0,0,0
7905539,koral--/android-gif-drawable,Java,2020-12,0,0,0
7905539,koral--/android-gif-drawable,Java,2021-01,0,0,0
7905539,koral--/android-gif-drawable,Java,2021-02,2,0,2
7905539,koral--/android-gif-drawable,Java,2021-03,2,1,1
7905539,koral--/android-gif-drawable,Java,2021-04,0,0,0
7905539,koral--/android-gif-drawable,Java,2021-05,0,0,0
7905539,koral--/android-gif-drawable,Java,2021-06,0,0,0
7905539,koral--/android-gif-drawable,Java,2021-07,0,0,0
7905539,koral--/android-gif-drawable,Java,2021-08,1,1,0
7905539,koral--/android-gif-drawable,Java,2021-09,0,0,0
7905539,koral--/android-gif-drawable,Java,2021-10,0,0,0
7905539,koral--/android-gif-drawable,Java,2021-11,1,1,0
7905539,koral--/android-gif-drawable,Java,2021-12,0,0,0
7905539,koral--/android-gif-drawable,Java,2022-01,1,0,1
7905539,koral--/android-gif-drawable,Java,2022-02,0,0,0
7905539,koral--/android-gif-drawable,Java,2022-03,0,0,0
7905539,koral--/android-gif-drawable,Java,2022-04,1,0,1
7905539,koral--/android-gif-drawable,Java,2022-05,0,0,0
7905539,koral--/android-gif-drawable,Java,2022-06,0,0,0
7905539,koral--/android-gif-drawable,Java,2022-07,1,0,1
7905539,koral--/android-gif-drawable,Java,2022-08,1,0,1
7905539,koral--/android-gif-drawable,Java,2022-09,0,0,0
7905539,koral--/android-gif-drawable,Java,2022-10,0,0,0
7905539,koral--/android-gif-drawable,Java,2022-11,0,0,0
7905539,koral--/android-gif-drawable,Java,2022-12,0,0,0
7905539,koral--/android-gif-drawable,Java,2023-01,0,0,0
7905539,koral--/android-gif-drawable,Java,2023-02,0,0,0
7905539,koral--/android-gif-drawable,Java,2023-03,0,0,0
7905539,koral--/android-gif-drawable,Java,2023-04,0,0,0
7905539,koral--/android-gif-drawable,Java,2023-05,0,0,0
7905539,koral--/android-gif-drawable,Java,2023-06,1,0,1
7905539,koral--/android-gif-drawable,Java,2023-07,1,0,1
7905539,koral--/android-gif-drawable,Java,2023-08,1,0,1
7905539,koral--/android-gif-drawable,Java,2023-09,0,0,0
7905539,koral--/android-gif-drawable,Java,2023-10,2,1,1
7905539,koral--/android-gif-drawable,Java,2023-11,0,0,0
7905539,koral--/android-gif-drawable,Java,2023-12,0,0,0
7905539,koral--/android-gif-drawable,Java,2024-01,0,0,0
7905539,koral--/android-gif-drawable,Java,2024-02,0,0,0
7905539,koral--/android-gif-drawable,Java,2024-03,0,0,0
7905539,koral--/android-gif-drawable,Java,2024-04,0,0,0
7905539,koral--/android-gif-drawable,Java,2024-05,0,0,0
7905539,koral--/android-gif-drawable,Java,2024-06,0,0,0
7905539,koral--/android-gif-drawable,Java,2024-07,1,0,1
7905539,koral--/android-gif-drawable,Java,2024-08,0,0,0
7905539,koral--/android-gif-drawable,Java,2024-09,0,0,0
7905539,koral--/android-gif-drawable,Java,2024-10,0,0,0
7905539,koral--/android-gif-drawable,Java,2024-11,0,0,0
7905539,koral--/android-gif-drawable,Java,2024-12,0,0,0
7905539,koral--/android-gif-drawable,Java,2025-01,0,0,0
7905539,koral--/android-gif-drawable,Java,2025-02,0,0,0
7905539,koral--/android-gif-drawable,Java,2025-03,0,0,0
7905539,koral--/android-gif-drawable,Java,2025-04,0,0,0
7905539,koral--/android-gif-drawable,Java,2025-05,0,0,0
7905539,koral--/android-gif-drawable,Java,2025-06,0,0,0
7905539,koral--/android-gif-drawable,Java,2025-07,0,0,0
7905539,koral--/android-gif-drawable,Java,2025-08,1,0,1
7905539,koral--/android-gif-drawable,Java,2025-09,0,0,0
7905539,koral--/android-gif-drawable,Java,2025-10,0,0,0
7905539,koral--/android-gif-drawable,Java,2025-11,0,0,0
7905539,koral--/android-gif-drawable,Java,2025-12,1,0,1
7905539,koral--/android-gif-drawable,Java,2026-01,0,0,0
7905539,koral--/android-gif-drawable,Java,2026-02,1,0,1
7905539,koral--/android-gif-drawable,Java,2026-03,0,0,0
7905539,koral--/android-gif-drawable,Java,2026-04,0,0,0
7905539,koral--/android-gif-drawable,Java,2026-05,0,0,0
7905539,koral--/android-gif-drawable,Java,2026-06,1,0,1
7905539,koral--/android-gif-drawable,Java,2026-07,0,0,0
7905539,koral--/android-gif-drawable,Java,2026-08,0,0,0
7905539,koral--/android-gif-drawable,Java,2026-09,0,0,0
9384267,electron/electron,C++,2013-04,3,3,0
9384267,electron/electron,C++,2013-05,3,0,3
9384267,electron/electron,C++,2013-06,3,0,3
9384267,electron/electron,C++,2013-07,3,0,3
9384267,electron/electron,C++,2013-08,6,4,2
9384267,electron/electron,C++,2013-09,4,2,2
9384267,electron/electron,C++,2013-10,2,0,2
9384267,electron/electron,C++,2013-11,6,3,3
9384267,electron/electron,C++,2013-12,5,1,4
9384267,electron/electron,C++,2014-01,3,0,3
9384267,electron/electron,C++,2014-02,2,0,2
9384267,electron/electron,C++,2014-03,1,0,1
9384267,electron/electron,C++,2014-04,2,0,2
9384267,electron/electron,C++,2014-05,24,21,3
9384267,electron/electron,C++,2014-06,8,4,4
9384267,electron/electron,C++,2014-07,16,12,4
9384267,electron/electron,C++,2014-08,9,6,3
9384267,electron/electron,C++,2014-09,6,3,3
9384267,electron/electron,C++,2014-10,12,9,3
9384267,electron/electron,C++,2014-11,12,8,4
9384267,electron/electron,C++,2014-12,8,4,4
9384267,electron/electron,C++,2015-01,9,6,3
9384267,electron/electron,C++,2015-02,14,9,5
9384267,electron/electron,C++,2015-03,20,11,9
9384267,electron/electron,C++,2015-04,33,20,13
9384267,electron/electron,C++,2015-05,30,17,13
9384267,electron/electron,C++,2015-06,38,27,11
9384267,electron/electron,C++,2015-07,37,25,12
9384267,electron/electron,C++,2015-08,32,18,14
9384267,electron/electron,C++,2015-09,43,25,18
9384267,electron/electron,C++,2015-10,65,45,20
9384267,electron/electron,C++,2015-11,45,31,14
9384267,electron/electron,C++,2015-12,48,29,19
9384267,electron/electron,C++,2016-01,51,28,23
9384267,electron/electron,C++,2016-02,54,32,22
9384267,electron/electron,C++,2016-03,45,24,21
9384267,electron/electron,C++,2016-04,43,24,19
9384267,electron/electron,C++,2016-05,46,25,21
9384267,electron/electron,C++,2016-06,58,31,27
9384267,electron/electron,C++,2016-07,52,30,22
9384267,electron/electron,C++,2016-08,42,19,23
9384267,electron/electron,C++,2016-09,44,21,23
9384267,electron/electron,C++,2016-10,61,39,22
9384267,electron/electron,C++,2016-11,49,21,28
9384267,electron/electron,C++,2016-12,39,21,18
9384267,electron/electron,C++,2017-01,37,20,17
9384267,electron/electron,C++,2017-02,41,20,21
9384267,electron/electron,C++,2017-03,38,17,21
9384267,electron/electron,C++,2017-04,36,12,24
9384267,electron/electron,C++,2017-05,54,25,29
9384267,electron/electron,C++,2017-06,45,22,23
9384267,electron/electron,C++,2017-07,40,18,22
9384267,electron/electron,C++,2017-08,44,18,26
9384267,electron/electron,C++,2017-09,36,15,21
9384267,electron/electron,C++,2017-10,44,21,23
9384267,electron/electron,C++,2017-11,51,25,26
9384267,electron/electron,C++,2017-12,39,14,25
9384267,electron/electron,C++,2018-01,27,9,18
9384267,electron/electron,C++,2018-02,31,9,22
9384267,electron/electron,C++,2018-03,44,15,29
9384267,electron/electron,C++,2018-04,41,13,28
9384267,electron/electron,C++,2018-05,41,13,28
9384267,electron/electron,C++,2018-06,41,20,21
9384267,electron/electron,C++,2018-07,28,5,23
9384267,electron/electron,C++,2018-08,37,15,22
9384267,electron/electron,C++,2018-09,27,5,22
9384267,electron/electron,C++,2018-10,37,15,22
9384267,electron/electron,C++,2018-11,37,12,25
9384267,electron/electron,C++,2018-12,34,10,24
9384267,electron/electron,C++,2019-01,37,11,26
9384267,electron/electron,C++,2019-02,41,17,24
9384267,electron/electron,C++,2019-03,27,8,19
9384267,electron/electron,C++,2019-04,31,7,24
9384267,electron/electron,C++,2019-05,28,10,18
9384267,electron/electron,C++,2019-06,40,12,28
9384267,electron/electron,C++,2019-07,36,10,26
9384267,electron/electron,C++,2019-08,37,14,23
9384267,electron/electron,C++,2019-09,23,6,17
9384267,electron/electron,C++,2019-10,33,9,24
9384267,electron/electron,C++,2019-11,32,8,24
9384267,electron/electron,C++,2019-12,27,7,20
9384267,electron/electron,C++,2020-01,37,17,20
9384267,electron/electron,C++,2020-02,25,5,20
9384267,electron/electron,C++,2020-03,26,3,23
9384267,electron/electron,C++,2020-04,24,6,18
9384267,electron/electron,C++,2020-05,33,12,21
9384267,electron/electron,C++,2020-06,29,11,18
9384267,electron/electron,C++,2020-07,25,4,21
9384267,electron/electron,C++,2020-08,28,10,18
9384267,electron/electron,C++,2020-09,28,11,17
9384267,electron/electron,C++,2020-10,39,15,24
9384267,electron/electron,C++,2020-11,29,5,24
9384267,electron/electron,C++,2020-12,32,11,21
9384267,electron/electron,C++,2021-01,35,11,24
9384267,electron/electron,C++,2021-02,31,12,19
9384267,electron/electron,C++,2021-03,35,11,24
9384267,electron/electron,C++,2021-04,29,10,19
9384267,electron/electron,C++,2021-05,38,18,20
9384267,electron/electron,C++,2021-06,37,10,27
9384267,electron/electron,C++,2021-07,29,6,23
9384267,electron/electron,C++,2021-08,28,6,22
9384267,electron/electron,C++,2021-09,36,10,26
9384267,electron/electron,C++,2021-10,28,6,22
9384267,electron/electron,C++,2021-11,26,4,22
9384267,electron/electron,C++,2021-12,14,1,13
9384267,electron/electron,C++,2022-01,45,25,20
9384267,electron/electron,C++,2022-02,32,5,27
9384267,electron/electron,C++,2022-03,46,17,29
9384267,electron/electron,C++,2022-04,25,5,20
9384267,electron/electron,C++,2022-05,26,7,19
9384267,electron/electron,C++,2022-06,24,3,21
9384267,electron/electron,C++,2022-07,24,6,18
9384267,electron/electron,C++,2022-08,30,11,19
9384267,electron/electron,C++,2022-09,47,19,28
9384267,electron/electron,C++,2022-10,30,10,20
9384267,electron/electron,C++,2022-11,25,5,20
9384267,electron/electron,C++,2022-12,21,6,15
9384267,electron/electron,C++,2023-01,22,7,15
9384267,electron/electron,C++,2023-02,21,4,17
9384267,electron/electron,C++,2023-03,23,6,17
9384267,electron/electron,C++,2023-04,26,7,19
9384267,electron/electron,C++,2023-05,27,5,22
9384267,electron/electron,C++,2023-06,19,2,17
9384267,electron/electron,C++,2023-07,26,10,16
9384267,electron/electron,C++,2023-08,23,4,19
9384267,electron/electron,C++,2023-09,33,7,26
9384267,electron/electron,C++,2023-10,21,5,16
9384267,electron/electron,C++,2023-11,27,7,20
9384267,electron/electron,C++,2023-12,21,6,15
9384267,electron/electron,C++,2024-01,28,6,22
9384267,electron/electron,C++,2024-02,25,4,21
9384267,electron/electron,C++,2024-03,25,7,18
9384267,electron/electron,C++,2024-04,32,9,23
9384267,electron/electron,C++,2024-05,28,7,21
9384267,electron/electron,C++,2024-06,32,7,25
9384267,electron/electron,C++,2024-07,27,5,22
9384267,electron/electron,C++,2024-08,25,4,21
9384267,electron/electron,C++,2024-09,27,6,21
9384267,electron/electron,C++,2024-10,24,3,21
9384267,electron/electron,C++,2024-11,30,8,22
9384267,electron/electron,C++,2024-12,22,5,17
9384267,electron/electron,C++,2025-01,30,5,25
9384267,electron/electron,C++,2025-02,36,9,27
9384267,electron/electron,C++,2025-03,26,4,22
9384267,electron/electron,C++,2025-04,29,6,23
9384267,electron/electron,C++,2025-05,23,4,19
9384267,electron/electron,C++,2025-06,25,3,22
9384267,electron/electron,C++,2025-07,23,5,18
9384267,electron/electron,C++,2025-08,23,1,22
9384267,electron/electron,C++,2025-09,17,1,16
9384267,electron/electron,C++,2025-10,33,8,25
9384267,electron/electron,C++,2025-11,32,11,21
9384267,electron/electron,C++,2025-12,12,2,10
9384267,electron/electron,C++,2026-01,34,12,22
9384267,electron/electron,C++,2026-02,39,15,24
9384267,electron/electron,C++,2026-03,47,19,28
9384267,electron/electron,C++,2026-04,39,9,30
9384267,electron/electron,C++,2026-05,31,4,27
9384267,electron/electron,C++,2026-06,31,5,26
9384267,electron/electron,C++,2026-07,37,14,23
9384267,electron/electron,C++,2026-08,41,16,25
10270250,react/react,JavaScript,2013-05,12,12,0
10270250,react/react,JavaScript,2013-06,22,14,8
10270250,react/react,JavaScript,2013-07,24,15,9
10270250,react/react,JavaScript,2013-08,26,13,13
10270250,react/react,JavaScript,2013-09,22,7,15
10270250,react/react,JavaScript,2013-10,31,10,21
10270250,react/react,JavaScript,2013-11,35,15,20
10270250,react/react,JavaScript,2013-12,37,16,21
10270250,react/react,JavaScript,2014-01,57,31,26
10270250,react/react,JavaScript,2014-02,37,16,21
10270250,react/react,JavaScript,2014-03,48,23,25
10270250,react/react,JavaScript,2014-04,34,11,23
10270250,react/react,JavaScript,2014-05,48,25,23
10270250,react/react,JavaScript,2014-06,31,12,19
10270250,react/react,JavaScript,2014-07,39,25,14
10270250,react/react,JavaScript,2014-08,38,22,16
10270250,react/react,JavaScript,2014-09,37,22,15
10270250,react/react,JavaScript,2014-10,30,19,11
10270250,react/react,JavaScript,2014-11,41,22,19
10270250,react/react,JavaScript,2014-12,34,20,14
10270250,react/react,JavaScript,2015-01,51,29,22
10270250,react/react,JavaScript,2015-02,70,37,33
10270250,react/react,JavaScript,2015-03,72,46,26
10270250,react/react,JavaScript,2015-04,59,38,21
10270250,react/react,JavaScript,2015-05,42,24,18
10270250,react/react,JavaScript,2015-06,53,33,20
10270250,react/react,JavaScript,2015-07,53,32,21
10270250,react/react,JavaScript,2015-08,44,25,19
10270250,react/react,JavaScript,2015-09,42,24,18
10270250,react/react,JavaScript,2015-10,62,40,22
10270250,react/react,JavaScript,2015-11,36,23,13
10270250,react/react,JavaScript,2015-12,42,24,18
10270250,react/react,JavaScript,2016-01,36,23,13
10270250,react/react,JavaScript,2016-02,45,26,19
10270250,react/react,JavaScript,2016-03,43,25,18
10270250,react/react,JavaScript,2016-04,45,29,16
10270250,react/react,JavaScript,2016-05,60,41,19
10270250,react/react,JavaScript,2016-06,40,22,18
10270250,react/react,JavaScript,2016-07,40,21,19
10270250,react/react,JavaScript,2016-08,42,23,19
10270250,react/react,JavaScript,2016-09,41,20,21
10270250,react/react,JavaScript,2016-10,75,54,21
10270250,react/react,JavaScript,2016-11,56,36,20
10270250,react/react,JavaScript,2016-12,26,14,12
10270250,react/react,JavaScript,2017-01,73,49,24
10270250,react/react,JavaScript,2017-02,43,27,16
10270250,react/react,JavaScript,2017-03,36,15,21
10270250,react/react,JavaScript,2017-04,63,43,20
10270250,react/react,JavaScript,2017-05,36,16,20
10270250,react/react,JavaScript,2017-06,40,17,23
10270250,react/react,JavaScript,2017-07,29,12,17
10270250,react/react,JavaScript,2017-08,29,10,19
10270250,react/react,JavaScript,2017-09,57,38,19
10270250,react/react,JavaScript,2017-10,53,38,15
10270250,react/react,JavaScript,2017-11,53,34,19
10270250,react/react,JavaScript,2017-12,22,8,14
10270250,react/react,JavaScript,2018-01,30,13,17
10270250,react/react,JavaScript,2018-02,20,7,13
10270250,react/react,JavaScript,2018-03,23,9,14
10270250,react/react,JavaScript,2018-04,17,8,9
10270250,react/react,JavaScript,2018-05,28,10,18
10270250,react/react,JavaScript,2018-06,22,11,11
10270250,react/react,JavaScript,2018-07,20,8,12
10270250,react/react,JavaScript,2018-08,49,30,19
10270250,react/react,JavaScript,2018-09,29,15,14
10270250,react/react,JavaScript,2018-10,34,16,18
10270250,react/react,JavaScript,2018-11,32,17,15
10270250,react/react,JavaScript,2018-12,10,5,5
10270250,react/react,JavaScript,2019-01,23,11,12
10270250,react/react,JavaScript,2019-02,23,13,10
10270250,react/react,JavaScript,2019-03,20,6,14
10270250,react/react,JavaScript,2019-04,32,20,12
10270250,react/react,JavaScript,2019-05,21,9,12
10270250,react/react,JavaScript,2019-06,26,9,17
10270250,react/react,JavaScript,2019-07,25,10,15
10270250,react/react,JavaScript,2019-08,27,12,15
10270250,react/react,JavaScript,2019-09,26,13,13
10270250,react/react,JavaScript,2019-10,16,6,10
10270250,react/react,JavaScript,2019-11,14,5,9
10270250,react/react,JavaScript,2019-12,18,11,7
10270250,react/react,JavaScript,2020-01,20,8,12
10270250,react/react,JavaScript,2020-02,32,15,17
10270250,react/react,JavaScript,2020-03,23,9,14
10270250,react/react,JavaScript,2020-04,25,12,13
10270250,react/react,JavaScript,2020-05,26,11,15
10270250,react/react,JavaScript,2020-06,19,8,11
10270250,react/react,JavaScript,2020-07,25,15,10
10270250,react/react,JavaScript,2020-08,31,17,14
10270250,react/react,JavaScript,2020-09,21,10,11
10270250,react/react,JavaScript,2020-10,23,11,12
10270250,react/react,JavaScript,2020-11,13,4,9
10270250,react/react,JavaScript,2020-12,14,5,9
10270250,react/react,JavaScript,2021-01,11,5,6
10270250,react/react,JavaScript,2021-02,13,6,7
10270250,react/react,JavaScript,2021-03,17,6,11
10270250,react/react,JavaScript,2021-04,14,1,13
10270250,react/react,JavaScript,2021-05,11,5,6
10270250,react/react,JavaScript,2021-06,18,8,10
10270250,react/react,JavaScript,2021-07,19,8,11
10270250,react/react,JavaScript,2021-08,21,12,9
10270250,react/react,JavaScript,2021-09,27,10,17
10270250,react/react,JavaScript,2021-10,14,5,9
10270250,react/react,JavaScript,2021-11,25,14,11
10270250,react/react,JavaScript,2021-12,10,2,8
10270250,react/react,JavaScript,2022-01,16,9,7
10270250,react/react,JavaScript,2022-02,11,5,6
10270250,react/react,JavaScript,2022-03,20,8,12
10270250,react/react,JavaScript,2022-04,22,10,12
10270250,react/react,JavaScript,2022-05,15,3,12
10270250,react/react,JavaScript,2022-06,12,5,7
10270250,react/react,JavaScript,2022-07,6,2,4
10270250,react/react,JavaScript,2022-08,18,9,9
10270250,react/react,JavaScript,2022-09,28,16,12
10270250,react/react,JavaScript,2022-10,25,5,20
10270250,react/react,JavaScript,2022-11,26,11,15
10270250,react/react,JavaScript,2022-12,32,11,21
10270250,react/react,JavaScript,2023-01,25,6,19
10270250,react/react,JavaScript,2023-02,38,12,26
10270250,react/react,JavaScript,2023-03,40,7,33
10270250,react/react,JavaScript,2023-04,35,7,28
10270250,react/react,JavaScript,2023-05,31,8,23
10270250,react/react,JavaScript,2023-06,24,3,21
10270250,react/react,JavaScript,2023-07,24,3,21
10270250,react/react,JavaScript,2023-08,20,3,17
10270250,react/react,JavaScript,2023-09,20,2,18
10270250,react/react,JavaScript,2023-10,34,8,26
10270250,react/react,JavaScript,2023-11,36,9,27
10270250,react/react,JavaScript,2023-12,23,3,20
10270250,react/react,JavaScript,2024-01,26,1,25
10270250,react/react,JavaScript,2024-02,41,8,33
10270250,react/react,JavaScript,2024-03,41,7,34
10270250,react/react,JavaScript,2024-04,38,10,28
10270250,react/react,JavaScript,2024-05,56,21,35
10270250,react/react,JavaScript,2024-06,45,14,31
10270250,react/react,JavaScript,2024-07,30,5,25
10270250,react/react,JavaScript,2024-08,33,7,26
10270250,react/react,JavaScript,2024-09,37,4,33
10270250,react/react,JavaScript,2024-10,30,3,27
10270250,react/react,JavaScript,2024-11,36,4,32
10270250,react/react,JavaScript,2024-12,37,10,27
10270250,react/react,JavaScript,2025-01,48,19,29
10270250,react/react,JavaScript,2025-02,32,8,24
10270250,react/react,JavaScript,2025-03,44,12,32
10270250,react/react,JavaScript,2025-04,33,7,26
10270250,react/react,JavaScript,2025-05,46,9,37
10270250,react/react,JavaScript,2025-06,38,5,33
10270250,react/react,JavaScript,2025-07,30,3,27
10270250,react/react,JavaScript,2025-08,30,5,25
10270250,react/react,JavaScript,2025-09,34,2,32
10270250,react/react,JavaScript,2025-10,39,11,28
10270250,react/react,JavaScript,2025-11,34,6,28
10270250,react/react,JavaScript,2025-12,28,3,25
10270250,react/react,JavaScript,2026-01,28,4,24
10270250,react/react,JavaScript,2026-02,33,7,26
10270250,react/react,JavaScript,2026-03,31,11,20
10270250,react/react,JavaScript,2026-04,26,7,19
10270250,react/react,JavaScript,2026-05,19,6,13
10270250,react/react,JavaScript,2026-06,30,8,22
10270250,react/react,JavaScript,2026-07,36,7,29
10270250,react/react,JavaScript,2026-08,24,6,18
11730342,vuejs/vue,TypeScript,2013-07,2,2,0
11730342,vuejs/vue,TypeScript,2013-08,2,0,2
11730342,vuejs/vue,TypeScript,2013-09,2,0,2
11730342,vuejs/vue,TypeScript,2013-10,2,0,2
11730342,vuejs/vue,TypeScript,2013-11,2,0,2
11730342,vuejs/vue,TypeScript,2013-12,2,0,2
11730342,vuejs/vue,TypeScript,2014-01,2,0,2
11730342,vuejs/vue,TypeScript,2014-02,5,3,2
11730342,vuejs/vue,TypeScript,2014-03,2,0,2
11730342,vuejs/vue,TypeScript,2014-04,3,0,3
11730342,vuejs/vue,TypeScript,2014-05,5,2,3
11730342,vuejs/vue,TypeScript,2014-06,6,4,2
11730342,vuejs/vue,TypeScript,2014-07,5,3,2
11730342,vuejs/vue,TypeScript,2014-08,4,2,2
11730342,vuejs/vue,TypeScript,2014-09,2,1,1
11730342,vuejs/vue,TypeScript,2014-10,3,2,1
11730342,vuejs/vue,TypeScript,2014-11,2,1,1
11730342,vuejs/vue,TypeScript,2014-12,2,1,1
11730342,vuejs/vue,TypeScript,2015-01,1,0,1
11730342,vuejs/vue,TypeScript,2015-02,4,3,1
11730342,vuejs/vue,TypeScript,2015-03,1,0,1
11730342,vuejs/vue,TypeScript,2015-04,6,5,1
11730342,vuejs/vue,TypeScript,2015-05,4,3,1
11730342,vuejs/vue,TypeScript,2015-06,7,5,2
11730342,vuejs/vue,TypeScript,2015-07,3,1,2
11730342,vuejs/vue,TypeScript,2015-08,8,5,3
11730342,vuejs/vue,TypeScript,2015-09,7,5,2
11730342,vuejs/vue,TypeScript,2015-10,8,5,3
11730342,vuejs/vue,TypeScript,2015-11,9,5,4
11730342,vuejs/vue,TypeScript,2015-12,10,9,1
11730342,vuejs/vue,TypeScript,2016-01,11,5,6
11730342,vuejs/vue,TypeScript,2016-02,6,4,2
11730342,vuejs/vue,TypeScript,2016-03,11,9,2
11730342,vuejs/vue,TypeScript,2016-04,18,15,3
11730342,vuejs/vue,TypeScript,2016-05,14,6,8
11730342,vuejs/vue,TypeScript,2016-06,17,11,6
11730342,vuejs/vue,TypeScript,2016-07,9,6,3
11730342,vuejs/vue,TypeScript,2016-08,9,7,2
11730342,vuejs/vue,TypeScript,2016-09,17,14,3
11730342,vuejs/vue,TypeScript,2016-10,19,11,8
11730342,vuejs/vue,TypeScript,2016-11,19,10,9
11730342,vuejs/vue,TypeScript,2016-12,17,7,10
11730342,vuejs/vue,TypeScript,2017-01,12,7,5
11730342,vuejs/vue,TypeScript,2017-02,22,15,7
11730342,vuejs/vue,TypeScript,2017-03,27,12,15
11730342,vuejs/vue,TypeScript,2017-04,18,9,9
11730342,vuejs/vue,TypeScript,2017-05,21,15,6
11730342,vuejs/vue,TypeScript,2017-06,18,11,7
11730342,vuejs/vue,TypeScript,2017-07,12,3,9
11730342,vuejs/vue,TypeScript,2017-08,6,2,4
11730342,vuejs/vue,TypeScript,2017-09,24,15,9
11730342,vuejs/vue,TypeScript,2017-10,24,12,12
11730342,vuejs/vue,TypeScript,2017-11,17,11,6
11730342,vuejs/vue,TypeScript,2017-12,15,5,10
11730342,vuejs/vue,TypeScript,2018-01,6,1,5
11730342,vuejs/vue,TypeScript,2018-02,4,3,1
11730342,vuejs/vue,TypeScript,2018-03,29,18,11
11730342,vuejs/vue,TypeScript,2018-04,6,3,3
11730342,vuejs/vue,TypeScript,2018-05,1,1,0
11730342,vuejs/vue,TypeScript,2018-06,1,0,1
11730342,vuejs/vue,TypeScript,2018-07,1,0,1
11730342,vuejs/vue,TypeScript,2018-08,7,4,3
11730342,vuejs/vue,TypeScript,2018-09,3,0,3
11730342,vuejs/vue,TypeScript,2018-10,33,26,7
11730342,vuejs/vue,TypeScript,2018-11,9,6,3
11730342,vuejs/vue,TypeScript,2018-12,45,30,15
11730342,vuejs/vue,TypeScript,2019-01,8,6,2
11730342,vuejs/vue,TypeScript,2019-02,12,8,4
11730342,vuejs/vue,TypeScript,2019-03,20,8,12
11730342,vuejs/vue,TypeScript,2019-04,11,5,6
11730342,vuejs/vue,TypeScript,2019-05,4,2,2
11730342,vuejs/vue,TypeScript,2019-06,3,1,2
11730342,vuejs/vue,TypeScript,2019-07,3,1,2
11730342,vuejs/vue,TypeScript,2019-08,4,2,2
11730342,vuejs/vue,TypeScript,2019-09,3,1,2
11730342,vuejs/vue,TypeScript,2019-10,7,4,3
11730342,vuejs/vue,TypeScript,2019-11,1,0,1
11730342,vuejs/vue,TypeScript,2019-12,4,2,2
11730342,vuejs/vue,TypeScript,2020-01,3,1,2
11730342,vuejs/vue,TypeScript,2020-02,5,3,2
11730342,vuejs/vue,TypeScript,2020-03,6,3,3
11730342,vuejs/vue,TypeScript,2020-04,3,2,1
11730342,vuejs/vue,TypeScript,2020-05,1,0,1
11730342,vuejs/vue,TypeScript,2020-06,2,1,1
11730342,vuejs/vue,TypeScript,2020-07,2,1,1
11730342,vuejs/vue,TypeScript,2020-08,4,0,4
11730342,vuejs/vue,TypeScript,2020-09,8,5,3
11730342,vuejs/vue,TypeScript,2020-10,4,3,1
11730342,vuejs/vue,TypeScript,2020-11,3,1,2
11730342,vuejs/vue,TypeScript,2020-12,1,0,1
11730342,vuejs/vue,TypeScript,2021-01,1,0,1
11730342,vuejs/vue,TypeScript,2021-02,0,0,0
11730342,vuejs/vue,TypeScript,2021-03,13,9,4
11730342,vuejs/vue,TypeScript,2021-04,14,10,4
11730342,vuejs/vue,TypeScript,2021-05,3,0,3
11730342,vuejs/vue,TypeScript,2021-06,6,0,6
11730342,vuejs/vue,TypeScript,2021-07,1,0,1
11730342,vuejs/vue,TypeScript,2021-08,4,0,4
11730342,vuejs/vue,TypeScript,2021-09,4,2,2
11730342,vuejs/vue,TypeScript,2021-10,1,0,1
11730342,vuejs/vue,TypeScript,2021-11,4,3,1
11730342,vuejs/vue,TypeScript,2021-12,2,0,2
11730342,vuejs/vue,TypeScript,2022-01,2,0,2
11730342,vuejs/vue,TypeScript,2022-02,3,0,3
11730342,vuejs/vue,TypeScript,2022-03,0,0,0
11730342,vuejs/vue,TypeScript,2022-04,2,1,1
11730342,vuejs/vue,TypeScript,2022-05,3,0,3
11730342,vuejs/vue,TypeScript,2022-06,4,2,2
11730342,vuejs/vue,TypeScript,2022-07,14,11,3
11730342,vuejs/vue,TypeScript,2022-08,10,7,3
11730342,vuejs/vue,TypeScript,2022-09,1,0,1
11730342,vuejs/vue,TypeScript,2022-10,8,5,3
11730342,vuejs/vue,TypeScript,2022-11,4,2,2
11730342,vuejs/vue,TypeScript,2022-12,4,4,0
11730342,vuejs/vue,TypeScript,2023-01,1,1,0
11730342,vuejs/vue,TypeScript,2023-02,1,1,0
11730342,vuejs/vue,TypeScript,2023-03,0,0,0
11730342,vuejs/vue,TypeScript,2023-04,1,1,0
11730342,vuejs/vue,TypeScript,2023-05,0,0,0
11730342,vuejs/vue,TypeScript,2023-06,0,0,0
11730342,vuejs/vue,TypeScript,2023-07,0,0,0
11730342,vuejs/vue,TypeScript,2023-08,0,0,0
11730342,vuejs/vue,TypeScript,2023-09,0,0,0
11730342,vuejs/vue,TypeScript,2023-10,6,4,2
11730342,vuejs/vue,TypeScript,2023-11,1,0,1
11730342,vuejs/vue,TypeScript,2023-12,6,3,3
11730342,vuejs/vue,TypeScript,2024-01,1,0,1
11730342,vuejs/vue,TypeScript,2024-02,0,0,0
11730342,vuejs/vue,TypeScript,2024-03,0,0,0
11730342,vuejs/vue,TypeScript,2024-04,0,0,0
11730342,vuejs/vue,TypeScript,2024-05,1,1,0
11730342,vuejs/vue,TypeScript,2024-06,1,1,0
11730342,vuejs/vue,TypeScript,2024-07,0,0,0
11730342,vuejs/vue,TypeScript,2024-08,0,0,0
11730342,vuejs/vue,TypeScript,2024-09,0,0,0
11730342,vuejs/vue,TypeScript,2024-10,1,1,0
11730342,vuejs/vue,TypeScript,2024-11,0,0,0
11730342,vuejs/vue,TypeScript,2024-12,0,0,0
11730342,vuejs/vue,TypeScript,2025-01,0,0,0
11730342,vuejs/vue,TypeScript,2025-02,0,0,0
11730342,vuejs/vue,TypeScript,2025-03,0,0,0
11730342,vuejs/vue,TypeScript,2025-04,0,0,0
11730342,vuejs/vue,TypeScript,2025-05,0,0,0
11730342,vuejs/vue,TypeScript,2025-06,0,0,0
11730342,vuejs/vue,TypeScript,2025-07,0,0,0
11730342,vuejs/vue,TypeScript,2025-08,0,0,0
11730342,vuejs/vue,TypeScript,2025-09,0,0,0
11730342,vuejs/vue,TypeScript,2025-10,0,0,0
11730342,vuejs/vue,TypeScript,2025-11,0,0,0
11730342,vuejs/vue,TypeScript,2025-12,0,0,0
11730342,vuejs/vue,TypeScript,2026-01,0,0,0
11730342,vuejs/vue,TypeScript,2026-02,0,0,0
11730342,vuejs/vue,TypeScript,2026-03,0,0,0
11730342,vuejs/vue,TypeScript,2026-04,0,0,0
11730342,vuejs/vue,TypeScript,2026-05,0,0,0
11730342,vuejs/vue,TypeScript,2026-06,0,0,0
11730342,vuejs/vue,TypeScript,2026-07,0,0,0
11730342,vuejs/vue,TypeScript,2026-08,0,0,0
11730342,vuejs/vue,TypeScript,2026-09,0,0,0
33340924,blakemcbride/eclipse-lisp,C,2015-04,1,1,0
33340924,blakemcbride/eclipse-lisp,C,2015-05,0,0,0
33340924,blakemcbride/eclipse-lisp,C,2015-06,0,0,0
33340924,blakemcbride/eclipse-lisp,C,2015-07,0,0,0
33340924,blakemcbride/eclipse-lisp,C,2015-08,0,0,0
33340924,blakemcbride/eclipse-lisp,C,2015-09,0,0,0
33340924,blakemcbride/eclipse-lisp,C,2015-10,0,0,0
33340924,blakemcbride/eclipse-lisp,C,2015-11,0,0,0
33340924,blakemcbride/eclipse-lisp,C,2015-12,0,0,0
33340924,blakemcbride/eclipse-lisp,C,2016-01,0,0,0
33340924,blakemcbride/eclipse-lisp,C,2016-02,0,0,0
33340924,blakemcbride/eclipse-lisp,C,2016-03,0,0,0
33340924,blakemcbride/eclipse-lisp,C,2016-04,0,0,0
33340924,blakemcbride/eclipse-lisp,C,2016-05,0,0,0
33340924,blakemcbride/eclipse-lisp,C,2016-06,0,0,0
33340924,blakemcbride/eclipse-lisp,C,2016-07,0,0,0
33340924,blakemcbride/eclipse-lisp,C,2016-08,0,0,0
33340924,blakemcbride/eclipse-lisp,C,2016-09,0,0,0
33340924,blakemcbride/eclipse-lisp,C,2016-10,0,0,0
33340924,blakemcbride/eclipse-lisp,C,2016-11,0,0,0
33340924,blakemcbride/eclipse-lisp,C,2016-12,0,0,0
33340924,blakemcbride/eclipse-lisp,C,2017-01,0,0,0
33340924,blakemcbride/eclipse-lisp,C,2017-02,0,0,0
33340924,blakemcbride/eclipse-lisp,C,2017-03,0,0,0
33340924,blakemcbride/eclipse-lisp,C,2017-04,0,0,0
33340924,blakemcbride/eclipse-lisp,C,2017-05,0,0,0
33340924,blakemcbride/eclipse-lisp,C,2017-06,0,0,0
33340924,blakemcbride/eclipse-lisp,C,2017-07,0,0,0
33340924,blakemcbride/eclipse-lisp,C,2017-08,0,0,0
33340924,blakemcbride/eclipse-lisp,C,2017-09,0,0,0
33340924,blakemcbride/eclipse-lisp,C,2017-10,0,0,0
33340924,blakemcbride/eclipse-lisp,C,2017-11,0,0,0
33340924,blakemcbride/eclipse-lisp,C,2017-12,0,0,0
33340924,blakemcbride/eclipse-lisp,C,2018-01,0,0,0
33340924,blakemcbride/eclipse-lisp,C,2018-02,0,0,0
33340924,blakemcbride/eclipse-lisp,C,2018-03,0,0,0
33340924,blakemcbride/eclipse-lisp,C,2018-04,0,0,0
33340924,blakemcbride/eclipse-lisp,C,2018-05,0,0,0
33340924,blakemcbride/eclipse-lisp,C,2018-06,0,0,0
33340924,blakemcbride/eclipse-lisp,C,2018-07,0,0,0
33340924,blakemcbride/eclipse-lisp,C,2018-08,0,0,0
33340924,blakemcbride/eclipse-lisp,C,2018-09,0,0,0
33340924,blakemcbride/eclipse-lisp,C,2018-10,0,0,0
33340924,blakemcbride/eclipse-lisp,C,2018-11,0,0,0
33340924,blakemcbride/eclipse-lisp,C,2018-12,0,0,0
33340924,blakemcbride/eclipse-lisp,C,2019-01,0,0,0
33340924,blakemcbride/eclipse-lisp,C,2019-02,0,0,0
33340924,blakemcbride/eclipse-lisp,C,2019-03,0,0,0
33340924,blakemcbride/eclipse-lisp,C,2019-04,0,0,0
33340924,blakemcbride/eclipse-lisp,C,2019-05,0,0,0
33340924,blakemcbride/eclipse-lisp,C,2019-06,0,0,0
33340924,blakemcbride/eclipse-lisp,C,2019-07,0,0,0
33340924,blakemcbride/eclipse-lisp,C,2019-08,0,0,0
33340924,blakemcbride/eclipse-lisp,C,2019-09,0,0,0
33340924,blakemcbride/eclipse-lisp,C,2019-10,0,0,0
33340924,blakemcbride/eclipse-lisp,C,2019-11,0,0,0
33340924,blakemcbride/eclipse-lisp,C,2019-12,0,0,0
33340924,blakemcbride/eclipse-lisp,C,2020-01,0,0,0
33340924,blakemcbride/eclipse-lisp,C,2020-02,0,0,0
33340924,blakemcbride/eclipse-lisp,C,2020-03,0,0,0
33340924,blakemcbride/eclipse-lisp,C,2020-04,0,0,0
33340924,blakemcbride/eclipse-lisp,C,2020-05,0,0,0
33340924,blakemcbride/eclipse-lisp,C,2020-06,0,0,0
33340924,blakemcbride/eclipse-lisp,C,2020-07,0,0,0
33340924,blakemcbride/eclipse-lisp,C,2020-08,0,0,0
33340924,blakemcbride/eclipse-lisp,C,2020-09,0,0,0
33340924,blakemcbride/eclipse-lisp,C,2020-10,0,0,0
33340924,blakemcbride/eclipse-lisp,C,2020-11,0,0,0
33340924,blakemcbride/eclipse-lisp,C,2020-12,0,0,0
33340924,blakemcbride/eclipse-lisp,C,2021-01,0,0,0
33340924,blakemcbride/eclipse-lisp,C,2021-02,0,0,0
33340924,blakemcbride/eclipse-lisp,C,2021-03,0,0,0
33340924,blakemcbride/eclipse-lisp,C,2021-04,0,0,0
33340924,blakemcbride/eclipse-lisp,C,2021-05,0,0,0
33340924,blakemcbride/eclipse-lisp,C,2021-06,0,0,0
33340924,blakemcbride/eclipse-lisp,C,2021-07,0,0,0
33340924,blakemcbride/eclipse-lisp,C,2021-08,0,0,0
33340924,blakemcbride/eclipse-lisp,C,2021-09,0,0,0
33340924,blakemcbride/eclipse-lisp,C,2021-10,0,0,0
33340924,blakemcbride/eclipse-lisp,C,2021-11,0,0,0
33340924,blakemcbride/eclipse-lisp,C,2021-12,0,0,0
33340924,blakemcbride/eclipse-lisp,C,2022-01,0,0,0
33340924,blakemcbride/eclipse-lisp,C,2022-02,0,0,0
33340924,blakemcbride/eclipse-lisp,C,2022-03,0,0,0
33340924,blakemcbride/eclipse-lisp,C,2022-04,0,0,0
33340924,blakemcbride/eclipse-lisp,C,2022-05,0,0,0
33340924,blakemcbride/eclipse-lisp,C,2022-06,0,0,0
33340924,blakemcbride/eclipse-lisp,C,2022-07,0,0,0
33340924,blakemcbride/eclipse-lisp,C,2022-08,0,0,0
33340924,blakemcbride/eclipse-lisp,C,2022-09,0,0,0
33340924,blakemcbride/eclipse-lisp,C,2022-10,0,0,0
33340924,blakemcbride/eclipse-lisp,C,2022-11,0,0,0
33340924,blakemcbride/eclipse-lisp,C,2022-12,0,0,0
33340924,blakemcbride/eclipse-lisp,C,2023-01,0,0,0
33340924,blakemcbride/eclipse-lisp,C,2023-02,0,0,0
33340924,blakemcbride/eclipse-lisp,C,2023-03,0,0,0
33340924,blakemcbride/eclipse-lisp,C,2023-04,0,0,0
33340924,blakemcbride/eclipse-lisp,C,2023-05,0,0,0
33340924,blakemcbride/eclipse-lisp,C,2023-06,0,0,0
33340924,blakemcbride/eclipse-lisp,C,2023-07,0,0,0
33340924,blakemcbride/eclipse-lisp,C,2023-08,0,0,0
33340924,blakemcbride/eclipse-lisp,C,2023-09,0,0,0
33340924,blakemcbride/eclipse-lisp,C,2023-10,0,0,0
33340924,blakemcbride/eclipse-lisp,C,2023-11,0,0,0
33340924,blakemcbride/eclipse-lisp,C,2023-12,0,0,0
33340924,blakemcbride/eclipse-lisp,C,2024-01,0,0,0
33340924,blakemcbride/eclipse-lisp,C,2024-02,0,0,0
33340924,blakemcbride/eclipse-lisp,C,2024-03,0,0,0
33340924,blakemcbride/eclipse-lisp,C,2024-04,0,0,0
33340924,blakemcbride/eclipse-lisp,C,2024-05,0,0,0
33340924,blakemcbride/eclipse-lisp,C,2024-06,0,0,0
33340924,blakemcbride/eclipse-lisp,C,2024-07,0,0,0
33340924,blakemcbride/eclipse-lisp,C,2024-08,0,0,0
33340924,blakemcbride/eclipse-lisp,C,2024-09,0,0,0
33340924,blakemcbride/eclipse-lisp,C,2024-10,0,0,0
33340924,blakemcbride/eclipse-lisp,C,2024-11,0,0,0
33340924,blakemcbride/eclipse-lisp,C,2024-12,0,0,0
33340924,blakemcbride/eclipse-lisp,C,2025-01,0,0,0
33340924,blakemcbride/eclipse-lisp,C,2025-02,1,1,0
33340924,blakemcbride/eclipse-lisp,C,2025-03,0,0,0
33340924,blakemcbride/eclipse-lisp,C,2025-04,0,0,0
33340924,blakemcbride/eclipse-lisp,C,2025-05,0,0,0
33340924,blakemcbride/eclipse-lisp,C,2025-06,0,0,0
33340924,blakemcbride/eclipse-lisp,C,2025-07,0,0,0
33340924,blakemcbride/eclipse-lisp,C,2025-08,0,0,0
33340924,blakemcbride/eclipse-lisp,C,2025-09,0,0,0
33340924,blakemcbride/eclipse-lisp,C,2025-10,0,0,0
33340924,blakemcbride/eclipse-lisp,C,2025-11,0,0,0
33340924,blakemcbride/eclipse-lisp,C,2025-12,0,0,0
33340924,blakemcbride/eclipse-lisp,C,2026-01,0,0,0
33340924,blakemcbride/eclipse-lisp,C,2026-02,0,0,0
33340924,blakemcbride/eclipse-lisp,C,2026-03,1,0,1
33340924,blakemcbride/eclipse-lisp,C,2026-04,0,0,0
33340924,blakemcbride/eclipse-lisp,C,2026-05,0,0,0
33340924,blakemcbride/eclipse-lisp,C,2026-06,0,0,0
33340924,blakemcbride/eclipse-lisp,C,2026-07,0,0,0
33340924,blakemcbride/eclipse-lisp,C,2026-08,1,0,1
64840597,photopea/Typr.js,JavaScript,2016-08,1,1,0
64840597,photopea/Typr.js,JavaScript,2016-09,0,0,0
64840597,photopea/Typr.js,JavaScript,2016-10,0,0,0
64840597,photopea/Typr.js,JavaScript,2016-11,0,0,0
64840597,photopea/Typr.js,JavaScript,2016-12,0,0,0
64840597,photopea/Typr.js,JavaScript,2017-01,0,0,0
64840597,photopea/Typr.js,JavaScript,2017-02,0,0,0
64840597,photopea/Typr.js,JavaScript,2017-03,0,0,0
64840597,photopea/Typr.js,JavaScript,2017-04,0,0,0
64840597,photopea/Typr.js,JavaScript,2017-05,0,0,0
64840597,photopea/Typr.js,JavaScript,2017-06,0,0,0
64840597,photopea/Typr.js,JavaScript,2017-07,1,0,1
64840597,photopea/Typr.js,JavaScript,2017-08,1,0,1
64840597,photopea/Typr.js,JavaScript,2017-09,0,0,0
64840597,photopea/Typr.js,JavaScript,2017-10,0,0,0
64840597,photopea/Typr.js,JavaScript,2017-11,0,0,0
64840597,photopea/Typr.js,JavaScript,2017-12,0,0,0
64840597,photopea/Typr.js,JavaScript,2018-01,2,1,1
64840597,photopea/Typr.js,JavaScript,2018-02,0,0,0
64840597,photopea/Typr.js,JavaScript,2018-03,0,0,0
64840597,photopea/Typr.js,JavaScript,2018-04,0,0,0
64840597,photopea/Typr.js,JavaScript,2018-05,0,0,0
64840597,photopea/Typr.js,JavaScript,2018-06,0,0,0
64840597,photopea/Typr.js,JavaScript,2018-07,0,0,0
64840597,photopea/Typr.js,JavaScript,2018-08,0,0,0
64840597,photopea/Typr.js,JavaScript,2018-09,0,0,0
64840597,photopea/Typr.js,JavaScript,2018-10,1,0,1
64840597,photopea/Typr.js,JavaScript,2018-11,0,0,0
64840597,photopea/Typr.js,JavaScript,2018-12,0,0,0
64840597,photopea/Typr.js,JavaScript,2019-01,0,0,0
64840597,photopea/Typr.js,JavaScript,2019-02,0,0,0
64840597,photopea/Typr.js,JavaScript,2019-03,0,0,0
64840597,photopea/Typr.js,JavaScript,2019-04,0,0,0
64840597,photopea/Typr.js,JavaScript,2019-05,0,0,0
64840597,photopea/Typr.js,JavaScript,2019-06,0,0,0
64840597,photopea/Typr.js,JavaScript,2019-07,0,0,0
64840597,photopea/Typr.js,JavaScript,2019-08,2,1,1
64840597,photopea/Typr.js,JavaScript,2019-09,0,0,0
64840597,photopea/Typr.js,JavaScript,2019-10,0,0,0
64840597,photopea/Typr.js,JavaScript,2019-11,0,0,0
64840597,photopea/Typr.js,JavaScript,2019-12,0,0,0
64840597,photopea/Typr.js,JavaScript,2020-01,0,0,0
64840597,photopea/Typr.js,JavaScript,2020-02,0,0,0
64840597,photopea/Typr.js,JavaScript,2020-03,0,0,0
64840597,photopea/Typr.js,JavaScript,2020-04,1,0,1
64840597,photopea/Typr.js,JavaScript,2020-05,1,0,1
64840597,photopea/Typr.js,JavaScript,2020-06,0,0,0
64840597,photopea/Typr.js,JavaScript,2020-07,0,0,0
64840597,photopea/Typr.js,JavaScript,2020-08,0,0,0
64840597,photopea/Typr.js,JavaScript,2020-09,0,0,0
64840597,photopea/Typr.js,JavaScript,2020-10,0,0,0
64840597,photopea/Typr.js,JavaScript,2020-11,0,0,0
64840597,photopea/Typr.js,JavaScript,2020-12,0,0,0
64840597,photopea/Typr.js,JavaScript,2021-01,0,0,0
64840597,photopea/Typr.js,JavaScript,2021-02,0,0,0
64840597,photopea/Typr.js,JavaScript,2021-03,0,0,0
64840597,photopea/Typr.js,JavaScript,2021-04,0,0,0
64840597,photopea/Typr.js,JavaScript,2021-05,0,0,0
64840597,photopea/Typr.js,JavaScript,2021-06,0,0,0
64840597,photopea/Typr.js,JavaScript,2021-07,0,0,0
64840597,photopea/Typr.js,JavaScript,2021-08,0,0,0
64840597,photopea/Typr.js,JavaScript,2021-09,0,0,0
64840597,photopea/Typr.js,JavaScript,2021-10,0,0,0
64840597,photopea/Typr.js,JavaScript,2021-11,0,0,0
64840597,photopea/Typr.js,JavaScript,2021-12,0,0,0
64840597,photopea/Typr.js,JavaScript,2022-01,0,0,0
64840597,photopea/Typr.js,JavaScript,2022-02,0,0,0
64840597,photopea/Typr.js,JavaScript,2022-03,0,0,0
64840597,photopea/Typr.js,JavaScript,2022-04,0,0,0
64840597,photopea/Typr.js,JavaScript,2022-05,0,0,0
64840597,photopea/Typr.js,JavaScript,2022-06,0,0,0
64840597,photopea/Typr.js,JavaScript,2022-07,0,0,0
64840597,photopea/Typr.js,JavaScript,2022-08,0,0,0
64840597,photopea/Typr.js,JavaScript,2022-09,1,0,1
64840597,photopea/Typr.js,JavaScript,2022-10,0,0,0
64840597,photopea/Typr.js,JavaScript,2022-11,0,0,0
64840597,photopea/Typr.js,JavaScript,2022-12,0,0,0
64840597,photopea/Typr.js,JavaScript,2023-01,0,0,0
64840597,photopea/Typr.js,JavaScript,2023-02,1,0,1
64840597,photopea/Typr.js,JavaScript,2023-03,0,0,0
64840597,photopea/Typr.js,JavaScript,2023-04,0,0,0
64840597,photopea/Typr.js,JavaScript,2023-05,0,0,0
64840597,photopea/Typr.js,JavaScript,2023-06,0,0,0
64840597,photopea/Typr.js,JavaScript,2023-07,0,0,0
64840597,photopea/Typr.js,JavaScript,2023-08,0,0,0
64840597,photopea/Typr.js,JavaScript,2023-09,0,0,0
64840597,photopea/Typr.js,JavaScript,2023-10,0,0,0
64840597,photopea/Typr.js,JavaScript,2023-11,0,0,0
64840597,photopea/Typr.js,JavaScript,2023-12,0,0,0
64840597,photopea/Typr.js,JavaScript,2024-01,1,0,1
64840597,photopea/Typr.js,JavaScript,2024-02,0,0,0
64840597,photopea/Typr.js,JavaScript,2024-03,0,0,0
64840597,photopea/Typr.js,JavaScript,2024-04,0,0,0
64840597,photopea/Typr.js,JavaScript,2024-05,0,0,0
64840597,photopea/Typr.js,JavaScript,2024-06,0,0,0
64840597,photopea/Typr.js,JavaScript,2024-07,0,0,0
64840597,photopea/Typr.js,JavaScript,2024-08,0,0,0
64840597,photopea/Typr.js,JavaScript,2024-09,0,0,0
64840597,photopea/Typr.js,JavaScript,2024-10,0,0,0
64840597,photopea/Typr.js,JavaScript,2024-11,0,0,0
64840597,photopea/Typr.js,JavaScript,2024-12,1,0,1
64840597,photopea/Typr.js,JavaScript,2025-01,0,0,0
64840597,photopea/Typr.js,JavaScript,2025-02,0,0,0
64840597,photopea/Typr.js,JavaScript,2025-03,0,0,0
64840597,photopea/Typr.js,JavaScript,2025-04,0,0,0
64840597,photopea/Typr.js,JavaScript,2025-05,0,0,0
64840597,photopea/Typr.js,JavaScript,2025-06,0,0,0
64840597,photopea/Typr.js,JavaScript,2025-07,0,0,0
64840597,photopea/Typr.js,JavaScript,2025-08,1,0,1
64840597,photopea/Typr.js,JavaScript,2025-09,0,0,0
64840597,photopea/Typr.js,JavaScript,2025-10,0,0,0
64840597,photopea/Typr.js,JavaScript,2025-11,0,0,0
64840597,photopea/Typr.js,JavaScript,2025-12,0,0,0
64840597,photopea/Typr.js,JavaScript,2026-01,0,0,0
64840597,photopea/Typr.js,JavaScript,2026-02,0,0,0
64840597,photopea/Typr.js,JavaScript,2026-03,0,0,0
64840597,photopea/Typr.js,JavaScript,2026-04,0,0,0
64840597,photopea/Typr.js,JavaScript,2026-05,0,0,0
64840597,photopea/Typr.js,JavaScript,2026-06,0,0,0
64840597,photopea/Typr.js,JavaScript,2026-07,0,0,0
64840597,photopea/Typr.js,JavaScript,2026-08,0,0,0
69343400,alidili/SesameCreditScore,Java,2016-09,3,3,0
69343400,alidili/SesameCreditScore,Java,2016-10,2,0,2
69343400,alidili/SesameCreditScore,Java,2016-11,1,0,1
69343400,alidili/SesameCreditScore,Java,2016-12,1,0,1
69343400,alidili/SesameCreditScore,Java,2017-01,0,0,0
69343400,alidili/SesameCreditScore,Java,2017-02,0,0,0
69343400,alidili/SesameCreditScore,Java,2017-03,0,0,0
69343400,alidili/SesameCreditScore,Java,2017-04,0,0,0
69343400,alidili/SesameCreditScore,Java,2017-05,0,0,0
69343400,alidili/SesameCreditScore,Java,2017-06,0,0,0
69343400,alidili/SesameCreditScore,Java,2017-07,1,0,1
69343400,alidili/SesameCreditScore,Java,2017-08,0,0,0
69343400,alidili/SesameCreditScore,Java,2017-09,0,0,0
69343400,alidili/SesameCreditScore,Java,2017-10,0,0,0
69343400,alidili/SesameCreditScore,Java,2017-11,0,0,0
69343400,alidili/SesameCreditScore,Java,2017-12,0,0,0
69343400,alidili/SesameCreditScore,Java,2018-01,0,0,0
69343400,alidili/SesameCreditScore,Java,2018-02,0,0,0
69343400,alidili/SesameCreditScore,Java,2018-03,0,0,0
69343400,alidili/SesameCreditScore,Java,2018-04,0,0,0
69343400,alidili/SesameCreditScore,Java,2018-05,0,0,0
69343400,alidili/SesameCreditScore,Java,2018-06,0,0,0
69343400,alidili/SesameCreditScore,Java,2018-07,1,1,0
69343400,alidili/SesameCreditScore,Java,2018-08,0,0,0
69343400,alidili/SesameCreditScore,Java,2018-09,0,0,0
69343400,alidili/SesameCreditScore,Java,2018-10,0,0,0
69343400,alidili/SesameCreditScore,Java,2018-11,0,0,0
69343400,alidili/SesameCreditScore,Java,2018-12,0,0,0
69343400,alidili/SesameCreditScore,Java,2019-01,0,0,0
69343400,alidili/SesameCreditScore,Java,2019-02,0,0,0
69343400,alidili/SesameCreditScore,Java,2019-03,0,0,0
69343400,alidili/SesameCreditScore,Java,2019-04,0,0,0
69343400,alidili/SesameCreditScore,Java,2019-05,0,0,0
69343400,alidili/SesameCreditScore,Java,2019-06,0,0,0
69343400,alidili/SesameCreditScore,Java,2019-07,0,0,0
69343400,alidili/SesameCreditScore,Java,2019-08,0,0,0
69343400,alidili/SesameCreditScore,Java,2019-09,0,0,0
69343400,alidili/SesameCreditScore,Java,2019-10,0,0,0
69343400,alidili/SesameCreditScore,Java,2019-11,0,0,0
69343400,alidili/SesameCreditScore,Java,2019-12,0,0,0
69343400,alidili/SesameCreditScore,Java,2020-01,0,0,0
69343400,alidili/SesameCreditScore,Java,2020-02,0,0,0
69343400,alidili/SesameCreditScore,Java,2020-03,0,0,0
69343400,alidili/SesameCreditScore,Java,2020-04,0,0,0
69343400,alidili/SesameCreditScore,Java,2020-05,0,0,0
69343400,alidili/SesameCreditScore,Java,2020-06,0,0,0
69343400,alidili/SesameCreditScore,Java,2020-07,0,0,0
69343400,alidili/SesameCreditScore,Java,2020-08,0,0,0
69343400,alidili/SesameCreditScore,Java,2020-09,0,0,0
69343400,alidili/SesameCreditScore,Java,2020-10,0,0,0
69343400,alidili/SesameCreditScore,Java,2020-11,0,0,0
69343400,alidili/SesameCreditScore,Java,2020-12,0,0,0
69343400,alidili/SesameCreditScore,Java,2021-01,0,0,0
69343400,alidili/SesameCreditScore,Java,2021-02,0,0,0
69343400,alidili/SesameCreditScore,Java,2021-03,0,0,0
69343400,alidili/SesameCreditScore,Java,2021-04,0,0,0
69343400,alidili/SesameCreditScore,Java,2021-05,0,0,0
69343400,alidili/SesameCreditScore,Java,2021-06,0,0,0
69343400,alidili/SesameCreditScore,Java,2021-07,0,0,0
69343400,alidili/SesameCreditScore,Java,2021-08,0,0,0
69343400,alidili/SesameCreditScore,Java,2021-09,0,0,0
69343400,alidili/SesameCreditScore,Java,2021-10,0,0,0
69343400,alidili/SesameCreditScore,Java,2021-11,1,0,1
69343400,alidili/SesameCreditScore,Java,2021-12,0,0,0
69343400,alidili/SesameCreditScore,Java,2022-01,0,0,0
69343400,alidili/SesameCreditScore,Java,2022-02,0,0,0
69343400,alidili/SesameCreditScore,Java,2022-03,0,0,0
69343400,alidili/SesameCreditScore,Java,2022-04,0,0,0
69343400,alidili/SesameCreditScore,Java,2022-05,0,0,0
69343400,alidili/SesameCreditScore,Java,2022-06,0,0,0
69343400,alidili/SesameCreditScore,Java,2022-07,0,0,0
69343400,alidili/SesameCreditScore,Java,2022-08,0,0,0
69343400,alidili/SesameCreditScore,Java,2022-09,0,0,0
69343400,alidili/SesameCreditScore,Java,2022-10,0,0,0
69343400,alidili/SesameCreditScore,Java,2022-11,0,0,0
69343400,alidili/SesameCreditScore,Java,2022-12,0,0,0
69343400,alidili/SesameCreditScore,Java,2023-01,0,0,0
69343400,alidili/SesameCreditScore,Java,2023-02,0,0,0
69343400,alidili/SesameCreditScore,Java,2023-03,0,0,0
69343400,alidili/SesameCreditScore,Java,2023-04,0,0,0
69343400,alidili/SesameCreditScore,Java,2023-05,0,0,0
69343400,alidili/SesameCreditScore,Java,2023-06,0,0,0
69343400,alidili/SesameCreditScore,Java,2023-07,0,0,0
69343400,alidili/SesameCreditScore,Java,2023-08,0,0,0
69343400,alidili/SesameCreditScore,Java,2023-09,0,0,0
69343400,alidili/SesameCreditScore,Java,2023-10,0,0,0
69343400,alidili/SesameCreditScore,Java,2023-11,0,0,0
69343400,alidili/SesameCreditScore,Java,2023-12,0,0,0
69343400,alidili/SesameCreditScore,Java,2024-01,0,0,0
69343400,alidili/SesameCreditScore,Java,2024-02,0,0,0
69343400,alidili/SesameCreditScore,Java,2024-03,0,0,0
69343400,alidili/SesameCreditScore,Java,2024-04,0,0,0
69343400,alidili/SesameCreditScore,Java,2024-05,0,0,0
69343400,alidili/SesameCreditScore,Java,2024-06,0,0,0
69343400,alidili/SesameCreditScore,Java,2024-07,0,0,0
69343400,alidili/SesameCreditScore,Java,2024-08,0,0,0
69343400,alidili/SesameCreditScore,Java,2024-09,0,0,0
69343400,alidili/SesameCreditScore,Java,2024-10,0,0,0
69343400,alidili/SesameCreditScore,Java,2024-11,0,0,0
69343400,alidili/SesameCreditScore,Java,2024-12,0,0,0
69343400,alidili/SesameCreditScore,Java,2025-01,0,0,0
69343400,alidili/SesameCreditScore,Java,2025-02,0,0,0
69343400,alidili/SesameCreditScore,Java,2025-03,0,0,0
69343400,alidili/SesameCreditScore,Java,2025-04,0,0,0
69343400,alidili/SesameCreditScore,Java,2025-05,0,0,0
69343400,alidili/SesameCreditScore,Java,2025-06,0,0,0
69343400,alidili/SesameCreditScore,Java,2025-07,0,0,0
69343400,alidili/SesameCreditScore,Java,2025-08,0,0,0
69343400,alidili/SesameCreditScore,Java,2025-09,0,0,0
69343400,alidili/SesameCreditScore,Java,2025-10,0,0,0
69343400,alidili/SesameCreditScore,Java,2025-11,0,0,0
69343400,alidili/SesameCreditScore,Java,2025-12,0,0,0
69343400,alidili/SesameCreditScore,Java,2026-01,0,0,0
69343400,alidili/SesameCreditScore,Java,2026-02,0,0,0
69343400,alidili/SesameCreditScore,Java,2026-03,0,0,0
69343400,alidili/SesameCreditScore,Java,2026-04,0,0,0
69343400,alidili/SesameCreditScore,Java,2026-05,0,0,0
69343400,alidili/SesameCreditScore,Java,2026-06,0,0,0
69343400,alidili/SesameCreditScore,Java,2026-07,0,0,0
69343400,alidili/SesameCreditScore,Java,2026-08,0,0,0
133442384,denoland/deno,Rust,2018-05,8,8,0
133442384,denoland/deno,Rust,2018-06,27,22,5
133442384,denoland/deno,Rust,2018-07,12,5,7
133442384,denoland/deno,Rust,2018-08,20,14,6
133442384,denoland/deno,Rust,2018-09,24,13,11
133442384,denoland/deno,Rust,2018-10,21,11,10
133442384,denoland/deno,Rust,2018-11,14,6,8
133442384,denoland/deno,Rust,2018-12,22,13,9
133442384,denoland/deno,Rust,2019-01,40,26,14
133442384,denoland/deno,Rust,2019-02,32,13,19
133442384,denoland/deno,Rust,2019-03,28,15,13
133442384,denoland/deno,Rust,2019-04,28,12,16
133442384,denoland/deno,Rust,2019-05,37,19,18
133442384,denoland/deno,Rust,2019-06,31,12,19
133442384,denoland/deno,Rust,2019-07,15,2,13
133442384,denoland/deno,Rust,2019-08,17,7,10
133442384,denoland/deno,Rust,2019-09,20,8,12
133442384,denoland/deno,Rust,2019-10,32,15,17
133442384,denoland/deno,Rust,2019-11,21,5,16
133442384,denoland/deno,Rust,2019-12,19,7,12
133442384,denoland/deno,Rust,2020-01,30,15,15
133442384,denoland/deno,Rust,2020-02,31,17,14
133442384,denoland/deno,Rust,2020-03,32,16,16
133442384,denoland/deno,Rust,2020-04,45,27,18
133442384,denoland/deno,Rust,2020-05,109,80,29
133442384,denoland/deno,Rust,2020-06,81,50,31
133442384,denoland/deno,Rust,2020-07,51,26,25
133442384,denoland/deno,Rust,2020-08,54,26,28
133442384,denoland/deno,Rust,2020-09,47,20,27
133442384,denoland/deno,Rust,2020-10,56,28,28
133442384,denoland/deno,Rust,2020-11,54,26,28
133442384,denoland/deno,Rust,2020-12,44,23,21
133442384,denoland/deno,Rust,2021-01,46,19,27
133442384,denoland/deno,Rust,2021-02,37,14,23
133442384,denoland/deno,Rust,2021-03,24,7,17
133442384,denoland/deno,Rust,2021-04,42,18,24
133442384,denoland/deno,Rust,2021-05,35,12,23
133442384,denoland/deno,Rust,2021-06,38,16,22
133442384,denoland/deno,Rust,2021-07,30,9,21
133442384,denoland/deno,Rust,2021-08,31,9,22
133442384,denoland/deno,Rust,2021-09,30,10,20
133442384,denoland/deno,Rust,2021-10,25,5,20
133442384,denoland/deno,Rust,2021-11,25,6,19
133442384,denoland/deno,Rust,2021-12,25,8,17
133442384,denoland/deno,Rust,2022-01,25,7,18
133442384,denoland/deno,Rust,2022-02,22,6,16
133442384,denoland/deno,Rust,2022-03,33,14,19
133442384,denoland/deno,Rust,2022-04,27,10,17
133442384,denoland/deno,Rust,2022-05,26,9,17
133442384,denoland/deno,Rust,2022-06,37,15,22
133442384,denoland/deno,Rust,2022-07,39,14,25
133442384,denoland/deno,Rust,2022-08,32,11,21
133442384,denoland/deno,Rust,2022-09,42,14,28
133442384,denoland/deno,Rust,2022-10,43,11,32
133442384,denoland/deno,Rust,2022-11,21,2,19
133442384,denoland/deno,Rust,2022-12,23,5,18
133442384,denoland/deno,Rust,2023-01,32,11,21
133442384,denoland/deno,Rust,2023-02,26,9,17
133442384,denoland/deno,Rust,2023-03,51,23,28
133442384,denoland/deno,Rust,2023-04,30,10,20
133442384,denoland/deno,Rust,2023-05,29,9,20
133442384,denoland/deno,Rust,2023-06,40,14,26
133442384,denoland/deno,Rust,2023-07,30,11,19
133442384,denoland/deno,Rust,2023-08,34,9,25
133442384,denoland/deno,Rust,2023-09,34,17,17
133442384,denoland/deno,Rust,2023-10,21,3,18
133442384,denoland/deno,Rust,2023-11,33,10,23
133442384,denoland/deno,Rust,2023-12,31,10,21
133442384,denoland/deno,Rust,2024-01,25,6,19
133442384,denoland/deno,Rust,2024-02,27,7,20
133442384,denoland/deno,Rust,2024-03,30,14,16
133442384,denoland/deno,Rust,2024-04,26,8,18
133442384,denoland/deno,Rust,2024-05,38,14,24
133442384,denoland/deno,Rust,2024-06,25,6,19
133442384,denoland/deno,Rust,2024-07,38,16,22
133442384,denoland/deno,Rust,2024-08,40,8,32
133442384,denoland/deno,Rust,2024-09,35,6,29
133442384,denoland/deno,Rust,2024-10,40,17,23
133442384,denoland/deno,Rust,2024-11,40,17,23
133442384,denoland/deno,Rust,2024-12,23,5,18
133442384,denoland/deno,Rust,2025-01,36,14,22
133442384,denoland/deno,Rust,2025-02,24,4,20
133442384,denoland/deno,Rust,2025-03,30,10,20
133442384,denoland/deno,Rust,2025-04,44,17,27
133442384,denoland/deno,Rust,2025-05,42,13,29
133442384,denoland/deno,Rust,2025-06,34,11,23
133442384,denoland/deno,Rust,2025-07,22,7,15
133442384,denoland/deno,Rust,2025-08,28,11,17
133442384,denoland/deno,Rust,2025-09,30,5,25
133442384,denoland/deno,Rust,2025-10,25,10,15
133442384,denoland/deno,Rust,2025-11,28,13,15
133442384,denoland/deno,Rust,2025-12,28,13,15
133442384,denoland/deno,Rust,2026-01,43,16,27
133442384,denoland/deno,Rust,2026-02,43,19,24
133442384,denoland/deno,Rust,2026-03,37,9,28
133442384,denoland/deno,Rust,2026-04,30,16,14
133442384,denoland/deno,Rust,2026-05,40,18,22
133442384,denoland/deno,Rust,2026-06,62,34,28
133442384,denoland/deno,Rust,2026-07,44,20,24
133442384,denoland/deno,Rust,2026-08,27,13,14
137451403,alibaba/nacos,Java,2018-06,0,0,0
137451403,alibaba/nacos,Java,2018-07,6,6,0
137451403,alibaba/nacos,Java,2018-08,10,8,2
137451403,alibaba/nacos,Java,2018-09,14,7,7
137451403,alibaba/nacos,Java,2018-10,24,11,13
137451403,alibaba/nacos,Java,2018-11,24,10,14
137451403,alibaba/nacos,Java,2018-12,24,9,15
137451403,alibaba/nacos,Java,2019-01,26,10,16
137451403,alibaba/nacos,Java,2019-02,21,7,14
137451403,alibaba/nacos,Java,2019-03,23,4,19
137451403,alibaba/nacos,Java,2019-04,27,12,15
137451403,alibaba/nacos,Java,2019-05,30,12,18
137451403,alibaba/nacos,Java,2019-06,20,5,15
137451403,alibaba/nacos,Java,2019-07,19,3,16
137451403,alibaba/nacos,Java,2019-08,16,7,9
137451403,alibaba/nacos,Java,2019-09,14,2,12
137451403,alibaba/nacos,Java,2019-10,11,5,6
137451403,alibaba/nacos,Java,2019-11,20,11,9
137451403,alibaba/nacos,Java,2019-12,12,5,7
137451403,alibaba/nacos,Java,2020-01,12,5,7
137451403,alibaba/nacos,Java,2020-02,7,3,4
137451403,alibaba/nacos,Java,2020-03,14,4,10
137451403,alibaba/nacos,Java,2020-04,11,4,7
137451403,alibaba/nacos,Java,2020-05,19,10,9
137451403,alibaba/nacos,Java,2020-06,33,19,14
137451403,alibaba/nacos,Java,2020-07,24,11,13
137451403,alibaba/nacos,Java,2020-08,17,8,9
137451403,alibaba/nacos,Java,2020-09,17,5,12
137451403,alibaba/nacos,Java,2020-10,15,7,8
137451403,alibaba/nacos,Java,2020-11,16,4,12
137451403,alibaba/nacos,Java,2020-12,17,9,8
137451403,alibaba/nacos,Java,2021-01,18,7,11
137451403,alibaba/nacos,Java,2021-02,7,0,7
137451403,alibaba/nacos,Java,2021-03,16,5,11
137451403,alibaba/nacos,Java,2021-04,28,18,10
137451403,alibaba/nacos,Java,2021-05,22,9,13
137451403,alibaba/nacos,Java,2021-06,21,7,14
137451403,alibaba/nacos,Java,2021-07,18,7,11
137451403,alibaba/nacos,Java,2021-08,16,7,9
137451403,alibaba/nacos,Java,2021-09,10,1,9
137451403,alibaba/nacos,Java,2021-10,8,1,7
137451403,alibaba/nacos,Java,2021-11,14,4,10
137451403,alibaba/nacos,Java,2021-12,20,13,7
137451403,alibaba/nacos,Java,2022-01,19,7,12
137451403,alibaba/nacos,Java,2022-02,15,5,10
137451403,alibaba/nacos,Java,2022-03,22,8,14
137451403,alibaba/nacos,Java,2022-04,19,7,12
137451403,alibaba/nacos,Java,2022-05,23,9,14
137451403,alibaba/nacos,Java,2022-06,22,9,13
137451403,alibaba/nacos,Java,2022-07,19,6,13
137451403,alibaba/nacos,Java,2022-08,24,11,13
137451403,alibaba/nacos,Java,2022-09,22,7,15
137451403,alibaba/nacos,Java,2022-10,22,8,14
137451403,alibaba/nacos,Java,2022-11,24,14,10
137451403,alibaba/nacos,Java,2022-12,14,4,10
137451403,alibaba/nacos,Java,2023-01,15,10,5
137451403,alibaba/nacos,Java,2023-02,18,6,12
137451403,alibaba/nacos,Java,2023-03,24,12,12
137451403,alibaba/nacos,Java,2023-04,18,7,11
137451403,alibaba/nacos,Java,2023-05,16,5,11
137451403,alibaba/nacos,Java,2023-06,14,4,10
137451403,alibaba/nacos,Java,2023-07,16,9,7
137451403,alibaba/nacos,Java,2023-08,23,12,11
137451403,alibaba/nacos,Java,2023-09,19,6,13
137451403,alibaba/nacos,Java,2023-10,14,6,8
137451403,alibaba/nacos,Java,2023-11,20,6,14
137451403,alibaba/nacos,Java,2023-12,16,3,13
137451403,alibaba/nacos,Java,2024-01,13,4,9
137451403,alibaba/nacos,Java,2024-02,16,6,10
137451403,alibaba/nacos,Java,2024-03,17,5,12
137451403,alibaba/nacos,Java,2024-04,16,6,10
137451403,alibaba/nacos,Java,2024-05,14,6,8
137451403,alibaba/nacos,Java,2024-06,11,6,5
137451403,alibaba/nacos,Java,2024-07,21,10,11
137451403,alibaba/nacos,Java,2024-08,8,4,4
137451403,alibaba/nacos,Java,2024-09,12,4,8
137451403,alibaba/nacos,Java,2024-10,11,4,7
137451403,alibaba/nacos,Java,2024-11,13,6,7
137451403,alibaba/nacos,Java,2024-12,16,5,11
137451403,alibaba/nacos,Java,2025-01,18,5,13
137451403,alibaba/nacos,Java,2025-02,8,1,7
137451403,alibaba/nacos,Java,2025-03,9,2,7
137451403,alibaba/nacos,Java,2025-04,12,5,7
137451403,alibaba/nacos,Java,2025-05,13,8,5
137451403,alibaba/nacos,Java,2025-06,15,7,8
137451403,alibaba/nacos,Java,2025-07,17,8,9
137451403,alibaba/nacos,Java,2025-08,10,2,8
137451403,alibaba/nacos,Java,2025-09,18,10,8
137451403,alibaba/nacos,Java,2025-10,5,1,4
137451403,alibaba/nacos,Java,2025-11,10,4,6
137451403,alibaba/nacos,Java,2025-12,14,6,8
137451403,alibaba/nacos,Java,2026-01,14,6,8
137451403,alibaba/nacos,Java,2026-02,14,8,6
137451403,alibaba/nacos,Java,2026-03,23,7,16
137451403,alibaba/nacos,Java,2026-04,19,6,13
137451403,alibaba/nacos,Java,2026-05,21,10,11
137451403,alibaba/nacos,Java,2026-06,14,8,6
137451403,alibaba/nacos,Java,2026-07,15,5,10
137451403,alibaba/nacos,Java,2026-08,17,6,11
178597005,FyroxEngine/Fyrox,Rust,2019-03,1,1,0
178597005,FyroxEngine/Fyrox,Rust,2019-04,0,0,0
178597005,FyroxEngine/Fyrox,Rust,2019-05,0,0,0
178597005,FyroxEngine/Fyrox,Rust,2019-06,1,0,1
178597005,FyroxEngine/Fyrox,Rust,2019-07,2,1,1
178597005,FyroxEngine/Fyrox,Rust,2019-08,1,0,1
178597005,FyroxEngine/Fyrox,Rust,2019-09,2,1,1
178597005,FyroxEngine/Fyrox,Rust,2019-10,1,0,1
178597005,FyroxEngine/Fyrox,Rust,2019-11,2,1,1
178597005,FyroxEngine/Fyrox,Rust,2019-12,2,0,2
178597005,FyroxEngine/Fyrox,Rust,2020-01,2,0,2
178597005,FyroxEngine/Fyrox,Rust,2020-02,1,0,1
178597005,FyroxEngine/Fyrox,Rust,2020-03,2,0,2
178597005,FyroxEngine/Fyrox,Rust,2020-04,2,0,2
178597005,FyroxEngine/Fyrox,Rust,2020-05,1,0,1
178597005,FyroxEngine/Fyrox,Rust,2020-06,1,0,1
178597005,FyroxEngine/Fyrox,Rust,2020-07,3,0,3
178597005,FyroxEngine/Fyrox,Rust,2020-08,1,0,1
178597005,FyroxEngine/Fyrox,Rust,2020-09,8,6,2
178597005,FyroxEngine/Fyrox,Rust,2020-10,5,1,4
178597005,FyroxEngine/Fyrox,Rust,2020-11,5,1,4
178597005,FyroxEngine/Fyrox,Rust,2020-12,5,1,4
178597005,FyroxEngine/Fyrox,Rust,2021-01,2,0,2
178597005,FyroxEngine/Fyrox,Rust,2021-02,3,0,3
178597005,FyroxEngine/Fyrox,Rust,2021-03,4,2,2
178597005,FyroxEngine/Fyrox,Rust,2021-04,3,0,3
178597005,FyroxEngine/Fyrox,Rust,2021-05,6,3,3
178597005,FyroxEngine/Fyrox,Rust,2021-06,6,4,2
178597005,FyroxEngine/Fyrox,Rust,2021-07,4,2,2
178597005,FyroxEngine/Fyrox,Rust,2021-08,6,4,2
178597005,FyroxEngine/Fyrox,Rust,2021-09,8,4,4
178597005,FyroxEngine/Fyrox,Rust,2021-10,7,2,5
178597005,FyroxEngine/Fyrox,Rust,2021-11,3,1,2
178597005,FyroxEngine/Fyrox,Rust,2021-12,5,2,3
178597005,FyroxEngine/Fyrox,Rust,2022-01,5,2,3
178597005,FyroxEngine/Fyrox,Rust,2022-02,4,2,2
178597005,FyroxEngine/Fyrox,Rust,2022-03,3,1,2
178597005,FyroxEngine/Fyrox,Rust,2022-04,6,1,5
178597005,FyroxEngine/Fyrox,Rust,2022-05,4,1,3
178597005,FyroxEngine/Fyrox,Rust,2022-06,2,1,1
178597005,FyroxEngine/Fyrox,Rust,2022-07,3,0,3
178597005,FyroxEngine/Fyrox,Rust,2022-08,4,0,4
178597005,FyroxEngine/Fyrox,Rust,2022-09,4,1,3
178597005,FyroxEngine/Fyrox,Rust,2022-10,6,3,3
178597005,FyroxEngine/Fyrox,Rust,2022-11,5,3,2
178597005,FyroxEngine/Fyrox,Rust,2022-12,6,2,4
178597005,FyroxEngine/Fyrox,Rust,2023-01,3,1,2
178597005,FyroxEngine/Fyrox,Rust,2023-02,2,0,2
178597005,FyroxEngine/Fyrox,Rust,2023-03,3,1,2
178597005,FyroxEngine/Fyrox,Rust,2023-04,4,1,3
178597005,FyroxEngine/Fyrox,Rust,2023-05,2,0,2
178597005,FyroxEngine/Fyrox,Rust,2023-06,4,2,2
178597005,FyroxEngine/Fyrox,Rust,2023-07,3,1,2
178597005,FyroxEngine/Fyrox,Rust,2023-08,5,2,3
178597005,FyroxEngine/Fyrox,Rust,2023-09,5,2,3
178597005,FyroxEngine/Fyrox,Rust,2023-10,6,3,3
178597005,FyroxEngine/Fyrox,Rust,2023-11,7,2,5
178597005,FyroxEngine/Fyrox,Rust,2023-12,2,0,2
178597005,FyroxEngine/Fyrox,Rust,2024-01,4,2,2
178597005,FyroxEngine/Fyrox,Rust,2024-02,9,8,1
178597005,FyroxEngine/Fyrox,Rust,2024-03,3,1,2
178597005,FyroxEngine/Fyrox,Rust,2024-04,6,5,1
178597005,FyroxEngine/Fyrox,Rust,2024-05,3,0,3
178597005,FyroxEngine/Fyrox,Rust,2024-06,7,3,4
178597005,FyroxEngine/Fyrox,Rust,2024-07,4,2,2
178597005,FyroxEngine/Fyrox,Rust,2024-08,3,0,3
178597005,FyroxEngine/Fyrox,Rust,2024-09,1,0,1
178597005,FyroxEngine/Fyrox,Rust,2024-10,8,5,3
178597005,FyroxEngine/Fyrox,Rust,2024-11,3,0,3
178597005,FyroxEngine/Fyrox,Rust,2024-12,4,1,3
178597005,FyroxEngine/Fyrox,Rust,2025-01,3,0,3
178597005,FyroxEngine/Fyrox,Rust,2025-02,9,5,4
178597005,FyroxEngine/Fyrox,Rust,2025-03,3,0,3
178597005,FyroxEngine/Fyrox,Rust,2025-04,7,3,4
178597005,FyroxEngine/Fyrox,Rust,2025-05,6,0,6
178597005,FyroxEngine/Fyrox,Rust,2025-06,3,0,3
178597005,FyroxEngine/Fyrox,Rust,2025-07,4,1,3
178597005,FyroxEngine/Fyrox,Rust,2025-08,4,1,3
178597005,FyroxEngine/Fyrox,Rust,2025-09,7,2,5
178597005,FyroxEngine/Fyrox,Rust,2025-10,6,1,5
178597005,FyroxEngine/Fyrox,Rust,2025-11,4,0,4
178597005,FyroxEngine/Fyrox,Rust,2025-12,3,0,3
178597005,FyroxEngine/Fyrox,Rust,2026-01,4,0,4
178597005,FyroxEngine/Fyrox,Rust,2026-02,3,1,2
178597005,FyroxEngine/Fyrox,Rust,2026-03,2,0,2
178597005,FyroxEngine/Fyrox,Rust,2026-04,4,2,2
178597005,FyroxEngine/Fyrox,Rust,2026-05,4,1,3
178597005,FyroxEngine/Fyrox,Rust,2026-06,2,0,2
178597005,FyroxEngine/Fyrox,Rust,2026-07,3,1,2
178597005,FyroxEngine/Fyrox,Rust,2026-08,3,1,2
178597005,FyroxEngine/Fyrox,Rust,2026-09,1,0,1
231283452,excalidraw/excalidraw,TypeScript,2020-01,54,54,0
231283452,excalidraw/excalidraw,TypeScript,2020-02,20,8,12
231283452,excalidraw/excalidraw,TypeScript,2020-03,25,15,10
231283452,excalidraw/excalidraw,TypeScript,2020-04,36,22,14
231283452,excalidraw/excalidraw,TypeScript,2020-05,23,11,12
231283452,excalidraw/excalidraw,TypeScript,2020-06,18,7,11
231283452,excalidraw/excalidraw,TypeScript,2020-07,18,4,14
231283452,excalidraw/excalidraw,TypeScript,2020-08,16,7,9
231283452,excalidraw/excalidraw,TypeScript,2020-09,14,4,10
231283452,excalidraw/excalidraw,TypeScript,2020-10,14,6,8
231283452,excalidraw/excalidraw,TypeScript,2020-11,12,5,7
231283452,excalidraw/excalidraw,TypeScript,2020-12,24,10,14
231283452,excalidraw/excalidraw,TypeScript,2021-01,18,9,9
231283452,excalidraw/excalidraw,TypeScript,2021-02,15,5,10
231283452,excalidraw/excalidraw,TypeScript,2021-03,21,10,11
231283452,excalidraw/excalidraw,TypeScript,2021-04,11,5,6
231283452,excalidraw/excalidraw,TypeScript,2021-05,12,3,9
231283452,excalidraw/excalidraw,TypeScript,2021-06,12,6,6
231283452,excalidraw/excalidraw,TypeScript,2021-07,10,4,6
231283452,excalidraw/excalidraw,TypeScript,2021-08,5,1,4
231283452,excalidraw/excalidraw,TypeScript,2021-09,5,3,2
231283452,excalidraw/excalidraw,TypeScript,2021-10,11,3,8
231283452,excalidraw/excalidraw,TypeScript,2021-11,8,0,8
231283452,excalidraw/excalidraw,TypeScript,2021-12,7,1,6
231283452,excalidraw/excalidraw,TypeScript,2022-01,10,2,8
231283452,excalidraw/excalidraw,TypeScript,2022-02,10,5,5
231283452,excalidraw/excalidraw,TypeScript,2022-03,12,3,9
231283452,excalidraw/excalidraw,TypeScript,2022-04,12,5,7
231283452,excalidraw/excalidraw,TypeScript,2022-05,13,3,10
231283452,excalidraw/excalidraw,TypeScript,2022-06,6,1,5
231283452,excalidraw/excalidraw,TypeScript,2022-07,9,3,6
231283452,excalidraw/excalidraw,TypeScript,2022-08,12,3,9
231283452,excalidraw/excalidraw,TypeScript,2022-09,9,4,5
231283452,excalidraw/excalidraw,TypeScript,2022-10,10,4,6
231283452,excalidraw/excalidraw,TypeScript,2022-11,11,4,7
231283452,excalidraw/excalidraw,TypeScript,2022-12,9,2,7
231283452,excalidraw/excalidraw,TypeScript,2023-01,13,4,9
231283452,excalidraw/excalidraw,TypeScript,2023-02,16,7,9
231283452,excalidraw/excalidraw,TypeScript,2023-03,14,6,8
231283452,excalidraw/excalidraw,TypeScript,2023-04,19,10,9
231283452,excalidraw/excalidraw,TypeScript,2023-05,16,9,7
231283452,excalidraw/excalidraw,TypeScript,2023-06,16,4,12
231283452,excalidraw/excalidraw,TypeScript,2023-07,15,5,10
231283452,excalidraw/excalidraw,TypeScript,2023-08,12,3,9
231283452,excalidraw/excalidraw,TypeScript,2023-09,14,4,10
231283452,excalidraw/excalidraw,TypeScript,2023-10,21,8,13
231283452,excalidraw/excalidraw,TypeScript,2023-11,16,9,7
231283452,excalidraw/excalidraw,TypeScript,2023-12,14,3,11
231283452,excalidraw/excalidraw,TypeScript,2024-01,13,4,9
231283452,excalidraw/excalidraw,TypeScript,2024-02,10,3,7
231283452,excalidraw/excalidraw,TypeScript,2024-03,6,0,6
231283452,excalidraw/excalidraw,TypeScript,2024-04,13,4,9
231283452,excalidraw/excalidraw,TypeScript,2024-05,15,5,10
231283452,excalidraw/excalidraw,TypeScript,2024-06,6,1,5
231283452,excalidraw/excalidraw,TypeScript,2024-07,13,4,9
231283452,excalidraw/excalidraw,TypeScript,2024-08,13,5,8
231283452,excalidraw/excalidraw,TypeScript,2024-09,13,4,9
231283452,excalidraw/excalidraw,TypeScript,2024-10,11,3,8
231283452,excalidraw/excalidraw,TypeScript,2024-11,10,0,10
231283452,excalidraw/excalidraw,TypeScript,2024-12,9,1,8
231283452,excalidraw/excalidraw,TypeScript,2025-01,16,7,9
231283452,excalidraw/excalidraw,TypeScript,2025-02,10,3,7
231283452,excalidraw/excalidraw,TypeScript,2025-03,9,5,4
231283452,excalidraw/excalidraw,TypeScript,2025-04,13,7,6
231283452,excalidraw/excalidraw,TypeScript,2025-05,14,7,7
231283452,excalidraw/excalidraw,TypeScript,2025-06,11,5,6
231283452,excalidraw/excalidraw,TypeScript,2025-07,10,2,8
231283452,excalidraw/excalidraw,TypeScript,2025-08,7,0,7
231283452,excalidraw/excalidraw,TypeScript,2025-09,15,7,8
231283452,excalidraw/excalidraw,TypeScript,2025-10,11,2,9
231283452,excalidraw/excalidraw,TypeScript,2025-11,7,1,6
231283452,excalidraw/excalidraw,TypeScript,2025-12,8,1,7
231283452,excalidraw/excalidraw,TypeScript,2026-01,11,3,8
231283452,excalidraw/excalidraw,TypeScript,2026-02,6,0,6
231283452,excalidraw/excalidraw,TypeScript,2026-03,8,3,5
231283452,excalidraw/excalidraw,TypeScript,2026-04,8,2,6
231283452,excalidraw/excalidraw,TypeScript,2026-05,8,3,5
231283452,excalidraw/excalidraw,TypeScript,2026-06,11,5,6
231283452,excalidraw/excalidraw,TypeScript,2026-07,12,5,7
231283452,excalidraw/excalidraw,TypeScript,2026-08,9,4,5
240673792,lyhue1991/eat_tensorflow2_in_30_days,Python,2020-02,1,1,0
240673792,lyhue1991/eat_tensorflow2_in_30_days,Python,2020-03,1,0,1
240673792,lyhue1991/eat_tensorflow2_in_30_days,Python,2020-04,2,1,1
240673792,lyhue1991/eat_tensorflow2_in_30_days,Python,2020-05,1,0,1
240673792,lyhue1991/eat_tensorflow2_in_30_days,Python,2020-06,3,2,1
240673792,lyhue1991/eat_tensorflow2_in_30_days,Python,2020-07,0,0,0
240673792,lyhue1991/eat_tensorflow2_in_30_days,Python,2020-08,1,0,1
240673792,lyhue1991/eat_tensorflow2_in_30_days,Python,2020-09,3,2,1
240673792,lyhue1991/eat_tensorflow2_in_30_days,Python,2020-10,2,1,1
240673792,lyhue1991/eat_tensorflow2_in_30_days,Python,2020-11,0,0,0
240673792,lyhue1991/eat_tensorflow2_in_30_days,Python,2020-12,1,0,1
240673792,lyhue1991/eat_tensorflow2_in_30_days,Python,2021-01,1,0,1
240673792,lyhue1991/eat_tensorflow2_in_30_days,Python,2021-02,0,0,0
240673792,lyhue1991/eat_tensorflow2_in_30_days,Python,2021-03,0,0,0
240673792,lyhue1991/eat_tensorflow2_in_30_days,Python,2021-04,0,0,0
240673792,lyhue1991/eat_tensorflow2_in_30_days,Python,2021-05,1,0,1
240673792,lyhue1991/eat_tensorflow2_in_30_days,Python,2021-06,0,0,0
240673792,lyhue1991/eat_tensorflow2_in_30_days,Python,2021-07,0,0,0
240673792,lyhue1991/eat_tensorflow2_in_30_days,Python,2021-08,0,0,0
240673792,lyhue1991/eat_tensorflow2_in_30_days,Python,2021-09,0,0,0
240673792,lyhue1991/eat_tensorflow2_in_30_days,Python,2021-10,0,0,0
240673792,lyhue1991/eat_tensorflow2_in_30_days,Python,2021-11,0,0,0
240673792,lyhue1991/eat_tensorflow2_in_30_days,Python,2021-12,0,0,0
240673792,lyhue1991/eat_tensorflow2_in_30_days,Python,2022-01,1,0,1
240673792,lyhue1991/eat_tensorflow2_in_30_days,Python,2022-02,0,0,0
240673792,lyhue1991/eat_tensorflow2_in_30_days,Python,2022-03,0,0,0
240673792,lyhue1991/eat_tensorflow2_in_30_days,Python,2022-04,0,0,0
240673792,lyhue1991/eat_tensorflow2_in_30_days,Python,2022-05,0,0,0
240673792,lyhue1991/eat_tensorflow2_in_30_days,Python,2022-06,0,0,0
240673792,lyhue1991/eat_tensorflow2_in_30_days,Python,2022-07,0,0,0
240673792,lyhue1991/eat_tensorflow2_in_30_days,Python,2022-08,0,0,0
240673792,lyhue1991/eat_tensorflow2_in_30_days,Python,2022-09,1,0,1
240673792,lyhue1991/eat_tensorflow2_in_30_days,Python,2022-10,0,0,0
240673792,lyhue1991/eat_tensorflow2_in_30_days,Python,2022-11,0,0,0
240673792,lyhue1991/eat_tensorflow2_in_30_days,Python,2022-12,0,0,0
240673792,lyhue1991/eat_tensorflow2_in_30_days,Python,2023-01,0,0,0
240673792,lyhue1991/eat_tensorflow2_in_30_days,Python,2023-02,0,0,0
240673792,lyhue1991/eat_tensorflow2_in_30_days,Python,2023-03,0,0,0
240673792,lyhue1991/eat_tensorflow2_in_30_days,Python,2023-04,0,0,0
240673792,lyhue1991/eat_tensorflow2_in_30_days,Python,2023-05,0,0,0
240673792,lyhue1991/eat_tensorflow2_in_30_days,Python,2023-06,0,0,0
240673792,lyhue1991/eat_tensorflow2_in_30_days,Python,2023-07,0,0,0
240673792,lyhue1991/eat_tensorflow2_in_30_days,Python,2023-08,0,0,0
240673792,lyhue1991/eat_tensorflow2_in_30_days,Python,2023-09,0,0,0
240673792,lyhue1991/eat_tensorflow2_in_30_days,Python,2023-10,0,0,0
240673792,lyhue1991/eat_tensorflow2_in_30_days,Python,2023-11,0,0,0
240673792,lyhue1991/eat_tensorflow2_in_30_days,Python,2023-12,0,0,0
240673792,lyhue1991/eat_tensorflow2_in_30_days,Python,2024-01,0,0,0
240673792,lyhue1991/eat_tensorflow2_in_30_days,Python,2024-02,0,0,0
240673792,lyhue1991/eat_tensorflow2_in_30_days,Python,2024-03,0,0,0
240673792,lyhue1991/eat_tensorflow2_in_30_days,Python,2024-04,0,0,0
240673792,lyhue1991/eat_tensorflow2_in_30_days,Python,2024-05,0,0,0
240673792,lyhue1991/eat_tensorflow2_in_30_days,Python,2024-06,0,0,0
240673792,lyhue1991/eat_tensorflow2_in_30_days,Python,2024-07,0,0,0
240673792,lyhue1991/eat_tensorflow2_in_30_days,Python,2024-08,0,0,0
240673792,lyhue1991/eat_tensorflow2_in_30_days,Python,2024-09,0,0,0
240673792,lyhue1991/eat_tensorflow2_in_30_days,Python,2024-10,0,0,0
240673792,lyhue1991/eat_tensorflow2_in_30_days,Python,2024-11,0,0,0
240673792,lyhue1991/eat_tensorflow2_in_30_days,Python,2024-12,0,0,0
240673792,lyhue1991/eat_tensorflow2_in_30_days,Python,2025-01,0,0,0
240673792,lyhue1991/eat_tensorflow2_in_30_days,Python,2025-02,0,0,0
240673792,lyhue1991/eat_tensorflow2_in_30_days,Python,2025-03,0,0,0
240673792,lyhue1991/eat_tensorflow2_in_30_days,Python,2025-04,0,0,0
240673792,lyhue1991/eat_tensorflow2_in_30_days,Python,2025-05,0,0,0
240673792,lyhue1991/eat_tensorflow2_in_30_days,Python,2025-06,0,0,0
240673792,lyhue1991/eat_tensorflow2_in_30_days,Python,2025-07,0,0,0
240673792,lyhue1991/eat_tensorflow2_in_30_days,Python,2025-08,0,0,0
240673792,lyhue1991/eat_tensorflow2_in_30_days,Python,2025-09,0,0,0
240673792,lyhue1991/eat_tensorflow2_in_30_days,Python,2025-10,0,0,0
240673792,lyhue1991/eat_tensorflow2_in_30_days,Python,2025-11,0,0,0
240673792,lyhue1991/eat_tensorflow2_in_30_days,Python,2025-12,0,0,0
240673792,lyhue1991/eat_tensorflow2_in_30_days,Python,2026-01,0,0,0
240673792,lyhue1991/eat_tensorflow2_in_30_days,Python,2026-02,0,0,0
240673792,lyhue1991/eat_tensorflow2_in_30_days,Python,2026-03,0,0,0
240673792,lyhue1991/eat_tensorflow2_in_30_days,Python,2026-04,0,0,0
240673792,lyhue1991/eat_tensorflow2_in_30_days,Python,2026-05,0,0,0
240673792,lyhue1991/eat_tensorflow2_in_30_days,Python,2026-06,0,0,0
240673792,lyhue1991/eat_tensorflow2_in_30_days,Python,2026-07,0,0,0
240673792,lyhue1991/eat_tensorflow2_in_30_days,Python,2026-08,0,0,0
337459381,Ugenteraan/Deep_Hierarchical_Classification,Python,2021-02,2,2,0
337459381,Ugenteraan/Deep_Hierarchical_Classification,Python,2021-03,0,0,0
337459381,Ugenteraan/Deep_Hierarchical_Classification,Python,2021-04,0,0,0
337459381,Ugenteraan/Deep_Hierarchical_Classification,Python,2021-05,0,0,0
337459381,Ugenteraan/Deep_Hierarchical_Classification,Python,2021-06,0,0,0
337459381,Ugenteraan/Deep_Hierarchical_Classification,Python,2021-07,0,0,0
337459381,Ugenteraan/Deep_Hierarchical_Classification,Python,2021-08,0,0,0
337459381,Ugenteraan/Deep_Hierarchical_Classification,Python,2021-09,0,0,0
337459381,Ugenteraan/Deep_Hierarchical_Classification,Python,2021-10,0,0,0
337459381,Ugenteraan/Deep_Hierarchical_Classification,Python,2021-11,0,0,0
337459381,Ugenteraan/Deep_Hierarchical_Classification,Python,2021-12,0,0,0
337459381,Ugenteraan/Deep_Hierarchical_Classification,Python,2022-01,2,0,2
337459381,Ugenteraan/Deep_Hierarchical_Classification,Python,2022-02,0,0,0
337459381,Ugenteraan/Deep_Hierarchical_Classification,Python,2022-03,0,0,0
337459381,Ugenteraan/Deep_Hierarchical_Classification,Python,2022-04,0,0,0
337459381,Ugenteraan/Deep_Hierarchical_Classification,Python,2022-05,0,0,0
337459381,Ugenteraan/Deep_Hierarchical_Classification,Python,2022-06,0,0,0
337459381,Ugenteraan/Deep_Hierarchical_Classification,Python,2022-07,0,0,0
337459381,Ugenteraan/Deep_Hierarchical_Classification,Python,2022-08,0,0,0
337459381,Ugenteraan/Deep_Hierarchical_Classification,Python,2022-09,0,0,0
337459381,Ugenteraan/Deep_Hierarchical_Classification,Python,2022-10,0,0,0
337459381,Ugenteraan/Deep_Hierarchical_Classification,Python,2022-11,0,0,0
337459381,Ugenteraan/Deep_Hierarchical_Classification,Python,2022-12,0,0,0
337459381,Ugenteraan/Deep_Hierarchical_Classification,Python,2023-01,0,0,0
337459381,Ugenteraan/Deep_Hierarchical_Classification,Python,2023-02,0,0,0
337459381,Ugenteraan/Deep_Hierarchical_Classification,Python,2023-03,0,0,0
337459381,Ugenteraan/Deep_Hierarchical_Classification,Python,2023-04,0,0,0
337459381,Ugenteraan/Deep_Hierarchical_Classification,Python,2023-05,0,0,0
337459381,Ugenteraan/Deep_Hierarchical_Classification,Python,2023-06,0,0,0
337459381,Ugenteraan/Deep_Hierarchical_Classification,Python,2023-07,0,0,0
337459381,Ugenteraan/Deep_Hierarchical_Classification,Python,2023-08,0,0,0
337459381,Ugenteraan/Deep_Hierarchical_Classification,Python,2023-09,0,0,0
337459381,Ugenteraan/Deep_Hierarchical_Classification,Python,2023-10,0,0,0
337459381,Ugenteraan/Deep_Hierarchical_Classification,Python,2023-11,0,0,0
337459381,Ugenteraan/Deep_Hierarchical_Classification,Python,2023-12,0,0,0
337459381,Ugenteraan/Deep_Hierarchical_Classification,Python,2024-01,0,0,0
337459381,Ugenteraan/Deep_Hierarchical_Classification,Python,2024-02,0,0,0
337459381,Ugenteraan/Deep_Hierarchical_Classification,Python,2024-03,0,0,0
337459381,Ugenteraan/Deep_Hierarchical_Classification,Python,2024-04,0,0,0
337459381,Ugenteraan/Deep_Hierarchical_Classification,Python,2024-05,0,0,0
337459381,Ugenteraan/Deep_Hierarchical_Classification,Python,2024-06,0,0,0
337459381,Ugenteraan/Deep_Hierarchical_Classification,Python,2024-07,0,0,0
337459381,Ugenteraan/Deep_Hierarchical_Classification,Python,2024-08,0,0,0
337459381,Ugenteraan/Deep_Hierarchical_Classification,Python,2024-09,0,0,0
337459381,Ugenteraan/Deep_Hierarchical_Classification,Python,2024-10,0,0,0
337459381,Ugenteraan/Deep_Hierarchical_Classification,Python,2024-11,0,0,0
337459381,Ugenteraan/Deep_Hierarchical_Classification,Python,2024-12,0,0,0
337459381,Ugenteraan/Deep_Hierarchical_Classification,Python,2025-01,0,0,0
337459381,Ugenteraan/Deep_Hierarchical_Classification,Python,2025-02,0,0,0
337459381,Ugenteraan/Deep_Hierarchical_Classification,Python,2025-03,0,0,0
337459381,Ugenteraan/Deep_Hierarchical_Classification,Python,2025-04,0,0,0
337459381,Ugenteraan/Deep_Hierarchical_Classification,Python,2025-05,0,0,0
337459381,Ugenteraan/Deep_Hierarchical_Classification,Python,2025-06,0,0,0
337459381,Ugenteraan/Deep_Hierarchical_Classification,Python,2025-07,0,0,0
337459381,Ugenteraan/Deep_Hierarchical_Classification,Python,2025-08,0,0,0
337459381,Ugenteraan/Deep_Hierarchical_Classification,Python,2025-09,0,0,0
337459381,Ugenteraan/Deep_Hierarchical_Classification,Python,2025-10,0,0,0
337459381,Ugenteraan/Deep_Hierarchical_Classification,Python,2025-11,0,0,0
337459381,Ugenteraan/Deep_Hierarchical_Classification,Python,2025-12,0,0,0
337459381,Ugenteraan/Deep_Hierarchical_Classification,Python,2026-01,0,0,0
337459381,Ugenteraan/Deep_Hierarchical_Classification,Python,2026-02,0,0,0
337459381,Ugenteraan/Deep_Hierarchical_Classification,Python,2026-03,0,0,0
337459381,Ugenteraan/Deep_Hierarchical_Classification,Python,2026-04,0,0,0
337459381,Ugenteraan/Deep_Hierarchical_Classification,Python,2026-05,0,0,0
337459381,Ugenteraan/Deep_Hierarchical_Classification,Python,2026-06,0,0,0
337459381,Ugenteraan/Deep_Hierarchical_Classification,Python,2026-07,0,0,0
337459381,Ugenteraan/Deep_Hierarchical_Classification,Python,2026-08,0,0,0
337459381,Ugenteraan/Deep_Hierarchical_Classification,Python,2026-09,0,0,0
352933140,ToolJet/ToolJet,JavaScript,2021-03,1,1,0
352933140,ToolJet/ToolJet,JavaScript,2021-04,5,4,1
352933140,ToolJet/ToolJet,JavaScript,2021-05,5,3,2
352933140,ToolJet/ToolJet,JavaScript,2021-06,22,17,5
352933140,ToolJet/ToolJet,JavaScript,2021-07,14,6,8
352933140,ToolJet/ToolJet,JavaScript,2021-08,20,12,8
352933140,ToolJet/ToolJet,JavaScript,2021-09,13,1,12
352933140,ToolJet/ToolJet,JavaScript,2021-10,78,68,10
352933140,ToolJet/ToolJet,JavaScript,2021-11,11,2,9
352933140,ToolJet/ToolJet,JavaScript,2021-12,12,4,8
352933140,ToolJet/ToolJet,JavaScript,2022-01,22,8,14
352933140,ToolJet/ToolJet,JavaScript,2022-02,24,8,16
352933140,ToolJet/ToolJet,JavaScript,2022-03,34,22,12
352933140,ToolJet/ToolJet,JavaScript,2022-04,30,12,18
352933140,ToolJet/ToolJet,JavaScript,2022-05,27,11,16
352933140,ToolJet/ToolJet,JavaScript,2022-06,40,28,12
352933140,ToolJet/ToolJet,JavaScript,2022-07,28,13,15
352933140,ToolJet/ToolJet,JavaScript,2022-08,33,13,20
352933140,ToolJet/ToolJet,JavaScript,2022-09,23,6,17
352933140,ToolJet/ToolJet,JavaScript,2022-10,75,52,23
352933140,ToolJet/ToolJet,JavaScript,2022-11,39,13,26
352933140,ToolJet/ToolJet,JavaScript,2022-12,33,9,24
352933140,ToolJet/ToolJet,JavaScript,2023-01,46,23,23
352933140,ToolJet/ToolJet,JavaScript,2023-02,22,4,18
352933140,ToolJet/ToolJet,JavaScript,2023-03,23,8,15
352933140,ToolJet/ToolJet,JavaScript,2023-04,35,12,23
352933140,ToolJet/ToolJet,JavaScript,2023-05,42,18,24
352933140,ToolJet/ToolJet,JavaScript,2023-06,40,20,20
352933140,ToolJet/ToolJet,JavaScript,2023-07,38,12,26
352933140,ToolJet/ToolJet,JavaScript,2023-08,48,24,24
352933140,ToolJet/ToolJet,JavaScript,2023-09,39,15,24
352933140,ToolJet/ToolJet,JavaScript,2023-10,88,63,25
352933140,ToolJet/ToolJet,JavaScript,2023-11,36,12,24
352933140,ToolJet/ToolJet,JavaScript,2023-12,45,14,31
352933140,ToolJet/ToolJet,JavaScript,2024-01,33,7,26
352933140,ToolJet/ToolJet,JavaScript,2024-02,35,3,32
352933140,ToolJet/ToolJet,JavaScript,2024-03,37,5,32
352933140,ToolJet/ToolJet,JavaScript,2024-04,52,20,32
352933140,ToolJet/ToolJet,JavaScript,2024-05,46,9,37
352933140,ToolJet/ToolJet,JavaScript,2024-06,42,5,37
352933140,ToolJet/ToolJet,JavaScript,2024-07,46,11,35
352933140,ToolJet/ToolJet,JavaScript,2024-08,34,6,28
352933140,ToolJet/ToolJet,JavaScript,2024-09,25,10,15
352933140,ToolJet/ToolJet,JavaScript,2024-10,78,56,22
352933140,ToolJet/ToolJet,JavaScript,2024-11,43,10,33
352933140,ToolJet/ToolJet,JavaScript,2024-12,57,20,37
352933140,ToolJet/ToolJet,JavaScript,2025-01,35,6,29
352933140,ToolJet/ToolJet,JavaScript,2025-02,36,2,34
352933140,ToolJet/ToolJet,JavaScript,2025-03,54,11,43
352933140,ToolJet/ToolJet,JavaScript,2025-04,47,7,40
352933140,ToolJet/ToolJet,JavaScript,2025-05,42,3,39
352933140,ToolJet/ToolJet,JavaScript,2025-06,52,10,42
352933140,ToolJet/ToolJet,JavaScript,2025-07,53,5,48
352933140,ToolJet/ToolJet,JavaScript,2025-08,48,6,42
352933140,ToolJet/ToolJet,JavaScript,2025-09,52,3,49
352933140,ToolJet/ToolJet,JavaScript,2025-10,52,3,49
352933140,ToolJet/ToolJet,JavaScript,2025-11,56,4,52
352933140,ToolJet/ToolJet,JavaScript,2025-12,54,8,46
352933140,ToolJet/ToolJet,JavaScript,2026-01,57,4,53
352933140,ToolJet/ToolJet,JavaScript,2026-02,59,6,53
352933140,ToolJet/ToolJet,JavaScript,2026-03,62,4,58
352933140,ToolJet/ToolJet,JavaScript,2026-04,65,4,61
352933140,ToolJet/ToolJet,JavaScript,2026-05,57,2,55
352933140,ToolJet/ToolJet,JavaScript,2026-06,59,1,58
352933140,ToolJet/ToolJet,JavaScript,2026-07,58,4,54
352933140,ToolJet/ToolJet,JavaScript,2026-08,56,3,53
439491516,ange-yaghi/engine-sim,C++,2021-12,2,2,0
439491516,ange-yaghi/engine-sim,C++,2022-01,1,0,1
439491516,ange-yaghi/engine-sim,C++,2022-02,1,0,1
439491516,ange-yaghi/engine-sim,C++,2022-03,1,0,1
439491516,ange-yaghi/engine-sim,C++,2022-04,1,0,1
439491516,ange-yaghi/engine-sim,C++,2022-05,1,0,1
439491516,ange-yaghi/engine-sim,C++,2022-06,1,0,1
439491516,ange-yaghi/engine-sim,C++,2022-07,1,0,1
439491516,ange-yaghi/engine-sim,C++,2022-08,7,6,1
439491516,ange-yaghi/engine-sim,C++,2022-09,1,0,1
439491516,ange-yaghi/engine-sim,C++,2022-10,1,0,1
439491516,ange-yaghi/engine-sim,C++,2022-11,1,0,1
439491516,ange-yaghi/engine-sim,C++,2022-12,0,0,0
439491516,ange-yaghi/engine-sim,C++,2023-01,1,0,1
439491516,ange-yaghi/engine-sim,C++,2023-02,0,0,0
439491516,ange-yaghi/engine-sim,C++,2023-03,0,0,0
439491516,ange-yaghi/engine-sim,C++,2023-04,0,0,0
439491516,ange-yaghi/engine-sim,C++,2023-05,0,0,0
439491516,ange-yaghi/engine-sim,C++,2023-06,0,0,0
439491516,ange-yaghi/engine-sim,C++,2023-07,0,0,0
439491516,ange-yaghi/engine-sim,C++,2023-08,0,0,0
439491516,ange-yaghi/engine-sim,C++,2023-09,0,0,0
439491516,ange-yaghi/engine-sim,C++,2023-10,0,0,0
439491516,ange-yaghi/engine-sim,C++,2023-11,0,0,0
439491516,ange-yaghi/engine-sim,C++,2023-12,0,0,0
439491516,ange-yaghi/engine-sim,C++,2024-01,0,0,0
439491516,ange-yaghi/engine-sim,C++,2024-02,0,0,0
439491516,ange-yaghi/engine-sim,C++,2024-03,0,0,0
439491516,ange-yaghi/engine-sim,C++,2024-04,0,0,0
439491516,ange-yaghi/engine-sim,C++,2024-05,0,0,0
439491516,ange-yaghi/engine-sim,C++,2024-06,0,0,0
439491516,ange-yaghi/engine-sim,C++,2024-07,0,0,0
439491516,ange-yaghi/engine-sim,C++,2024-08,0,0,0
439491516,ange-yaghi/engine-sim,C++,2024-09,0,0,0
439491516,ange-yaghi/engine-sim,C++,2024-10,0,0,0
439491516,ange-yaghi/engine-sim,C++,2024-11,0,0,0
439491516,ange-yaghi/engine-sim,C++,2024-12,0,0,0
439491516,ange-yaghi/engine-sim,C++,2025-01,0,0,0
439491516,ange-yaghi/engine-sim,C++,2025-02,0,0,0
439491516,ange-yaghi/engine-sim,C++,2025-03,0,0,0
439491516,ange-yaghi/engine-sim,C++,2025-04,0,0,0
439491516,ange-yaghi/engine-sim,C++,2025-05,0,0,0
439491516,ange-yaghi/engine-sim,C++,2025-06,0,0,0
439491516,ange-yaghi/engine-sim,C++,2025-07,0,0,0
439491516,ange-yaghi/engine-sim,C++,2025-08,0,0,0
439491516,ange-yaghi/engine-sim,C++,2025-09,0,0,0
439491516,ange-yaghi/engine-sim,C++,2025-10,0,0,0
439491516,ange-yaghi/engine-sim,C++,2025-11,0,0,0
439491516,ange-yaghi/engine-sim,C++,2025-12,0,0,0
439491516,ange-yaghi/engine-sim,C++,2026-01,0,0,0
439491516,ange-yaghi/engine-sim,C++,2026-02,0,0,0
439491516,ange-yaghi/engine-sim,C++,2026-03,0,0,0
439491516,ange-yaghi/engine-sim,C++,2026-04,0,0,0
439491516,ange-yaghi/engine-sim,C++,2026-05,0,0,0
439491516,ange-yaghi/engine-sim,C++,2026-06,0,0,0
439491516,ange-yaghi/engine-sim,C++,2026-07,0,0,0
439491516,ange-yaghi/engine-sim,C++,2026-08,0,0,0
579676275,Flipper-XFW/Xtreme-Firmware,C,2022-12,62,62,0
579676275,Flipper-XFW/Xtreme-Firmware,C,2023-01,51,31,20
579676275,Flipper-XFW/Xtreme-Firmware,C,2023-02,54,25,29
579676275,Flipper-XFW/Xtreme-Firmware,C,2023-03,37,17,20
579676275,Flipper-XFW/Xtreme-Firmware,C,2023-04,29,10,19
579676275,Flipper-XFW/Xtreme-Firmware,C,2023-05,42,19,23
579676275,Flipper-XFW/Xtreme-Firmware,C,2023-06,36,9,27
579676275,Flipper-XFW/Xtreme-Firmware,C,2023-07,35,10,25
579676275,Flipper-XFW/Xtreme-Firmware,C,2023-08,46,20,26
579676275,Flipper-XFW/Xtreme-Firmware,C,2023-09,27,9,18
579676275,Flipper-XFW/Xtreme-Firmware,C,2023-10,26,5,21
579676275,Flipper-XFW/Xtreme-Firmware,C,2023-11,30,11,19
579676275,Flipper-XFW/Xtreme-Firmware,C,2023-12,37,14,23
579676275,Flipper-XFW/Xtreme-Firmware,C,2024-01,21,6,15
579676275,Flipper-XFW/Xtreme-Firmware,C,2024-02,41,18,23
579676275,Flipper-XFW/Xtreme-Firmware,C,2024-03,18,6,12
579676275,Flipper-XFW/Xtreme-Firmware,C,2024-04,3,1,2
579676275,Flipper-XFW/Xtreme-Firmware,C,2024-05,0,0,0
579676275,Flipper-XFW/Xtreme-Firmware,C,2024-06,0,0,0
579676275,Flipper-XFW/Xtreme-Firmware,C,2024-07,0,0,0
579676275,Flipper-XFW/Xtreme-Firmware,C,2024-08,0,0,0
579676275,Flipper-XFW/Xtreme-Firmware,C,2024-09,0,0,0
579676275,Flipper-XFW/Xtreme-Firmware,C,2024-10,0,0,0
579676275,Flipper-XFW/Xtreme-Firmware,C,2024-11,1,1,0
579676275,Flipper-XFW/Xtreme-Firmware,C,2024-12,0,0,0
579676275,Flipper-XFW/Xtreme-Firmware,C,2025-01,0,0,0
579676275,Flipper-XFW/Xtreme-Firmware,C,2025-02,0,0,0
579676275,Flipper-XFW/Xtreme-Firmware,C,2025-03,0,0,0
579676275,Flipper-XFW/Xtreme-Firmware,C,2025-04,0,0,0
579676275,Flipper-XFW/Xtreme-Firmware,C,2025-05,0,0,0
579676275,Flipper-XFW/Xtreme-Firmware,C,2025-06,0,0,0
579676275,Flipper-XFW/Xtreme-Firmware,C,2025-07,0,0,0
579676275,Flipper-XFW/Xtreme-Firmware,C,2025-08,0,0,0
579676275,Flipper-XFW/Xtreme-Firmware,C,2025-09,0,0,0
579676275,Flipper-XFW/Xtreme-Firmware,C,2025-10,0,0,0
579676275,Flipper-XFW/Xtreme-Firmware,C,2025-11,0,0,0
579676275,Flipper-XFW/Xtreme-Firmware,C,2025-12,0,0,0
579676275,Flipper-XFW/Xtreme-Firmware,C,2026-01,0,0,0
579676275,Flipper-XFW/Xtreme-Firmware,C,2026-02,0,0,0
579676275,Flipper-XFW/Xtreme-Firmware,C,2026-03,0,0,0
579676275,Flipper-XFW/Xtreme-Firmware,C,2026-04,0,0,0
579676275,Flipper-XFW/Xtreme-Firmware,C,2026-05,0,0,0
579676275,Flipper-XFW/Xtreme-Firmware,C,2026-06,0,0,0
579676275,Flipper-XFW/Xtreme-Firmware,C,2026-07,0,0,0
579676275,Flipper-XFW/Xtreme-Firmware,C,2026-08,0,0,0
585146387,shadcn-ui/ui,TypeScript,2023-01,14,14,0
585146387,shadcn-ui/ui,TypeScript,2023-02,17,14,3
585146387,shadcn-ui/ui,TypeScript,2023-03,6,5,1
585146387,shadcn-ui/ui,TypeScript,2023-04,15,11,4
585146387,shadcn-ui/ui,TypeScript,2023-05,30,28,2
585146387,shadcn-ui/ui,TypeScript,2023-06,15,13,2
585146387,shadcn-ui/ui,TypeScript,2023-07,13,10,3
585146387,shadcn-ui/ui,TypeScript,2023-08,22,17,5
585146387,shadcn-ui/ui,TypeScript,2023-09,14,10,4
585146387,shadcn-ui/ui,TypeScript,2023-10,27,22,5
585146387,shadcn-ui/ui,TypeScript,2023-11,22,19,3
585146387,shadcn-ui/ui,TypeScript,2023-12,8,6,2
585146387,shadcn-ui/ui,TypeScript,2024-01,18,12,6
585146387,shadcn-ui/ui,TypeScript,2024-02,1,0,1
585146387,shadcn-ui/ui,TypeScript,2024-03,12,10,2
585146387,shadcn-ui/ui,TypeScript,2024-04,3,2,1
585146387,shadcn-ui/ui,TypeScript,2024-05,1,1,0
585146387,shadcn-ui/ui,TypeScript,2024-06,2,0,2
585146387,shadcn-ui/ui,TypeScript,2024-07,17,16,1
585146387,shadcn-ui/ui,TypeScript,2024-08,9,7,2
585146387,shadcn-ui/ui,TypeScript,2024-09,15,13,2
585146387,shadcn-ui/ui,TypeScript,2024-10,15,12,3
585146387,shadcn-ui/ui,TypeScript,2024-11,10,5,5
585146387,shadcn-ui/ui,TypeScript,2024-12,5,3,2
585146387,shadcn-ui/ui,TypeScript,2025-01,5,2,3
585146387,shadcn-ui/ui,TypeScript,2025-02,17,16,1
585146387,shadcn-ui/ui,TypeScript,2025-03,18,14,4
585146387,shadcn-ui/ui,TypeScript,2025-04,6,3,3
585146387,shadcn-ui/ui,TypeScript,2025-05,4,2,2
585146387,shadcn-ui/ui,TypeScript,2025-06,8,6,2
585146387,shadcn-ui/ui,TypeScript,2025-07,5,3,2
585146387,shadcn-ui/ui,TypeScript,2025-08,4,2,2
585146387,shadcn-ui/ui,TypeScript,2025-09,32,29,3
585146387,shadcn-ui/ui,TypeScript,2025-10,63,56,7
585146387,shadcn-ui/ui,TypeScript,2025-11,37,22,15
585146387,shadcn-ui/ui,TypeScript,2025-12,36,26,10
585146387,shadcn-ui/ui,TypeScript,2026-01,44,32,12
585146387,shadcn-ui/ui,TypeScript,2026-02,48,37,11
585146387,shadcn-ui/ui,TypeScript,2026-03,59,41,18
585146387,shadcn-ui/ui,TypeScript,2026-04,35,20,15
585146387,shadcn-ui/ui,TypeScript,2026-05,27,18,9
585146387,shadcn-ui/ui,TypeScript,2026-06,38,29,9
585146387,shadcn-ui/ui,TypeScript,2026-07,50,39,11
585146387,shadcn-ui/ui,TypeScript,2026-08,48,32,16
762147600,SquirrelCorporation/SquirrelServersManager,TypeScript,2024-02,2,2,0
762147600,SquirrelCorporation/SquirrelServersManager,TypeScript,2024-03,1,0,1
762147600,SquirrelCorporation/SquirrelServersManager,TypeScript,2024-04,1,0,1
762147600,SquirrelCorporation/SquirrelServersManager,TypeScript,2024-05,3,2,1
762147600,SquirrelCorporation/SquirrelServersManager,TypeScript,2024-06,6,4,2
762147600,SquirrelCorporation/SquirrelServersManager,TypeScript,2024-07,4,1,3
762147600,SquirrelCorporation/SquirrelServersManager,TypeScript,2024-08,6,2,4
762147600,SquirrelCorporation/SquirrelServersManager,TypeScript,2024-09,4,1,3
762147600,SquirrelCorporation/SquirrelServersManager,TypeScript,2024-10,4,1,3
762147600,SquirrelCorporation/SquirrelServersManager,TypeScript,2024-11,3,0,3
762147600,SquirrelCorporation/SquirrelServersManager,TypeScript,2024-12,3,0,3
762147600,SquirrelCorporation/SquirrelServersManager,TypeScript,2025-01,3,0,3
762147600,SquirrelCorporation/SquirrelServersManager,TypeScript,2025-02,3,0,3
762147600,SquirrelCorporation/SquirrelServersManager,TypeScript,2025-03,1,0,1
762147600,SquirrelCorporation/SquirrelServersManager,TypeScript,2025-04,4,1,3
762147600,SquirrelCorporation/SquirrelServersManager,TypeScript,2025-05,4,2,2
762147600,SquirrelCorporation/SquirrelServersManager,TypeScript,2025-06,3,0,3
762147600,SquirrelCorporation/SquirrelServersManager,TypeScript,2025-07,4,1,3
762147600,SquirrelCorporation/SquirrelServersManager,TypeScript,2025-08,1,0,1
762147600,SquirrelCorporation/SquirrelServersManager,TypeScript,2025-09,1,0,1
762147600,SquirrelCorporation/SquirrelServersManager,TypeScript,2025-10,1,0,1
762147600,SquirrelCorporation/SquirrelServersManager,TypeScript,2025-11,1,0,1
762147600,SquirrelCorporation/SquirrelServersManager,TypeScript,2025-12,0,0,0
762147600,SquirrelCorporation/SquirrelServersManager,TypeScript,2026-01,0,0,0
762147600,SquirrelCorporation/SquirrelServersManager,TypeScript,2026-02,0,0,0
762147600,SquirrelCorporation/SquirrelServersManager,TypeScript,2026-03,0,0,0
762147600,SquirrelCorporation/SquirrelServersManager,TypeScript,2026-04,0,0,0
762147600,SquirrelCorporation/SquirrelServersManager,TypeScript,2026-05,0,0,0
762147600,SquirrelCorporation/SquirrelServersManager,TypeScript,2026-06,0,0,0
762147600,SquirrelCorporation/SquirrelServersManager,TypeScript,2026-07,0,0,0
762147600,SquirrelCorporation/SquirrelServersManager,TypeScript,2026-08,0,0,0
762147600,SquirrelCorporation/SquirrelServersManager,TypeScript,2026-09,0,0,0
1051153247,Latias94/dear-imgui-rs,Rust,2025-09,1,1,0
1051153247,Latias94/dear-imgui-rs,Rust,2025-10,2,1,1
1051153247,Latias94/dear-imgui-rs,Rust,2025-11,1,0,1
1051153247,Latias94/dear-imgui-rs,Rust,2025-12,2,1,1
1051153247,Latias94/dear-imgui-rs,Rust,2026-01,1,0,1
1051153247,Latias94/dear-imgui-rs,Rust,2026-02,2,1,1
1051153247,Latias94/dear-imgui-rs,Rust,2026-03,4,1,3
1051153247,Latias94/dear-imgui-rs,Rust,2026-04,2,0,2
1051153247,Latias94/dear-imgui-rs,Rust,2026-05,1,0,1
1051153247,Latias94/dear-imgui-rs,Rust,2026-06,2,1,1
1051153247,Latias94/dear-imgui-rs,Rust,2026-07,2,1,1
1051153247,Latias94/dear-imgui-rs,Rust,2026-08,3,2,1
